condition_id,event_start_ms,event_start_utc,decision_time_ms,decision_time_utc,decision_offset_seconds,winning_outcome,label_up,control_id,control_probability_up,control_log_loss,control_brier_score,challenger_id,challenger_probability_up,challenger_log_loss,challenger_brier_score,paired_log_loss_advantage
0x4b5b60a4a8977ec48fba30aad8c6aa7245aa43fa2c85714a9cd422c881e74e7b,1782086700000,2026-06-22T00:05:00Z,1782086730000,2026-06-22T00:05:30Z,30,Up,1,calendar_ridge_logistic-l2-10,0.4842180798475061,0.7252198955480528,0.2660309891561936,lgbm-depth2-leaves3,0.7666752825203754,0.2656919277260974,0.05444042378694663,0.4595279678219554
0x4b5b60a4a8977ec48fba30aad8c6aa7245aa43fa2c85714a9cd422c881e74e7b,1782086700000,2026-06-22T00:05:00Z,1782086760000,2026-06-22T00:06:00Z,60,Up,1,calendar_ridge_logistic-l2-10,0.4842319337309126,0.7251912851227066,0.26601669818295365,lgbm-depth2-leaves3,0.7751726381881147,0.25466951548347555,0.0505473426192924,0.47052176963923104
0x4b5b60a4a8977ec48fba30aad8c6aa7245aa43fa2c85714a9cd422c881e74e7b,1782086700000,2026-06-22T00:05:00Z,1782086790000,2026-06-22T00:06:30Z,90,Up,1,calendar_ridge_logistic-l2-10,0.4842458211633824,0.7251626062348322,0.2660023729874337,lgbm-depth2-leaves3,0.688949052956921,0.3725879541611812,0.09675269165639634,0.352574652073651
0x4b5b60a4a8977ec48fba30aad8c6aa7245aa43fa2c85714a9cd422c881e74e7b,1782086700000,2026-06-22T00:05:00Z,1782086820000,2026-06-22T00:07:00Z,120,Up,1,calendar_ridge_logistic-l2-10,0.4842597420761319,0.7251338590323816,0.26598801364337804,lgbm-depth2-leaves3,0.6905740217064846,0.37023211172410236,0.09574443604289905,0.3549017473082792
0x4b5b60a4a8977ec48fba30aad8c6aa7245aa43fa2c85714a9cd422c881e74e7b,1782086700000,2026-06-22T00:05:00Z,1782086850000,2026-06-22T00:07:30Z,150,Up,1,calendar_ridge_logistic-l2-10,0.4842736964233649,0.7251050436158369,0.26597362020081955,lgbm-depth2-leaves3,0.663664790612526,0.409978090391865,0.11312137307371596,0.31512695322397194
0x4b5b60a4a8977ec48fba30aad8c6aa7245aa43fa2c85714a9cd422c881e74e7b,1782086700000,2026-06-22T00:05:00Z,1782086880000,2026-06-22T00:08:00Z,180,Up,1,calendar_ridge_logistic-l2-10,0.4842876836846394,0.7250761610657729,0.26595919319935446,lgbm-depth2-leaves3,0.24662869147384917,1.3998713467884807,0.5675683285104048,-0.6747951857227078
0x4b5b60a4a8977ec48fba30aad8c6aa7245aa43fa2c85714a9cd422c881e74e7b,1782086700000,2026-06-22T00:05:00Z,1782086910000,2026-06-22T00:08:30Z,210,Up,1,calendar_ridge_logistic-l2-10,0.4843017046830073,0.7250472096885696,0.26594473179285216,lgbm-depth2-leaves3,0.5968439075794828,0.5160996611174103,0.1625348348557806,0.20894754857115927
0x4b5b60a4a8977ec48fba30aad8c6aa7245aa43fa2c85714a9cd422c881e74e7b,1782086700000,2026-06-22T00:05:00Z,1782086940000,2026-06-22T00:09:00Z,240,Up,1,calendar_ridge_logistic-l2-10,0.48431575849232533,0.7250181914025005,0.26593023693934575,lgbm-depth2-leaves3,0.6445310826908237,0.43923223016173757,0.126358151172958,0.2857859612407629
0x5ac5f35241be8707aa31b3a0af2f0eede57d0da72263fc6e70fe80877ce8a735,1782087000000,2026-06-22T00:10:00Z,1782087030000,2026-06-22T00:10:30Z,30,Down,0,calendar_ridge_logistic-l2-10,0.48435803713361264,0.662342624754042,0.23460270813592607,lgbm-depth2-leaves3,0.4852538064897753,0.6640813279335865,0.23547125671281627,-0.0017387031795444985
0x5ac5f35241be8707aa31b3a0af2f0eede57d0da72263fc6e70fe80877ce8a735,1782087000000,2026-06-22T00:10:00Z,1782087060000,2026-06-22T00:11:00Z,60,Down,0,calendar_ridge_logistic-l2-10,0.48437222278481806,0.6623701357934044,0.23461645020550542,lgbm-depth2-leaves3,0.268407243842766,0.3125312638850932,0.07204244854727004,0.3498388719083112
0x5ac5f35241be8707aa31b3a0af2f0eede57d0da72263fc6e70fe80877ce8a735,1782087000000,2026-06-22T00:10:00Z,1782087090000,2026-06-22T00:11:30Z,90,Down,0,calendar_ridge_logistic-l2-10,0.4843864413547307,0.6623977114334008,0.23463022456829996,lgbm-depth2-leaves3,0.32034318092799247,0.38616728603998973,0.10261975356706451,0.276230425393411
0x5ac5f35241be8707aa31b3a0af2f0eede57d0da72263fc6e70fe80877ce8a735,1782087000000,2026-06-22T00:10:00Z,1782087120000,2026-06-22T00:12:00Z,120,Down,0,calendar_ridge_logistic-l2-10,0.48440069275158476,0.6624253515013757,0.23464403113821522,lgbm-depth2-leaves3,0.24662869147384917,0.28319706710644593,0.06082571145810308,0.3792282843949298
0x5ac5f35241be8707aa31b3a0af2f0eede57d0da72263fc6e70fe80877ce8a735,1782087000000,2026-06-22T00:10:00Z,1782087150000,2026-06-22T00:12:30Z,150,Down,0,calendar_ridge_logistic-l2-10,0.48441497652386933,0.6624530551269253,0.23465786948062087,lgbm-depth2-leaves3,0.2960188213829822,0.3510036581004878,0.08762714261296992,0.31144939702643754
0x5ac5f35241be8707aa31b3a0af2f0eede57d0da72263fc6e70fe80877ce8a735,1782087000000,2026-06-22T00:10:00Z,1782087180000,2026-06-22T00:13:00Z,180,Down,0,calendar_ridge_logistic-l2-10,0.48442929300851006,0.6624808229688112,0.2346717399247249,lgbm-depth2-leaves3,0.5136091846900557,0.7207428315061132,0.2637943945979837,-0.05826200853730201
0x5ac5f35241be8707aa31b3a0af2f0eede57d0da72263fc6e70fe80877ce8a735,1782087000000,2026-06-22T00:10:00Z,1782087210000,2026-06-22T00:13:30Z,210,Down,0,calendar_ridge_logistic-l2-10,0.4844436421597002,0.6625086549435124,0.23468564242895565,lgbm-depth2-leaves3,0.5015687024793364,0.6962895174919888,0.25157116330680507,-0.03378086254847634
0x5ac5f35241be8707aa31b3a0af2f0eede57d0da72263fc6e70fe80877ce8a735,1782087000000,2026-06-22T00:10:00Z,1782087240000,2026-06-22T00:14:00Z,240,Down,0,calendar_ridge_logistic-l2-10,0.48445802390866255,0.6625365509229549,0.23469957692948626,lgbm-depth2-leaves3,0.6528852694389121,1.0580999180604584,0.42625917505032085,-0.3955633671375035
0x2e4fbeb7e6d54bb4388a79fb14f770634c65f730de48ab075093d8f456793c05,1782087300000,2026-06-22T00:15:00Z,1782087330000,2026-06-22T00:15:30Z,30,Up,1,calendar_ridge_logistic-l2-10,0.4845012816817962,0.7246352022847508,0.26573892858771087,lgbm-depth2-leaves3,0.6275116168328846,0.46599309526646837,0.1387475955944518,0.2586421070182824
0x2e4fbeb7e6d54bb4388a79fb14f770634c65f730de48ab075093d8f456793c05,1782087300000,2026-06-22T00:15:00Z,1782087360000,2026-06-22T00:16:00Z,60,Up,1,calendar_ridge_logistic-l2-10,0.4845157922764479,0.724605253184693,0.26572396841237816,lgbm-depth2-leaves3,0.49135076213109913,0.7105970230787423,0.2587240471846138,0.014008230105950759
0x2e4fbeb7e6d54bb4388a79fb14f770634c65f730de48ab075093d8f456793c05,1782087300000,2026-06-22T00:15:00Z,1782087390000,2026-06-22T00:16:30Z,90,Up,1,calendar_ridge_logistic-l2-10,0.4845303355995993,0.7245752374347011,0.2657089749170617,lgbm-depth2-leaves3,0.6506134494639441,0.4298395927557823,0.12207096169548397,0.2947356446789188
0x2e4fbeb7e6d54bb4388a79fb14f770634c65f730de48ab075093d8f456793c05,1782087300000,2026-06-22T00:15:00Z,1782087420000,2026-06-22T00:17:00Z,120,Up,1,calendar_ridge_logistic-l2-10,0.4845449102733878,0.7245451578844254,0.26569394952506975,lgbm-depth2-leaves3,0.7666415121748548,0.26573597647798347,0.054456183840038454,0.45880918140644195
0x2e4fbeb7e6d54bb4388a79fb14f770634c65f730de48ab075093d8f456793c05,1782087300000,2026-06-22T00:15:00Z,1782087450000,2026-06-22T00:17:30Z,150,Up,1,calendar_ridge_logistic-l2-10,0.4845595175381042,0.7245150119800248,0.26567889096055186,lgbm-depth2-leaves3,0.6884758023778917,0.3732751068516788,0.09704732570409835,0.35123990512834596
0x2e4fbeb7e6d54bb4388a79fb14f770634c65f730de48ab075093d8f456793c05,1782087300000,2026-06-22T00:15:00Z,1782087480000,2026-06-22T00:18:00Z,180,Up,1,calendar_ridge_logistic-l2-10,0.48457415644458457,0.7244848016862862,0.26566380020481156,lgbm-depth2-leaves3,0.5373040368580999,0.6211911680462909,0.21408755430781057,0.10329363363999522
0x2e4fbeb7e6d54bb4388a79fb14f770634c65f730de48ab075093d8f456793c05,1782087300000,2026-06-22T00:15:00Z,1782087510000,2026-06-22T00:18:30Z,210,Up,1,calendar_ridge_logistic-l2-10,0.4845888269010573,0.7244545271984529,0.26564867735522824,lgbm-depth2-leaves3,0.7439110422255831,0.29583381819883486,0.06558155429398707,0.42862070899961807
0x2e4fbeb7e6d54bb4388a79fb14f770634c65f730de48ab075093d8f456793c05,1782087300000,2026-06-22T00:15:00Z,1782087540000,2026-06-22T00:19:00Z,240,Up,1,calendar_ridge_logistic-l2-10,0.4846035293363751,0.7244241876374271,0.26563352197252077,lgbm-depth2-leaves3,0.8077480213343607,0.2135051238820639,0.03696082330085341,0.5109190637553632
0x071480072f35e0fdf633600500e6723c8745ec6c721339877bb1c9dfba6af02a,1782087600000,2026-06-22T00:20:00Z,1782087630000,2026-06-22T00:20:30Z,30,Up,1,calendar_ridge_logistic-l2-10,0.4846477458592155,0.7243329491237359,0.26558794584798767,lgbm-depth2-leaves3,0.37142571475058556,0.9904063951135691,0.3951056320768123,-0.2660734459898332
0x071480072f35e0fdf633600500e6723c8745ec6c721339877bb1c9dfba6af02a,1782087600000,2026-06-22T00:20:00Z,1782087660000,2026-06-22T00:21:00Z,60,Up,1,calendar_ridge_logistic-l2-10,0.48466257504720833,0.724302351723349,0.2655726615569742,lgbm-depth2-leaves3,0.7324367524905042,0.31137828654169597,0.0715900914178277,0.41292406518165303
0x071480072f35e0fdf633600500e6723c8745ec6c721339877bb1c9dfba6af02a,1782087600000,2026-06-22T00:20:00Z,1782087690000,2026-06-22T00:21:30Z,90,Up,1,calendar_ridge_logistic-l2-10,0.4846774354643753,0.7242716908262293,0.26555734551957316,lgbm-depth2-leaves3,0.40329231420084805,0.908093634559765,0.3560600622917795,-0.18382194373353566
0x071480072f35e0fdf633600500e6723c8745ec6c721339877bb1c9dfba6af02a,1782087600000,2026-06-22T00:20:00Z,1782087720000,2026-06-22T00:22:00Z,120,Up,1,calendar_ridge_logistic-l2-10,0.4846923270189393,0.7242409666275974,0.2655419978331558,lgbm-depth2-leaves3,0.2724287820793105,1.3003780492044128,0.5293598771465954,-0.5761370825768154
0x071480072f35e0fdf633600500e6723c8745ec6c721339877bb1c9dfba6af02a,1782087600000,2026-06-22T00:20:00Z,1782087750000,2026-06-22T00:22:30Z,150,Up,1,calendar_ridge_logistic-l2-10,0.4847072500937989,0.7242101783433581,0.26552661810589473,lgbm-depth2-leaves3,0.3235098072614836,1.1285258493910193,0.4576389808713951,-0.4043156710476612
0x071480072f35e0fdf633600500e6723c8745ec6c721339877bb1c9dfba6af02a,1782087600000,2026-06-22T00:20:00Z,1782087780000,2026-06-22T00:23:00Z,180,Up,1,calendar_ridge_logistic-l2-10,0.48472220416847384,0.72417932705323,0.26551120687699603,lgbm-depth2-leaves3,0.29418414903877604,1.2235493504485517,0.4981760154681168,-0.49937002339532177
0x071480072f35e0fdf633600500e6723c8745ec6c721339877bb1c9dfba6af02a,1782087600000,2026-06-22T00:20:00Z,1782087810000,2026-06-22T00:23:30Z,210,Up,1,calendar_ridge_logistic-l2-10,0.4847371896258555,0.7241484119731786,0.26549576375466166,lgbm-depth2-leaves3,0.47073707477834126,0.7534555684796149,0.28011924401418714,-0.029307156506436338
0x071480072f35e0fdf633600500e6723c8745ec6c721339877bb1c9dfba6af02a,1782087600000,2026-06-22T00:20:00Z,1782087840000,2026-06-22T00:24:00Z,240,Up,1,calendar_ridge_logistic-l2-10,0.4847522059914277,0.7241174340880334,0.2654802892307001,lgbm-depth2-leaves3,0.6102100942765123,0.49395196426590576,0.15193617060392545,0.23016546982212766
0x2a059b6e05a67f89077bb2f61f44aed9d4bd064acc941af9f5775fe642838b9b,1782087900000,2026-06-22T00:25:00Z,1782087930000,2026-06-22T00:25:30Z,30,Up,1,calendar_ridge_logistic-l2-10,0.4847973604058414,0.7240242889492776,0.26543375984478845,lgbm-depth2-leaves3,0.6291927695721107,0.46331759932603994,0.1374980021376018,0.2607066896232377
0x2a059b6e05a67f89077bb2f61f44aed9d4bd064acc941af9f5775fe642838b9b,1782087900000,2026-06-22T00:25:00Z,1782087960000,2026-06-22T00:26:00Z,60,Up,1,calendar_ridge_logistic-l2-10,0.48481250009881793,0.7239930605272196,0.2654181600544305,lgbm-depth2-leaves3,0.5007616826245085,0.691624974454719,0.249238897535912,0.032368086072500524
0x2a059b6e05a67f89077bb2f61f44aed9d4bd064acc941af9f5775fe642838b9b,1782087900000,2026-06-22T00:25:00Z,1782087990000,2026-06-22T00:26:30Z,90,Up,1,calendar_ridge_logistic-l2-10,0.48482767123641396,0.7239617682230314,0.26540252832369643,lgbm-depth2-leaves3,0.5946037248592332,0.5198601039587283,0.1643461398980083,0.2041016642643031
0x2a059b6e05a67f89077bb2f61f44aed9d4bd064acc941af9f5775fe642838b9b,1782087900000,2026-06-22T00:25:00Z,1782088020000,2026-06-22T00:27:00Z,120,Up,1,calendar_ridge_logistic-l2-10,0.48484287244071034,0.7239304148847316,0.26538686607513823,lgbm-depth2-leaves3,0.8159277844772049,0.20342942734952438,0.03388258052747032,0.5205009875352072
0x2a059b6e05a67f89077bb2f61f44aed9d4bd064acc941af9f5775fe642838b9b,1782087900000,2026-06-22T00:25:00Z,1782088050000,2026-06-22T00:27:30Z,150,Up,1,calendar_ridge_logistic-l2-10,0.4848581045692807,0.7238989987493811,0.26537117242795416,lgbm-depth2-leaves3,0.675609788238057,0.3921396059384408,0.10522900948695825,0.3317593928109403
0x2a059b6e05a67f89077bb2f61f44aed9d4bd064acc941af9f5775fe642838b9b,1782087900000,2026-06-22T00:25:00Z,1782088080000,2026-06-22T00:28:00Z,180,Up,1,calendar_ridge_logistic-l2-10,0.4848733670097138,0.7238675210859626,0.265355448015909,lgbm-depth2-leaves3,0.42427285646574553,0.8573785013260885,0.3314617438021121,-0.13351098024012586
0x2a059b6e05a67f89077bb2f61f44aed9d4bd064acc941af9f5775fe642838b9b,1782087900000,2026-06-22T00:25:00Z,1782088110000,2026-06-22T00:28:30Z,210,Up,1,calendar_ridge_logistic-l2-10,0.4848886598081063,0.7238359818052507,0.26533969279428876,lgbm-depth2-leaves3,0.4885551863336557,0.7163028428797238,0.26157579742620163,0.007533138925526872
0x2a059b6e05a67f89077bb2f61f44aed9d4bd064acc941af9f5775fe642838b9b,1782087900000,2026-06-22T00:25:00Z,1782088140000,2026-06-22T00:29:00Z,240,Up,1,calendar_ridge_logistic-l2-10,0.48490398325544376,0.7238043803130176,0.2653239064661081,lgbm-depth2-leaves3,0.37714034133975116,0.9751379026093914,0.3879541543863617,-0.25133352229637373
0x22a7a26bf8bc6dc79a507a2d3da1232f2bd985c1cc2148e538d5ffec6970c457,1782088200000,2026-06-22T00:30:00Z,1782088230000,2026-06-22T00:30:30Z,30,Up,1,calendar_ridge_logistic-l2-10,0.48495005357654003,0.723709375664109,0.2652764473108089,lgbm-depth2-leaves3,0.6030091897727384,0.5058228422836205,0.1576017034048976,0.21788653338048847
0x22a7a26bf8bc6dc79a507a2d3da1232f2bd985c1cc2148e538d5ffec6970c457,1782088200000,2026-06-22T00:30:00Z,1782088260000,2026-06-22T00:31:00Z,60,Up,1,calendar_ridge_logistic-l2-10,0.4849654974464257,0.7236775298608931,0.26526053882060774,lgbm-depth2-leaves3,0.3823010120045731,0.9615469911355543,0.3815520397705745,-0.23786946127466124
0x22a7a26bf8bc6dc79a507a2d3da1232f2bd985c1cc2148e538d5ffec6970c457,1782088200000,2026-06-22T00:30:00Z,1782088290000,2026-06-22T00:31:30Z,90,Up,1,calendar_ridge_logistic-l2-10,0.48498097126147727,0.7236456233267655,0.2652445999627714,lgbm-depth2-leaves3,0.8188375772917251,0.19986953312186898,0.03281982340153167,0.5237760902048966
0x22a7a26bf8bc6dc79a507a2d3da1232f2bd985c1cc2148e538d5ffec6970c457,1782088200000,2026-06-22T00:30:00Z,1782088320000,2026-06-22T00:32:00Z,120,Up,1,calendar_ridge_logistic-l2-10,0.4849964753586288,0.7236136553728572,0.26522863039303546,lgbm-depth2-leaves3,0.7703217713263918,0.26094696658449007,0.052752088726646267,0.4626666887883671
0x22a7a26bf8bc6dc79a507a2d3da1232f2bd985c1cc2148e538d5ffec6970c457,1782088200000,2026-06-22T00:30:00Z,1782088350000,2026-06-22T00:32:30Z,150,Up,1,calendar_ridge_logistic-l2-10,0.48501200878866113,0.7235816279621952,0.26521263109189,lgbm-depth2-leaves3,0.45541512018285263,0.7865459239211229,0.29657269132545677,-0.06296429595892772
0x22a7a26bf8bc6dc79a507a2d3da1232f2bd985c1cc2148e538d5ffec6970c457,1782088200000,2026-06-22T00:30:00Z,1782088380000,2026-06-22T00:33:00Z,180,Up,1,calendar_ridge_logistic-l2-10,0.4850275725010722,0.7235495391429086,0.26519660108413845,lgbm-depth2-leaves3,0.48306248951582414,0.7276092558186074,0.2672243897455774,-0.00405971667569871
0x22a7a26bf8bc6dc79a507a2d3da1232f2bd985c1cc2148e538d5ffec6970c457,1782088200000,2026-06-22T00:30:00Z,1782088410000,2026-06-22T00:33:30Z,210,Up,1,calendar_ridge_logistic-l2-10,0.4850431658834349,0.7235173901835658,0.2651805410033556,lgbm-depth2-leaves3,0.503697203399997,0.685779978360305,0.24631646591298392,0.037737411823260736
0x22a7a26bf8bc6dc79a507a2d3da1232f2bd985c1cc2148e538d5ffec6970c457,1782088200000,2026-06-22T00:30:00Z,1782088440000,2026-06-22T00:34:00Z,240,Up,1,calendar_ridge_logistic-l2-10,0.48505878841524624,0.7234851821630717,0.2651644513883742,lgbm-depth2-leaves3,0.38632275960336765,0.9510820941327562,0.3765997553808262,-0.22759691196968457
0xbbb176d7db793ff6d68d355c46374159f3dde87fde3f5cd4ea5502b4178ec160,1782088500000,2026-06-22T00:35:00Z,1782088530000,2026-06-22T00:35:30Z,30,Up,1,calendar_ridge_logistic-l2-10,0.4851057529013976,0.7233883645941172,0.26511608569523665,lgbm-depth2-leaves3,0.46782716112730494,0.7596563651081832,0.2832079304338235,-0.03626800051406609
0xbbb176d7db793ff6d68d355c46374159f3dde87fde3f5cd4ea5502b4178ec160,1782088500000,2026-06-22T00:35:00Z,1782088560000,2026-06-22T00:36:00Z,60,Up,1,calendar_ridge_logistic-l2-10,0.4851214932874807,0.7233559177912753,0.2650998766745137,lgbm-depth2-leaves3,0.6812580869493827,0.38381406232375254,0.10159640713516727,0.33954185546752275
0xbbb176d7db793ff6d68d355c46374159f3dde87fde3f5cd4ea5502b4178ec160,1782088500000,2026-06-22T00:35:00Z,1782088590000,2026-06-22T00:36:30Z,90,Up,1,calendar_ridge_logistic-l2-10,0.4851372634053774,0.7233234107558287,0.2650836375337037,lgbm-depth2-leaves3,0.8016610086261307,0.22106944298211437,0.039338355499203816,0.5022539677737143
0xbbb176d7db793ff6d68d355c46374159f3dde87fde3f5cd4ea5502b4178ec160,1782088500000,2026-06-22T00:35:00Z,1782088620000,2026-06-22T00:37:00Z,120,Up,1,calendar_ridge_logistic-l2-10,0.48515306239775696,0.72329084526082,0.265067369158408,lgbm-depth2-leaves3,0.752883173182832,0.2838452117145913,0.06106672609618618,0.4394456335462287
0xbbb176d7db793ff6d68d355c46374159f3dde87fde3f5cd4ea5502b4178ec160,1782088500000,2026-06-22T00:35:00Z,1782088650000,2026-06-22T00:37:30Z,150,Up,1,calendar_ridge_logistic-l2-10,0.4851688905096456,0.7232582208069619,0.26505107129906924,lgbm-depth2-leaves3,0.7047259411941036,0.349946287642142,0.08718676980370797,0.3733119331648199
0xbbb176d7db793ff6d68d355c46374159f3dde87fde3f5cd4ea5502b4178ec160,1782088500000,2026-06-22T00:35:00Z,1782088680000,2026-06-22T00:38:00Z,180,Up,1,calendar_ridge_logistic-l2-10,0.48518474731244216,0.7232255382834367,0.265034744399754,lgbm-depth2-leaves3,0.8390529000135039,0.17548152323499344,0.02590396899406319,0.5477440150484433
0xbbb176d7db793ff6d68d355c46374159f3dde87fde3f5cd4ea5502b4178ec160,1782088500000,2026-06-22T00:35:00Z,1782088710000,2026-06-22T00:38:30Z,210,Up,1,calendar_ridge_logistic-l2-10,0.4852006336637378,0.7231927959284745,0.2650183875802171,lgbm-depth2-leaves3,0.6963472301843252,0.3619068491109293,0.09220500461673119,0.3612859468175452
0xbbb176d7db793ff6d68d355c46374159f3dde87fde3f5cd4ea5502b4178ec160,1782088500000,2026-06-22T00:35:00Z,1782088740000,2026-06-22T00:39:00Z,240,Up,1,calendar_ridge_logistic-l2-10,0.4852165485223642,0.7231599958937678,0.26500200191522744,lgbm-depth2-leaves3,0.29992263110871126,1.2042307338912024,0.4901083224337495,-0.4810707379974346
0x7086e1c3c9c63e8fb188ac561c06fad30d1946261f916336238924e615c1f07a,1782088800000,2026-06-22T00:40:00Z,1782088830000,2026-06-22T00:40:30Z,30,Down,0,calendar_ridge_logistic-l2-10,0.48526438494045965,0.6641018789537146,0.2354815232916426,lgbm-depth2-leaves3,0.40508297376371777,0.5193333348645275,0.16409221563325685,0.14476854408918716
0x7086e1c3c9c63e8fb188ac561c06fad30d1946261f916336238924e615c1f07a,1782088800000,2026-06-22T00:40:00Z,1782088860000,2026-06-22T00:41:00Z,60,Down,0,calendar_ridge_logistic-l2-10,0.4852804146561297,0.6641330210872725,0.23549708084882517,lgbm-depth2-leaves3,0.672868777092404,1.1173938952861031,0.4527523911858273,-0.45326087419883065
0x7086e1c3c9c63e8fb188ac561c06fad30d1946261f916336238924e615c1f07a,1782088800000,2026-06-22T00:40:00Z,1782088890000,2026-06-22T00:41:30Z,90,Down,0,calendar_ridge_logistic-l2-10,0.48529647269593146,0.6641642192206847,0.23551266641111296,lgbm-depth2-leaves3,0.5729127583392343,0.8507669735997051,0.32822902866786985,-0.1866027543790204
0x7086e1c3c9c63e8fb188ac561c06fad30d1946261f916336238924e615c1f07a,1782088800000,2026-06-22T00:40:00Z,1782088920000,2026-06-22T00:42:00Z,120,Down,0,calendar_ridge_logistic-l2-10,0.48531255930487954,0.6641954738352083,0.23552828021905223,lgbm-depth2-leaves3,0.44590940340673774,0.5904270738479224,0.19883519604655278,0.0737683999872859
0x7086e1c3c9c63e8fb188ac561c06fad30d1946261f916336238924e615c1f07a,1782088800000,2026-06-22T00:40:00Z,1782088950000,2026-06-22T00:42:30Z,150,Down,0,calendar_ridge_logistic-l2-10,0.48532867448310896,0.6642267849363708,0.23554392227553153,lgbm-depth2-leaves3,0.2753567080383661,0.32207575629203467,0.075821316661726,0.3421510286443361
0x7086e1c3c9c63e8fb188ac561c06fad30d1946261f916336238924e615c1f07a,1782088800000,2026-06-22T00:40:00Z,1782088980000,2026-06-22T00:43:00Z,180,Down,0,calendar_ridge_logistic-l2-10,0.4853448172813435,0.6642581506849583,0.2355595916618607,lgbm-depth2-leaves3,0.2539289776574893,0.2929344790975288,0.0644799256941777,0.3713236715874295
0x7086e1c3c9c63e8fb188ac561c06fad30d1946261f916336238924e615c1f07a,1782088800000,2026-06-22T00:40:00Z,1782089010000,2026-06-22T00:43:30Z,210,Down,0,calendar_ridge_logistic-l2-10,0.4853609889859247,0.6642895735855848,0.23557528962939495,lgbm-depth2-leaves3,0.48914672709879853,0.6716728671898504,0.23926452063146647,-0.007383293604265595
0x7086e1c3c9c63e8fb188ac561c06fad30d1946261f916336238924e615c1f07a,1782088800000,2026-06-22T00:40:00Z,1782089040000,2026-06-22T00:44:00Z,240,Down,0,calendar_ridge_logistic-l2-10,0.4853771885556606,0.6643210516203933,0.2355910151701973,lgbm-depth2-leaves3,0.4699705415455637,0.6348226919910887,0.22087230992063045,0.029498359629304693
0x62f4bf3277e67df62ae629f2de66fca84cdaf7911d9cb829d18005e46121a5cc,1782089100000,2026-06-22T00:45:00Z,1782089130000,2026-06-22T00:45:30Z,30,Down,0,calendar_ridge_logistic-l2-10,0.485425873629433,0.6644156595074165,0.23563827878889826,lgbm-depth2-leaves3,0.4197545639134111,0.5443040992844795,0.1761938939261379,0.12011156022293701
0x62f4bf3277e67df62ae629f2de66fca84cdaf7911d9cb829d18005e46121a5cc,1782089100000,2026-06-22T00:45:00Z,1782089160000,2026-06-22T00:46:00Z,60,Down,0,calendar_ridge_logistic-l2-10,0.4854421852425781,0.6644473592584292,0.23565411521308952,lgbm-depth2-leaves3,0.38787200812564226,0.490813881286311,0.1504446946874183,0.17363347797211826
0x62f4bf3277e67df62ae629f2de66fca84cdaf7911d9cb829d18005e46121a5cc,1782089100000,2026-06-22T00:45:00Z,1782089190000,2026-06-22T00:46:30Z,90,Down,0,calendar_ridge_logistic-l2-10,0.4854585239250599,0.6644791126230049,0.23566997845149795,lgbm-depth2-leaves3,0.24799348718172187,0.28501029440719666,0.06150076968455085,0.3794688182158082
0x62f4bf3277e67df62ae629f2de66fca84cdaf7911d9cb829d18005e46121a5cc,1782089100000,2026-06-22T00:45:00Z,1782089220000,2026-06-22T00:47:00Z,120,Down,0,calendar_ridge_logistic-l2-10,0.48547489071833244,0.6645109216303263,0.23568586951797682,lgbm-depth2-leaves3,0.8193445358834857,1.711163574868258,0.6713254684821245,-1.0466526532379317
0x62f4bf3277e67df62ae629f2de66fca84cdaf7911d9cb829d18005e46121a5cc,1782089100000,2026-06-22T00:45:00Z,1782089250000,2026-06-22T00:47:30Z,150,Down,0,calendar_ridge_logistic-l2-10,0.48549128448925893,0.6645427840833048,0.23570178731503055,lgbm-depth2-leaves3,0.7110579291954104,1.241529058004841,0.5056033786716654,-0.5769862739215362
0x62f4bf3277e67df62ae629f2de66fca84cdaf7911d9cb829d18005e46121a5cc,1782089100000,2026-06-22T00:45:00Z,1782089280000,2026-06-22T00:48:00Z,180,Down,0,calendar_ridge_logistic-l2-10,0.4855077060954522,0.664574701653928,0.23571773267806798,lgbm-depth2-leaves3,0.24611609657378652,0.2825168970652217,0.06057313299271742,0.38205780458870625
0x62f4bf3277e67df62ae629f2de66fca84cdaf7911d9cb829d18005e46121a5cc,1782089100000,2026-06-22T00:45:00Z,1782089310000,2026-06-22T00:48:30Z,210,Down,0,calendar_ridge_logistic-l2-10,0.48552415520020825,0.6646066736929809,0.2357337052828759,lgbm-depth2-leaves3,0.447552801558428,0.5933974185887266,0.20030351018279766,0.07120925510425424
0x62f4bf3277e67df62ae629f2de66fca84cdaf7911d9cb829d18005e46121a5cc,1782089100000,2026-06-22T00:45:00Z,1782089340000,2026-06-22T00:49:00Z,240,Down,0,calendar_ridge_logistic-l2-10,0.48554063195662966,0.6646387005032546,0.2357497052808433,lgbm-depth2-leaves3,0.23952490498275175,0.27381191598832133,0.057372180106996254,0.39082678451493325
0xae68df6c8a86f33bb3aef2086743c290760ed7080ae4d84123d1c3b4896b9057,1782089400000,2026-06-22T00:50:00Z,1782089430000,2026-06-22T00:50:30Z,30,Down,0,calendar_ridge_logistic-l2-10,0.485590143020444,0.6647349441514238,0.23579778699861526,lgbm-depth2-leaves3,0.23497809005063372,0.2678508051090433,0.05521470280384373,0.39688413904238046
0xae68df6c8a86f33bb3aef2086743c290760ed7080ae4d84123d1c3b4896b9057,1782089400000,2026-06-22T00:50:00Z,1782089460000,2026-06-22T00:51:00Z,60,Down,0,calendar_ridge_logistic-l2-10,0.4856067279650311,0.6647671853919892,0.23581389424490373,lgbm-depth2-leaves3,0.31961648495386524,0.3850986470811974,0.10215469745426436,0.2796685383107918
0xae68df6c8a86f33bb3aef2086743c290760ed7080ae4d84123d1c3b4896b9057,1782089400000,2026-06-22T00:50:00Z,1782089490000,2026-06-22T00:51:30Z,90,Down,0,calendar_ridge_logistic-l2-10,0.4856233399492797,0.6647994802399079,0.23583002830349367,lgbm-depth2-leaves3,0.4678158534103421,0.6307657093270695,0.2188516727020467,0.034033770912838324
0xae68df6c8a86f33bb3aef2086743c290760ed7080ae4d84123d1c3b4896b9057,1782089400000,2026-06-22T00:50:00Z,1782089520000,2026-06-22T00:52:00Z,120,Down,0,calendar_ridge_logistic-l2-10,0.4856399787894503,0.6648318283431206,0.23584618899861776,lgbm-depth2-leaves3,0.47602288139645554,0.6463072624016457,0.226597783612984,0.01852456594147489
0xae68df6c8a86f33bb3aef2086743c290760ed7080ae4d84123d1c3b4896b9057,1782089400000,2026-06-22T00:50:00Z,1782089550000,2026-06-22T00:52:30Z,150,Down,0,calendar_ridge_logistic-l2-10,0.48565664448566537,0.6648642297069998,0.23586237633307597,lgbm-depth2-leaves3,0.6598869930811965,1.0784773433050971,0.43545084363774306,-0.4136131135980974
0xae68df6c8a86f33bb3aef2086743c290760ed7080ae4d84123d1c3b4896b9057,1782089400000,2026-06-22T00:50:00Z,1782089580000,2026-06-22T00:53:00Z,180,Down,0,calendar_ridge_logistic-l2-10,0.485673336609284,0.664896683503287,0.2358785898931949,lgbm-depth2-leaves3,0.6547403918184759,1.0634586574448557,0.4286849806786113,-0.39856197394156867
0xae68df6c8a86f33bb3aef2086743c290760ed7080ae4d84123d1c3b4896b9057,1782089400000,2026-06-22T00:50:00Z,1782089610000,2026-06-22T00:53:30Z,210,Down,0,calendar_ridge_logistic-l2-10,0.4856900554053214,0.6649291902134489,0.23589482991962415,lgbm-depth2-leaves3,0.6327490476443106,1.0017098707233727,0.40037135729478207,-0.3367806805099238
0xae68df6c8a86f33bb3aef2086743c290760ed7080ae4d84123d1c3b4896b9057,1782089400000,2026-06-22T00:50:00Z,1782089640000,2026-06-22T00:54:00Z,240,Down,0,calendar_ridge_logistic-l2-10,0.48570680096582647,0.6649617500215931,0.23591109650445696,lgbm-depth2-leaves3,0.7312932841652692,1.3141347698705348,0.5347898674652252,-0.6491730198489417
0xb7ad6fd6c1e517a703cba6f4ff8da66d2d6e23dbd41710272bc4647f71f12c2f,1782089700000,2026-06-22T00:55:00Z,1782089730000,2026-06-22T00:55:30Z,30,Up,1,calendar_ridge_logistic-l2-10,0.48575711467837096,0.7220465440415863,0.26444574510391405,lgbm-depth2-leaves3,0.5130526075342333,0.6673768902694611,0.2371177630292094,0.05466965377212518
0xb7ad6fd6c1e517a703cba6f4ff8da66d2d6e23dbd41710272bc4647f71f12c2f,1782089700000,2026-06-22T00:55:00Z,1782089760000,2026-06-22T00:56:00Z,60,Up,1,calendar_ridge_logistic-l2-10,0.48577396552093416,0.7220118547909625,0.26442841453606547,lgbm-depth2-leaves3,0.6649620475009872,0.4080253113820057,0.11225042961473077,0.3139865434089568
0xb7ad6fd6c1e517a703cba6f4ff8da66d2d6e23dbd41710272bc4647f71f12c2f,1782089700000,2026-06-22T00:55:00Z,1782089790000,2026-06-22T00:56:30Z,90,Up,1,calendar_ridge_logistic-l2-10,0.48579084266889955,0.7219771125939937,0.26441105748316046,lgbm-depth2-leaves3,0.5854833517511638,0.5353175305908737,0.17182405167544937,0.18665958200311994
0xb7ad6fd6c1e517a703cba6f4ff8da66d2d6e23dbd41710272bc4647f71f12c2f,1782089700000,2026-06-22T00:55:00Z,1782089820000,2026-06-22T00:57:00Z,120,Up,1,calendar_ridge_logistic-l2-10,0.4858077456936117,0.7219423183385958,0.26439367438868555,lgbm-depth2-leaves3,0.6385532732384366,0.44855017200424274,0.1306437362866483,0.27339214633435305
0xb7ad6fd6c1e517a703cba6f4ff8da66d2d6e23dbd41710272bc4647f71f12c2f,1782089700000,2026-06-22T00:55:00Z,1782089850000,2026-06-22T00:57:30Z,150,Up,1,calendar_ridge_logistic-l2-10,0.4858246745032582,0.7219074722192274,0.2643762653496804,lgbm-depth2-leaves3,0.6110426170824125,0.49258857251722477,0.1512878457260988,0.2293188997020026
0xb7ad6fd6c1e517a703cba6f4ff8da66d2d6e23dbd41710272bc4647f71f12c2f,1782089700000,2026-06-22T00:55:00Z,1782089880000,2026-06-22T00:58:00Z,180,Up,1,calendar_ridge_logistic-l2-10,0.48584162961863897,0.7218725731693981,0.26435882983321685,lgbm-depth2-leaves3,0.6379436337877902,0.4495053478352874,0.1310848123147898,0.27236722533411073
0xb7ad6fd6c1e517a703cba6f4ff8da66d2d6e23dbd41710272bc4647f71f12c2f,1782089700000,2026-06-22T00:55:00Z,1782089910000,2026-06-22T00:58:30Z,210,Up,1,calendar_ridge_logistic-l2-10,0.48585861024338584,0.7218376228337864,0.26434136866086266,lgbm-depth2-leaves3,0.761305024885395,0.2727211802906034,0.056975291144961915,0.449116442543183
0xb7ad6fd6c1e517a703cba6f4ff8da66d2d6e23dbd41710272bc4647f71f12c2f,1782089700000,2026-06-22T00:55:00Z,1782089940000,2026-06-22T00:59:00Z,240,Up,1,calendar_ridge_logistic-l2-10,0.4858756167453262,0.7218026204607717,0.2643238814569987,lgbm-depth2-leaves3,0.4902815996978541,0.7127753596894689,0.25981284760657863,0.00902726077130278
0xdd9420fe9342f9c893fb567cbe1bf8b3649e00fcdca6f27e9da91fb52e7547ee,1782090000000,2026-06-22T01:00:00Z,1782090030000,2026-06-22T01:00:30Z,30,Up,1,calendar_ridge_logistic-l2-10,0.4859267091505402,0.721697470670738,0.2642713483647933,lgbm-depth2-leaves3,0.47158246810659604,0.7516612863564299,0.27922508801231655,-0.029963815685691952
0xdd9420fe9342f9c893fb567cbe1bf8b3649e00fcdca6f27e9da91fb52e7547ee,1782090000000,2026-06-22T01:00:00Z,1782090060000,2026-06-22T01:01:00Z,60,Up,1,calendar_ridge_logistic-l2-10,0.48594381793622177,0.7216622627182248,0.2642537583179883,lgbm-depth2-leaves3,0.693687610177426,0.36573354924133483,0.09382728015881656,0.3559287134768899
0xdd9420fe9342f9c893fb567cbe1bf8b3649e00fcdca6f27e9da91fb52e7547ee,1782090000000,2026-06-22T01:00:00Z,1782090090000,2026-06-22T01:01:30Z,90,Up,1,calendar_ridge_logistic-l2-10,0.485960952048064,0.7216270038896375,0.2642361428193328,lgbm-depth2-leaves3,0.6181305574973858,0.48105558574990875,0.1458242711172574,0.24057141813972877
0xdd9420fe9342f9c893fb567cbe1bf8b3649e00fcdca6f27e9da91fb52e7547ee,1782090000000,2026-06-22T01:00:00Z,1782090120000,2026-06-22T01:02:00Z,120,Up,1,calendar_ridge_logistic-l2-10,0.48597811130230784,0.7215916945685233,0.26421850206034264,lgbm-depth2-leaves3,0.4899991143591171,0.7133516953094715,0.2601009033544849,0.008239999259051833
0xdd9420fe9342f9c893fb567cbe1bf8b3649e00fcdca6f27e9da91fb52e7547ee,1782090000000,2026-06-22T01:00:00Z,1782090150000,2026-06-22T01:02:30Z,150,Up,1,calendar_ridge_logistic-l2-10,0.4859952958829222,0.7215563343817342,0.2642008358544848,lgbm-depth2-leaves3,0.6967039701224222,0.36139467849463497,0.09198848173950054,0.3601616558870992
0xdd9420fe9342f9c893fb567cbe1bf8b3649e00fcdca6f27e9da91fb52e7547ee,1782090000000,2026-06-22T01:00:00Z,1782090180000,2026-06-22T01:03:00Z,180,Up,1,calendar_ridge_logistic-l2-10,0.4860125054222917,0.7215209240911002,0.2641831445822697,lgbm-depth2-leaves3,0.8005095115550658,0.22250686459838703,0.03979645497999843,0.4990140594927132
0xdd9420fe9342f9c893fb567cbe1bf8b3649e00fcdca6f27e9da91fb52e7547ee,1782090000000,2026-06-22T01:00:00Z,1782090210000,2026-06-22T01:03:30Z,210,Up,1,calendar_ridge_logistic-l2-10,0.48602973967560403,0.7214854642056867,0.26416542849792735,lgbm-depth2-leaves3,0.7548960469092024,0.28117522542570605,0.0600759478207359,0.44031023877998066
0xdd9420fe9342f9c893fb567cbe1bf8b3649e00fcdca6f27e9da91fb52e7547ee,1782090000000,2026-06-22T01:00:00Z,1782090240000,2026-06-22T01:04:00Z,240,Up,1,calendar_ridge_logistic-l2-10,0.48604699950051466,0.7214499529662611,0.26414768672242395,lgbm-depth2-leaves3,0.2419899379529301,1.4188591323967694,0.5745792541646028,-0.6974091794305083
0x497cfbc96d8218978bb345cdfcab9ee4dc3b12ce4c343f9fe678ccf96280ef23,1782090300000,2026-06-22T01:05:00Z,1782090330000,2026-06-22T01:05:30Z,30,Down,0,calendar_ridge_logistic-l2-10,0.48609884581343715,0.6657243390503732,0.23629208790115575,lgbm-depth2-leaves3,0.2975140668789285,0.3531299020016642,0.08851461999083954,0.312594437048709
0x497cfbc96d8218978bb345cdfcab9ee4dc3b12ce4c343f9fe678ccf96280ef23,1782090300000,2026-06-22T01:05:00Z,1782090360000,2026-06-22T01:06:00Z,60,Down,0,calendar_ridge_logistic-l2-10,0.4861162042497886,0.6657581173935064,0.23630896403422216,lgbm-depth2-leaves3,0.3439922441361232,0.42158266714471193,0.1183306640258062,0.2441754502487945
0x497cfbc96d8218978bb345cdfcab9ee4dc3b12ce4c343f9fe678ccf96280ef23,1782090300000,2026-06-22T01:05:00Z,1782090390000,2026-06-22T01:06:30Z,90,Down,0,calendar_ridge_logistic-l2-10,0.4861335872778905,0.6657919447339639,0.2363258646796704,lgbm-depth2-leaves3,0.7610635095999703,1.4315574929070518,0.5792176656446241,-0.765765548173088
0x497cfbc96d8218978bb345cdfcab9ee4dc3b12ce4c343f9fe678ccf96280ef23,1782090300000,2026-06-22T01:05:00Z,1782090420000,2026-06-22T01:07:00Z,120,Down,0,calendar_ridge_logistic-l2-10,0.4861509944690586,0.665825820242418,0.23634278942325462,lgbm-depth2-leaves3,0.7774598185717247,1.5026476029915001,0.6044437694935791,-0.8368217827490821
0x497cfbc96d8218978bb345cdfcab9ee4dc3b12ce4c343f9fe678ccf96280ef23,1782090300000,2026-06-22T01:05:00Z,1782090450000,2026-06-22T01:07:30Z,150,Down,0,calendar_ridge_logistic-l2-10,0.4861684262521759,0.6658597447584017,0.23635973868451737,lgbm-depth2-leaves3,0.6198277848578536,0.9671309311822954,0.3841864828817937,-0.3012711864238937
0x497cfbc96d8218978bb345cdfcab9ee4dc3b12ce4c343f9fe678ccf96280ef23,1782090300000,2026-06-22T01:05:00Z,1782090480000,2026-06-22T01:08:00Z,180,Down,0,calendar_ridge_logistic-l2-10,0.48618588262734014,0.6658937182870542,0.23637671246612577,lgbm-depth2-leaves3,0.725082164234327,1.2912830049928303,0.5257441448907356,-0.6253892867057761
0x497cfbc96d8218978bb345cdfcab9ee4dc3b12ce4c343f9fe678ccf96280ef23,1782090300000,2026-06-22T01:05:00Z,1782090510000,2026-06-22T01:08:30Z,210,Down,0,calendar_ridge_logistic-l2-10,0.4862033627370853,0.6659277391644497,0.23639370993684974,lgbm-depth2-leaves3,0.24212290467577086,0.27723404985815236,0.05862350096863242,0.38869368930629733
0x497cfbc96d8218978bb345cdfcab9ee4dc3b12ce4c343f9fe678ccf96280ef23,1782090300000,2026-06-22T01:05:00Z,1782090540000,2026-06-22T01:09:00Z,240,Down,0,calendar_ridge_logistic-l2-10,0.48622086707134815,0.6659618083489757,0.2364107315756136,lgbm-depth2-leaves3,0.2647853984571715,0.3075928474974709,0.07011130723612306,0.35836896085150477
0xc513f6911126c6d6eac0dd1a82ce59501112d94e10a858a0d7a2f0173263e9fc,1782090600000,2026-06-22T01:10:00Z,1782090630000,2026-06-22T01:10:30Z,30,Down,0,calendar_ridge_logistic-l2-10,0.4862734429334653,0.6660641452268635,0.23646186130236613,lgbm-depth2-leaves3,0.3326460499966592,0.4044347141413938,0.11065339457837989,0.2616294310854697
0xc513f6911126c6d6eac0dd1a82ce59501112d94e10a858a0d7a2f0173263e9fc,1782090600000,2026-06-22T01:10:00Z,1782090660000,2026-06-22T01:11:00Z,60,Down,0,calendar_ridge_logistic-l2-10,0.48629104288023967,0.666098405180959,0.2364789783855511,lgbm-depth2-leaves3,0.7494496380124547,1.3840953328057635,0.5616747599169993,-0.7179969276248045
0xc513f6911126c6d6eac0dd1a82ce59501112d94e10a858a0d7a2f0173263e9fc,1782090600000,2026-06-22T01:10:00Z,1782090690000,2026-06-22T01:11:30Z,90,Down,0,calendar_ridge_logistic-l2-10,0.48630866680709145,0.6661327129907186,0.2364961194116907,lgbm-depth2-leaves3,0.6658213955665611,1.096079685117268,0.44331813079420296,-0.4299469721265494
0xc513f6911126c6d6eac0dd1a82ce59501112d94e10a858a0d7a2f0173263e9fc,1782090600000,2026-06-22T01:10:00Z,1782090720000,2026-06-22T01:12:00Z,120,Down,0,calendar_ridge_logistic-l2-10,0.48632631373372304,0.6661670667526223,0.2365132834298316,lgbm-depth2-leaves3,0.37714034133975116,0.4734340525691006,0.142234837065864,0.19273301418352168
0xc513f6911126c6d6eac0dd1a82ce59501112d94e10a858a0d7a2f0173263e9fc,1782090600000,2026-06-22T01:10:00Z,1782090750000,2026-06-22T01:12:30Z,150,Down,0,calendar_ridge_logistic-l2-10,0.4863439847016733,0.6662014684990628,0.2365304714555014,lgbm-depth2-leaves3,0.26059400549031536,0.3019081252502503,0.06790923569748651,0.3642933432488125
0xc513f6911126c6d6eac0dd1a82ce59501112d94e10a858a0d7a2f0173263e9fc,1782090600000,2026-06-22T01:10:00Z,1782090780000,2026-06-22T01:13:00Z,180,Down,0,calendar_ridge_logistic-l2-10,0.4863616790983777,0.6662359170423529,0.23654768289539332,lgbm-depth2-leaves3,0.26671941062710264,0.3102268544728771,0.071139244005269,0.35600906256947573
0xc513f6911126c6d6eac0dd1a82ce59501112d94e10a858a0d7a2f0173263e9fc,1782090600000,2026-06-22T01:10:00Z,1782090810000,2026-06-22T01:13:30Z,210,Down,0,calendar_ridge_logistic-l2-10,0.48637939649513623,0.6662704115526256,0.23656491733497292,lgbm-depth2-leaves3,0.6290860309019259,0.9917851324886852,0.39574923427593894,-0.3255147209360596
0xc513f6911126c6d6eac0dd1a82ce59501112d94e10a858a0d7a2f0173263e9fc,1782090600000,2026-06-22T01:10:00Z,1782090840000,2026-06-22T01:14:00Z,240,Down,0,calendar_ridge_logistic-l2-10,0.4863971373208332,0.6663049528696471,0.23658217519390146,lgbm-depth2-leaves3,0.40858373519814545,0.5252351697406291,0.16694066866846824,0.14106978312901797
0x9848b0566110b48334e46d0f253f652216f5ea9eeb0cda61e56ef8bce846ce0e,1782090900000,2026-06-22T01:15:00Z,1782090930000,2026-06-22T01:15:30Z,30,Up,1,calendar_ridge_logistic-l2-10,0.4864504175747394,0.7206202991486125,0.26373317360915954,lgbm-depth2-leaves3,0.7697707095354569,0.2616625883037049,0.053005526187806955,0.45895771084490755
0x9848b0566110b48334e46d0f253f652216f5ea9eeb0cda61e56ef8bce846ce0e,1782090900000,2026-06-22T01:15:00Z,1782090960000,2026-06-22T01:16:00Z,60,Up,1,calendar_ridge_logistic-l2-10,0.4864682509526554,0.7205836396034832,0.26371485727962485,lgbm-depth2-leaves3,0.7729531900690684,0.25753678841322,0.05155025389981259,0.4630468511902632
0x9848b0566110b48334e46d0f253f652216f5ea9eeb0cda61e56ef8bce846ce0e,1782090900000,2026-06-22T01:15:00Z,1782090990000,2026-06-22T01:16:30Z,90,Up,1,calendar_ridge_logistic-l2-10,0.48648610677955606,0.7205469352570547,0.2636965185304175,lgbm-depth2-leaves3,0.5687991204820027,0.5642279467636357,0.18593419849709447,0.15631898849341896
0x9848b0566110b48334e46d0f253f652216f5ea9eeb0cda61e56ef8bce846ce0e,1782090900000,2026-06-22T01:15:00Z,1782091020000,2026-06-22T01:17:00Z,120,Up,1,calendar_ridge_logistic-l2-10,0.4865039854843154,0.7205101852327667,0.26367815692349217,lgbm-depth2-leaves3,0.5968132516950051,0.5161510257563208,0.1625595540087553,0.2043591594764459
0x9848b0566110b48334e46d0f253f652216f5ea9eeb0cda61e56ef8bce846ce0e,1782090900000,2026-06-22T01:15:00Z,1782091050000,2026-06-22T01:17:30Z,150,Up,1,calendar_ridge_logistic-l2-10,0.4865218868220991,0.7204733900389383,0.2636597727127372,lgbm-depth2-leaves3,0.7555197800080363,0.2803493162645682,0.05977057796731895,0.4401240737743701
0x9848b0566110b48334e46d0f253f652216f5ea9eeb0cda61e56ef8bce846ce0e,1782090900000,2026-06-22T01:15:00Z,1782091080000,2026-06-22T01:18:00Z,180,Up,1,calendar_ridge_logistic-l2-10,0.48653981079299113,0.7204365496804329,0.26364136590049736,lgbm-depth2-leaves3,0.7754272698196967,0.2543410856511818,0.05043291114063532,0.4660954640292511
0x9848b0566110b48334e46d0f253f652216f5ea9eeb0cda61e56ef8bce846ce0e,1782090900000,2026-06-22T01:15:00Z,1782091110000,2026-06-22T01:18:30Z,210,Up,1,calendar_ridge_logistic-l2-10,0.48655775727425804,0.72039966441454,0.26362293661523967,lgbm-depth2-leaves3,0.8390529000135039,0.17548152323499344,0.02590396899406319,0.5449181411795465
0x9848b0566110b48334e46d0f253f652216f5ea9eeb0cda61e56ef8bce846ce0e,1782090900000,2026-06-22T01:15:00Z,1782091140000,2026-06-22T01:19:00Z,240,Up,1,calendar_ridge_logistic-l2-10,0.4865757263888052,0.7203627339936863,0.26360448473318304,lgbm-depth2-leaves3,0.7227219912788032,0.3247306518233801,0.07688309412039208,0.3956320821703062
0x3e7cb975646a094b5205de9aa4964dd7911fbb6c10f409c8e9af2e26f0750aad,1782091200000,2026-06-22T01:20:00Z,1782091230000,2026-06-22T01:20:30Z,30,Up,1,calendar_ridge_logistic-l2-10,0.48662968550759444,0.7202518445181759,0.2635490798020314,lgbm-depth2-leaves3,0.3150901195302759,1.1548965873266086,0.4691015443650518,-0.4346447428084327
0x3e7cb975646a094b5205de9aa4964dd7911fbb6c10f409c8e9af2e26f0750aad,1782091200000,2026-06-22T01:20:00Z,1782091260000,2026-06-22T01:21:00Z,60,Up,1,calendar_ridge_logistic-l2-10,0.48664774313332976,0.7202147376764759,0.26353053963010376,lgbm-depth2-leaves3,0.700995133399548,0.35525433434033576,0.0894039102507541,0.36496040333614016
0x3e7cb975646a094b5205de9aa4964dd7911fbb6c10f409c8e9af2e26f0750aad,1782091200000,2026-06-22T01:20:00Z,1782091290000,2026-06-22T01:21:30Z,90,Up,1,calendar_ridge_logistic-l2-10,0.4866658228411395,0.7201775868374373,0.2635119774393643,lgbm-depth2-leaves3,0.5804835991740088,0.5438937311735298,0.17599401056199368,0.17628385566390747
0x3e7cb975646a094b5205de9aa4964dd7911fbb6c10f409c8e9af2e26f0750aad,1782091200000,2026-06-22T01:20:00Z,1782091320000,2026-06-22T01:22:00Z,120,Up,1,calendar_ridge_logistic-l2-10,0.4866839246310974,0.7201403920058632,0.26349339323213283,lgbm-depth2-leaves3,0.31720078597303347,1.1482203113776241,0.4662147666758432,-0.42807991937176093
0x3e7cb975646a094b5205de9aa4964dd7911fbb6c10f409c8e9af2e26f0750aad,1782091200000,2026-06-22T01:20:00Z,1782091350000,2026-06-22T01:22:30Z,150,Up,1,calendar_ridge_logistic-l2-10,0.4867020481355434,0.7201031539421245,0.263474787388246,lgbm-depth2-leaves3,0.8285633754013463,0.18806195089337555,0.02939051625377972,0.532041203048749
0x3e7cb975646a094b5205de9aa4964dd7911fbb6c10f409c8e9af2e26f0750aad,1782091200000,2026-06-22T01:20:00Z,1782091380000,2026-06-22T01:23:00Z,180,Up,1,calendar_ridge_logistic-l2-10,0.48672019372230035,0.7200658718953852,0.26345615953247287,lgbm-depth2-leaves3,0.7975470119157488,0.2262144969499111,0.040987212384241946,0.49385137494547404
0x3e7cb975646a094b5205de9aa4964dd7911fbb6c10f409c8e9af2e26f0750aad,1782091200000,2026-06-22T01:20:00Z,1782091410000,2026-06-22T01:23:30Z,210,Up,1,calendar_ridge_logistic-l2-10,0.48673836041101587,0.7200285478847419,0.2634375106735723,lgbm-depth2-leaves3,0.5907366530649055,0.5263849563740648,0.1674964871445155,0.19364359151067712
0x3e7cb975646a094b5205de9aa4964dd7911fbb6c10f409c8e9af2e26f0750aad,1782091200000,2026-06-22T01:20:00Z,1782091440000,2026-06-22T01:24:00Z,240,Up,1,calendar_ridge_logistic-l2-10,0.486756548998327,0.7199911802783221,0.2634188399961067,lgbm-depth2-leaves3,0.8390529000135039,0.17548152323499344,0.02590396899406319,0.5445096570433287
0xa36b9dab1868a51a65a49a08af7a0cbf21094217bd488687927388f95bc50672,1782091500000,2026-06-22T01:25:00Z,1782091530000,2026-06-22T01:25:30Z,30,Up,1,calendar_ridge_logistic-l2-10,0.4868111616975087,0.7198789894185822,0.26336278375826055,lgbm-depth2-leaves3,0.7662669137566589,0.26622471855717833,0.05463115560483713,0.45365427086140386
0xa36b9dab1868a51a65a49a08af7a0cbf21094217bd488687927388f95bc50672,1782091500000,2026-06-22T01:25:00Z,1782091560000,2026-06-22T01:26:00Z,60,Up,1,calendar_ridge_logistic-l2-10,0.4868294351223643,0.7198414531348293,0.2633440286568317,lgbm-depth2-leaves3,0.8390529000135039,0.17548152323499344,0.02590396899406319,0.5443599298998358
0xa36b9dab1868a51a65a49a08af7a0cbf21094217bd488687927388f95bc50672,1782091500000,2026-06-22T01:25:00Z,1782091590000,2026-06-22T01:26:30Z,90,Up,1,calendar_ridge_logistic-l2-10,0.4868477302623182,0.7198038736565249,0.2633252519369345,lgbm-depth2-leaves3,0.8302825854483707,0.18598917174071666,0.02880400080208958,0.5338147019158082
0xa36b9dab1868a51a65a49a08af7a0cbf21094217bd488687927388f95bc50672,1782091500000,2026-06-22T01:25:00Z,1782091620000,2026-06-22T01:27:00Z,120,Up,1,calendar_ridge_logistic-l2-10,0.4868660465658108,0.7197662521214688,0.26330645416700066,lgbm-depth2-leaves3,0.8357741897023192,0.1793968103947545,0.02697011676792984,0.5403694417267143
0xa36b9dab1868a51a65a49a08af7a0cbf21094217bd488687927388f95bc50672,1782091500000,2026-06-22T01:25:00Z,1782091650000,2026-06-22T01:27:30Z,150,Up,1,calendar_ridge_logistic-l2-10,0.48688438354304825,0.7197285895404365,0.26328763585199755,lgbm-depth2-leaves3,0.542313214105791,0.6119115586501488,0.2094771939821715,0.10781703089028771
0xa36b9dab1868a51a65a49a08af7a0cbf21094217bd488687927388f95bc50672,1782091500000,2026-06-22T01:25:00Z,1782091680000,2026-06-22T01:28:00Z,180,Up,1,calendar_ridge_logistic-l2-10,0.4869027410712794,0.7196908861702249,0.26326879712016654,lgbm-depth2-leaves3,0.2627433306270665,1.3365776525079658,0.5435473965348709,-0.6168867663377409
0xa36b9dab1868a51a65a49a08af7a0cbf21094217bd488687927388f95bc50672,1782091500000,2026-06-22T01:25:00Z,1782091710000,2026-06-22T01:28:30Z,210,Up,1,calendar_ridge_logistic-l2-10,0.48692111994714155,0.7196531403794304,0.2632499371562956,lgbm-depth2-leaves3,0.2509437445505273,1.3825264902668848,0.5610852738279856,-0.6628733498874544
0xa36b9dab1868a51a65a49a08af7a0cbf21094217bd488687927388f95bc50672,1782091500000,2026-06-22T01:25:00Z,1782091740000,2026-06-22T01:29:00Z,240,Up,1,calendar_ridge_logistic-l2-10,0.48693951912920463,0.7196153543116359,0.2632310570313718,lgbm-depth2-leaves3,0.26624463494251427,1.323339712612176,0.5383969357506442,-0.60372435830054
0x05c90f7d12309bbcc45072adaab9fc43bf8abd27e980c362ee00dcbdbccb1f5e,1782091800000,2026-06-22T01:30:00Z,1782091830000,2026-06-22T01:30:30Z,30,Down,0,calendar_ridge_logistic-l2-10,0.4869947592641147,0.6674692180041235,0.23716389555071302,lgbm-depth2-leaves3,0.7569320469014722,1.4144142323534585,0.5729461236264525,-0.746945014349335
0x05c90f7d12309bbcc45072adaab9fc43bf8abd27e980c362ee00dcbdbccb1f5e,1782091800000,2026-06-22T01:30:00Z,1782091860000,2026-06-22T01:31:00Z,60,Down,0,calendar_ridge_logistic-l2-10,0.4870132406512407,0.6675052443807941,0.23718189656962327,lgbm-depth2-leaves3,0.7556461803346372,1.4091380234447792,0.5710011498543269,-0.7416327790639852
0x05c90f7d12309bbcc45072adaab9fc43bf8abd27e980c362ee00dcbdbccb1f5e,1782091800000,2026-06-22T01:30:00Z,1782091890000,2026-06-22T01:31:30Z,90,Down,0,calendar_ridge_logistic-l2-10,0.4870317419771453,0.6675413109248303,0.23719991769329266,lgbm-depth2-leaves3,0.37125652362533235,0.4640319331692627,0.13783140633436697,0.20350937775556754
0x05c90f7d12309bbcc45072adaab9fc43bf8abd27e980c362ee00dcbdbccb1f5e,1782091800000,2026-06-22T01:30:00Z,1782091920000,2026-06-22T01:32:00Z,120,Down,0,calendar_ridge_logistic-l2-10,0.48705026367070714,0.6675774184766342,0.23721795934170534,lgbm-depth2-leaves3,0.2415572268060674,0.2764879303781,0.05834989382223788,0.3910894880985342
0x05c90f7d12309bbcc45072adaab9fc43bf8abd27e980c362ee00dcbdbccb1f5e,1782091800000,2026-06-22T01:30:00Z,1782091950000,2026-06-22T01:32:30Z,150,Down,0,calendar_ridge_logistic-l2-10,0.4870688057319984,0.6676135670407419,0.2372360215171952,lgbm-depth2-leaves3,0.6372673685429661,1.0140892685652803,0.40610969900967653,-0.3464757015245383
0x05c90f7d12309bbcc45072adaab9fc43bf8abd27e980c362ee00dcbdbccb1f5e,1782091800000,2026-06-22T01:30:00Z,1782091980000,2026-06-22T01:33:00Z,180,Down,0,calendar_ridge_logistic-l2-10,0.48708736711955725,0.6676497545910681,0.23725410320746235,lgbm-depth2-leaves3,0.3673129830005888,0.4577794230344449,0.13491882748079081,0.2098703315566232
0x05c90f7d12309bbcc45072adaab9fc43bf8abd27e980c362ee00dcbdbccb1f5e,1782091800000,2026-06-22T01:30:00Z,1782092010000,2026-06-22T01:33:30Z,210,Down,0,calendar_ridge_logistic-l2-10,0.48710594911991006,0.6676859836401648,0.2372722056680084,lgbm-depth2-leaves3,0.23497809005063372,0.2678508051090433,0.05521470280384373,0.39983517853112155
0x05c90f7d12309bbcc45072adaab9fc43bf8abd27e980c362ee00dcbdbccb1f5e,1782091800000,2026-06-22T01:30:00Z,1782092040000,2026-06-22T01:34:00Z,240,Down,0,calendar_ridge_logistic-l2-10,0.48712455044665864,0.6677222516842873,0.2372903276478593,lgbm-depth2-leaves3,0.2419899379529301,0.27705861895944045,0.05855913007046296,0.3906636327248469
0x33eda4ee2eb48a79403501d56d8514915ab336c633765051db14238167c45b7f,1782092100000,2026-06-22T01:35:00Z,1782092130000,2026-06-22T01:35:30Z,30,Up,1,calendar_ridge_logistic-l2-10,0.48718039187002654,0.7191208099685599,0.2629839504825795,lgbm-depth2-leaves3,0.24007253020304628,1.426814192116782,0.577489759352,-0.7076933821482222
0x33eda4ee2eb48a79403501d56d8514915ab336c633765051db14238167c45b7f,1782092100000,2026-06-22T01:35:00Z,1782092160000,2026-06-22T01:36:00Z,60,Up,1,calendar_ridge_logistic-l2-10,0.4871990717275046,0.7190824679094788,0.262964792037133,lgbm-depth2-leaves3,0.5573458668849166,0.5845692858285865,0.19594268156386596,0.13451318208089236
0x33eda4ee2eb48a79403501d56d8514915ab336c633765051db14238167c45b7f,1782092100000,2026-06-22T01:35:00Z,1782092190000,2026-06-22T01:36:30Z,90,Up,1,calendar_ridge_logistic-l2-10,0.4872177705439117,0.7190440884078154,0.2629456148459564,lgbm-depth2-leaves3,0.26624463494251427,1.323339712612176,0.5383969357506442,-0.6042956242043606
0x33eda4ee2eb48a79403501d56d8514915ab336c633765051db14238167c45b7f,1782092100000,2026-06-22T01:35:00Z,1782092220000,2026-06-22T01:37:00Z,120,Up,1,calendar_ridge_logistic-l2-10,0.4872364891769553,0.7190056697075857,0.2629264180315747,lgbm-depth2-leaves3,0.31677207129924617,1.1495727817057118,0.46680040255672245,-0.43056711199812603
0x33eda4ee2eb48a79403501d56d8514915ab336c633765051db14238167c45b7f,1782092100000,2026-06-22T01:35:00Z,1782092250000,2026-06-22T01:37:30Z,150,Up,1,calendar_ridge_logistic-l2-10,0.487255227013988,0.7189672130707079,0.26290720222447694,lgbm-depth2-leaves3,0.6550133554896732,0.4230996534941898,0.1190157848904946,0.29586755957651806
0x33eda4ee2eb48a79403501d56d8514915ab336c633765051db14238167c45b7f,1782092100000,2026-06-22T01:35:00Z,1782092280000,2026-06-22T01:38:00Z,180,Up,1,calendar_ridge_logistic-l2-10,0.48727398362623564,0.7189287193815599,0.2628879678665097,lgbm-depth2-leaves3,0.7616631719068379,0.27225085263858895,0.05680444362550952,0.44667786674297094
0x33eda4ee2eb48a79403501d56d8514915ab336c633765051db14238167c45b7f,1782092100000,2026-06-22T01:35:00Z,1782092310000,2026-06-22T01:38:30Z,210,Up,1,calendar_ridge_logistic-l2-10,0.4872927594425808,0.7188901877643443,0.2628687145200032,lgbm-depth2-leaves3,0.7817609036410997,0.24620633500739725,0.04762830317954935,0.4726838527569471
0x33eda4ee2eb48a79403501d56d8514915ab336c633765051db14238167c45b7f,1782092100000,2026-06-22T01:35:00Z,1782092340000,2026-06-22T01:39:00Z,240,Up,1,calendar_ridge_logistic-l2-10,0.48731155446308627,0.7188516182233734,0.26284944218705697,lgbm-depth2-leaves3,0.6748306106693597,0.3932935667586178,0.10573513175766154,0.3255580514647556
0xe6b82c4bb655187c539a83a4370ae1efeb02029d8fe69421f616c716cf2960cd,1782092400000,2026-06-22T01:40:00Z,1782092430000,2026-06-22T01:40:30Z,30,Down,0,calendar_ridge_logistic-l2-10,0.487367970045216,0.6681969817237907,0.23752753822599454,lgbm-depth2-leaves3,0.8010552976873471,1.6147283706987061,0.6416895899529642,-0.9465313889749154
0xe6b82c4bb655187c539a83a4370ae1efeb02029d8fe69421f616c716cf2960cd,1782092400000,2026-06-22T01:40:00Z,1782092460000,2026-06-22T01:41:00Z,60,Down,0,calendar_ridge_logistic-l2-10,0.48738683992176096,0.6682337921896784,0.23754593172892025,lgbm-depth2-leaves3,0.7886519696483579,1.5542490713804378,0.6219719292302345,-0.8860152791907594
0xe6b82c4bb655187c539a83a4370ae1efeb02029d8fe69421f616c716cf2960cd,1782092400000,2026-06-22T01:40:00Z,1782092490000,2026-06-22T01:41:30Z,90,Down,0,calendar_ridge_logistic-l2-10,0.48740572777729363,0.6682706390851255,0.23756434347011327,lgbm-depth2-leaves3,0.6988028068287971,1.1999901019205266,0.48832536283180517,-0.5317194628354011
0xe6b82c4bb655187c539a83a4370ae1efeb02029d8fe69421f616c716cf2960cd,1782092400000,2026-06-22T01:40:00Z,1782092520000,2026-06-22T01:42:00Z,120,Down,0,calendar_ridge_logistic-l2-10,0.487424634285644,0.6683075237287062,0.23758277410849377,lgbm-depth2-leaves3,0.6841349211359794,1.1524401221911869,0.46804059031773276,-0.4841325984624807
0xe6b82c4bb655187c539a83a4370ae1efeb02029d8fe69421f616c716cf2960cd,1782092400000,2026-06-22T01:40:00Z,1782092550000,2026-06-22T01:42:30Z,150,Down,0,calendar_ridge_logistic-l2-10,0.4874435587730812,0.6683444448100954,0.23760122298936628,lgbm-depth2-leaves3,0.46439447900018543,0.6243573571528729,0.21566223212585367,0.04398708765722248
0xe6b82c4bb655187c539a83a4370ae1efeb02029d8fe69421f616c716cf2960cd,1782092400000,2026-06-22T01:40:00Z,1782092580000,2026-06-22T01:43:00Z,180,Down,0,calendar_ridge_logistic-l2-10,0.48746250191344126,0.6683814036479847,0.23761969077171172,lgbm-depth2-leaves3,0.2374896044103752,0.2711391370333428,0.056401312202996504,0.3972422666146419
0xe6b82c4bb655187c539a83a4370ae1efeb02029d8fe69421f616c716cf2960cd,1782092400000,2026-06-22T01:40:00Z,1782092610000,2026-06-22T01:43:30Z,210,Down,0,calendar_ridge_logistic-l2-10,0.48748146309404494,0.6684183990510818,0.2376381768603107,lgbm-depth2-leaves3,0.23051591192553986,0.26203500418281017,0.053137585650863246,0.40638339486827163
0xe6b82c4bb655187c539a83a4370ae1efeb02029d8fe69421f616c716cf2960cd,1782092400000,2026-06-22T01:40:00Z,1782092640000,2026-06-22T01:44:00Z,240,Down,0,calendar_ridge_logistic-l2-10,0.48750044206999515,0.6684554305455461,0.2376566810184407,lgbm-depth2-leaves3,0.23743593261747695,0.27106875123353624,0.05637582209793105,0.3973866793120099
0x31788dca8caf655d948d18c5cbd4446eba89a34e2cad661b1bd0de9639ce30b0,1782092700000,2026-06-22T01:45:00Z,1782092730000,2026-06-22T01:45:30Z,30,Up,1,calendar_ridge_logistic-l2-10,0.48755740559724287,0.718347240405552,0.2625974125582286,lgbm-depth2-leaves3,0.6728124530650756,0.39628866118275036,0.10705169086929332,0.3220585792228016
0x31788dca8caf655d948d18c5cbd4446eba89a34e2cad661b1bd0de9639ce30b0,1782092700000,2026-06-22T01:45:00Z,1782092760000,2026-06-22T01:46:00Z,60,Up,1,calendar_ridge_logistic-l2-10,0.4875764559380642,0.7183081681477314,0.26257788850899466,lgbm-depth2-leaves3,0.5060383787480156,0.6811427652428406,0.2439980832698889,0.03716540290489079
0x31788dca8caf655d948d18c5cbd4446eba89a34e2cad661b1bd0de9639ce30b0,1782092700000,2026-06-22T01:45:00Z,1782092790000,2026-06-22T01:46:30Z,90,Up,1,calendar_ridge_logistic-l2-10,0.4875955237066821,0.7182690616741692,0.2625583473254295,lgbm-depth2-leaves3,0.3888106464059668,0.9446628240393571,0.3735524259466921,-0.22639376236518793
0x31788dca8caf655d948d18c5cbd4446eba89a34e2cad661b1bd0de9639ce30b0,1782092700000,2026-06-22T01:45:00Z,1782092820000,2026-06-22T01:47:00Z,120,Up,1,calendar_ridge_logistic-l2-10,0.48761460914808874,0.7182299204865089,0.26253878875846587,lgbm-depth2-leaves3,0.2627499793255086,1.336552347910109,0.543537592984538,-0.6183224274236
0x31788dca8caf655d948d18c5cbd4446eba89a34e2cad661b1bd0de9639ce30b0,1782092700000,2026-06-22T01:45:00Z,1782092850000,2026-06-22T01:47:30Z,150,Up,1,calendar_ridge_logistic-l2-10,0.4876337122623336,0.7181907445887854,0.26251921281007723,lgbm-depth2-leaves3,0.4434618953069223,0.8131433990591399,0.30973466197536315,-0.0949526544703545
0x31788dca8caf655d948d18c5cbd4446eba89a34e2cad661b1bd0de9639ce30b0,1782092700000,2026-06-22T01:45:00Z,1782092880000,2026-06-22T01:48:00Z,180,Up,1,calendar_ridge_logistic-l2-10,0.487652832007874,0.7181515361209659,0.2624996205495518,lgbm-depth2-leaves3,0.509796342357813,0.673743961726878,0.24029962596577847,0.044407574394087934
0x31788dca8caf655d948d18c5cbd4446eba89a34e2cad661b1bd0de9639ce30b0,1782092700000,2026-06-22T01:45:00Z,1782092910000,2026-06-22T01:48:30Z,210,Up,1,calendar_ridge_logistic-l2-10,0.4876719696102247,0.7181122925739519,0.2624800107230665,lgbm-depth2-leaves3,0.7721557244404403,0.25856903370279105,0.051913013905260555,0.4595432588711609
0x31788dca8caf655d948d18c5cbd4446eba89a34e2cad661b1bd0de9639ce30b0,1782092700000,2026-06-22T01:45:00Z,1782092940000,2026-06-22T01:49:00Z,240,Up,1,calendar_ridge_logistic-l2-10,0.4876911236600625,0.7180730168417196,0.26246038477668937,lgbm-depth2-leaves3,0.7522060456124232,0.28474499573754114,0.061401843831032484,0.4333280211041785
0xf1bf8a8ef8bd1a5c1d8e8e9d5c5dd394dde9b40bad6287e96c464ca00ef236f2,1782093000000,2026-06-22T01:50:00Z,1782093030000,2026-06-22T01:50:30Z,30,Up,1,calendar_ridge_logistic-l2-10,0.48774860793630703,0.7179551535346407,0.2624014886711913,lgbm-depth2-leaves3,0.7848443036590119,0.24226992015944926,0.046291973667975474,0.4756852333751914
0xf1bf8a8ef8bd1a5c1d8e8e9d5c5dd394dde9b40bad6287e96c464ca00ef236f2,1782093000000,2026-06-22T01:50:00Z,1782093060000,2026-06-22T01:51:00Z,60,Up,1,calendar_ridge_logistic-l2-10,0.4877678298594949,0.7179157448226074,0.2623817961268513,lgbm-depth2-leaves3,0.38055404831261513,0.9661270662682577,0.38371328706189,-0.24821132144565028
0xf1bf8a8ef8bd1a5c1d8e8e9d5c5dd394dde9b40bad6287e96c464ca00ef236f2,1782093000000,2026-06-22T01:50:00Z,1782093090000,2026-06-22T01:51:30Z,90,Up,1,calendar_ridge_logistic-l2-10,0.48778706865921095,0.7178763030654132,0.2623620870327239,lgbm-depth2-leaves3,0.5104802553102019,0.6724033192846492,0.2396295804411651,0.04547298378076392
0xf1bf8a8ef8bd1a5c1d8e8e9d5c5dd394dde9b40bad6287e96c464ca00ef236f2,1782093000000,2026-06-22T01:50:00Z,1782093120000,2026-06-22T01:52:00Z,120,Up,1,calendar_ridge_logistic-l2-10,0.4878063241515947,0.7178368286439418,0.26234236157910135,lgbm-depth2-leaves3,0.5955341900742462,0.5182964777723603,0.16359259139889598,0.1995403508715815
0xf1bf8a8ef8bd1a5c1d8e8e9d5c5dd394dde9b40bad6287e96c464ca00ef236f2,1782093000000,2026-06-22T01:50:00Z,1782093150000,2026-06-22T01:52:30Z,150,Up,1,calendar_ridge_logistic-l2-10,0.4878255954789802,0.7177973233202635,0.2623226206464612,lgbm-depth2-leaves3,0.28729595662548446,1.2472423867976883,0.5079470534423833,-0.5294450634774248
0xf1bf8a8ef8bd1a5c1d8e8e9d5c5dd394dde9b40bad6287e96c464ca00ef236f2,1782093000000,2026-06-22T01:50:00Z,1782093180000,2026-06-22T01:53:00Z,180,Up,1,calendar_ridge_logistic-l2-10,0.4878448839279609,0.7177577844608015,0.26230286291876387,lgbm-depth2-leaves3,0.39994554097976426,0.9164268886936635,0.3600653537900677,-0.198669104232862
0xf1bf8a8ef8bd1a5c1d8e8e9d5c5dd394dde9b40bad6287e96c464ca00ef236f2,1782093000000,2026-06-22T01:50:00Z,1782093210000,2026-06-22T01:53:30Z,210,Up,1,calendar_ridge_logistic-l2-10,0.4878641884569673,0.7177182142045535,0.2622830894648408,lgbm-depth2-leaves3,0.3156149301235679,1.1532323840204668,0.4683829238697689,-0.4355141698159133
0xf1bf8a8ef8bd1a5c1d8e8e9d5c5dd394dde9b40bad6287e96c464ca00ef236f2,1782093000000,2026-06-22T01:50:00Z,1782093240000,2026-06-22T01:54:00Z,240,Up,1,calendar_ridge_logistic-l2-10,0.4878835086371805,0.7176786134342451,0.2622633007257648,lgbm-depth2-leaves3,0.7067918845887401,0.3470190205086535,0.08597099894302271,0.3706595929255916
0x565a17e579b76ee215378e4cf39e15a8d96369205517e81bafe0363230c9b40c,1782093300000,2026-06-22T01:55:00Z,1782093330000,2026-06-22T01:55:30Z,30,Down,0,calendar_ridge_logistic-l2-10,0.4879414860958095,0.6693163755035367,0.23808689385338705,lgbm-depth2-leaves3,0.6615910948144198,1.083500336036092,0.4377027767377426,-0.41418396053255524
0x565a17e579b76ee215378e4cf39e15a8d96369205517e81bafe0363230c9b40c,1782093300000,2026-06-22T01:55:00Z,1782093360000,2026-06-22T01:56:00Z,60,Down,0,calendar_ridge_logistic-l2-10,0.48796087047359954,0.6693542320066089,0.238105811113353,lgbm-depth2-leaves3,0.4849003101885757,0.6633948246017626,0.23512831082097693,0.005959407404846351
0x565a17e579b76ee215378e4cf39e15a8d96369205517e81bafe0363230c9b40c,1782093300000,2026-06-22T01:55:00Z,1782093390000,2026-06-22T01:56:30Z,90,Down,0,calendar_ridge_logistic-l2-10,0.487980270931612,0.6693921213483239,0.23812474481848944,lgbm-depth2-leaves3,0.504017255870498,0.7012141429238856,0.254033394215227,-0.03182202157556169
0x565a17e579b76ee215378e4cf39e15a8d96369205517e81bafe0363230c9b40c,1782093300000,2026-06-22T01:55:00Z,1782093420000,2026-06-22T01:57:00Z,120,Down,0,calendar_ridge_logistic-l2-10,0.4879996869181794,0.6694300424548854,0.23814369443224112,lgbm-depth2-leaves3,0.33181407202078345,0.40318880887534597,0.11010057839101367,0.2662412335795394
0x565a17e579b76ee215378e4cf39e15a8d96369205517e81bafe0363230c9b40c,1782093300000,2026-06-22T01:55:00Z,1782093450000,2026-06-22T01:57:30Z,150,Down,0,calendar_ridge_logistic-l2-10,0.48801911837226886,0.6694679952106434,0.23816265989684657,lgbm-depth2-leaves3,0.3428527785584614,0.419847204258237,0.11754802776525738,0.24962079095240636
0x565a17e579b76ee215378e4cf39e15a8d96369205517e81bafe0363230c9b40c,1782093300000,2026-06-22T01:55:00Z,1782093480000,2026-06-22T01:58:00Z,180,Down,0,calendar_ridge_logistic-l2-10,0.4880385653549728,0.669505979738477,0.23818164127374006,lgbm-depth2-leaves3,0.36746065592545535,0.45801285624462834,0.13502733365316588,0.2114931234938487
0x565a17e579b76ee215378e4cf39e15a8d96369205517e81bafe0363230c9b40c,1782093300000,2026-06-22T01:55:00Z,1782093510000,2026-06-22T01:58:30Z,210,Down,0,calendar_ridge_logistic-l2-10,0.48805802786631536,0.6695439960419995,0.23820063856475707,lgbm-depth2-leaves3,0.4011294274452756,0.5127097767433954,0.1609048175625746,0.1568342192986042
0x565a17e579b76ee215378e4cf39e15a8d96369205517e81bafe0363230c9b40c,1782093300000,2026-06-22T01:55:00Z,1782093540000,2026-06-22T01:59:00Z,240,Down,0,calendar_ridge_logistic-l2-10,0.4880775056613649,0.6695820436463255,0.23821965153261965,lgbm-depth2-leaves3,0.2690789826620255,0.31344987248717276,0.07240349891043063,0.3561321711591527
0xd2ae1dced132230c28527209739728f521e96e51134f62b9019f5983d0f983ea,1782093600000,2026-06-22T02:00:00Z,1782093630000,2026-06-22T02:00:30Z,30,Down,0,calendar_ridge_logistic-l2-10,0.48813594805922295,0.6696962127534191,0.2382767037876764,lgbm-depth2-leaves3,0.7791896576137222,1.510451125158617,0.6071365225321895,-0.840754912405198
0xd2ae1dced132230c28527209739728f521e96e51134f62b9019f5983d0f983ea,1782093600000,2026-06-22T02:00:00Z,1782093660000,2026-06-22T02:01:00Z,60,Down,0,calendar_ridge_logistic-l2-10,0.4881554863146548,0.6697343842723263,0.2382957788190971,lgbm-depth2-leaves3,0.37886416177614396,0.47620547986778733,0.1435380530783402,0.19352890440453901
0xd2ae1dced132230c28527209739728f521e96e51134f62b9019f5983d0f983ea,1782093600000,2026-06-22T02:00:00Z,1782093690000,2026-06-22T02:01:30Z,90,Down,0,calendar_ridge_logistic-l2-10,0.4881750391183156,0.669772585672581,0.238314868818169,lgbm-depth2-leaves3,0.23497809005063372,0.2678508051090433,0.05521470280384373,0.4019217805635377
0xd2ae1dced132230c28527209739728f521e96e51134f62b9019f5983d0f983ea,1782093600000,2026-06-22T02:00:00Z,1782093720000,2026-06-22T02:02:00Z,120,Down,0,calendar_ridge_logistic-l2-10,0.48819460640915385,0.6698108168382653,0.23833397372698864,lgbm-depth2-leaves3,0.4824875328443405,0.658721663010752,0.23279421935021855,0.011089153827513298
0xd2ae1dced132230c28527209739728f521e96e51134f62b9019f5983d0f983ea,1782093600000,2026-06-22T02:00:00Z,1782093750000,2026-06-22T02:02:30Z,150,Down,0,calendar_ridge_logistic-l2-10,0.48821418867713134,0.6698490787300945,0.2383530940256696,lgbm-depth2-leaves3,0.24627598347895702,0.28272900381214766,0.06065186003852751,0.3871200749179468
0xd2ae1dced132230c28527209739728f521e96e51134f62b9019f5983d0f983ea,1782093600000,2026-06-22T02:00:00Z,1782093780000,2026-06-22T02:03:00Z,180,Down,0,calendar_ridge_logistic-l2-10,0.48823378543233176,0.6698873703942348,0.23837222923758417,lgbm-depth2-leaves3,0.34015680168395385,0.415753050496884,0.11570664973185671,0.25413431989735086
0xd2ae1dced132230c28527209739728f521e96e51134f62b9019f5983d0f983ea,1782093600000,2026-06-22T02:00:00Z,1782093810000,2026-06-22T02:03:30Z,210,Down,0,calendar_ridge_logistic-l2-10,0.48825339636803455,0.6699256912346904,0.23839137906492106,lgbm-depth2-leaves3,0.7977438788114897,1.5982204580453558,0.6363952961812007,-0.9282947668106655
0xd2ae1dced132230c28527209739728f521e96e51134f62b9019f5983d0f983ea,1782093600000,2026-06-22T02:00:00Z,1782093840000,2026-06-22T02:04:00Z,240,Down,0,calendar_ridge_logistic-l2-10,0.48827302179100146,0.6699640418542228,0.2384105438089158,lgbm-depth2-leaves3,0.6626753262823206,1.0867093889297297,0.4391385880633801,-0.4167453470755069
0x698143235e293a095f7563f2b3a18c23687d6b1e9349ca84c0ee54d769c9a2bc,1782093900000,2026-06-22T02:05:00Z,1782093930000,2026-06-22T02:05:30Z,30,Down,0,calendar_ridge_logistic-l2-10,0.48833190223059336,0.670079110689395,0.2384680467361498,lgbm-depth2-leaves3,0.5612529717248551,0.8238322773870623,0.315004898269981,-0.15375316669766736
0x698143235e293a095f7563f2b3a18c23687d6b1e9349ca84c0ee54d769c9a2bc,1782093900000,2026-06-22T02:05:00Z,1782093960000,2026-06-22T02:06:00Z,60,Down,0,calendar_ridge_logistic-l2-10,0.488351584253546,0.6701175778160271,0.23848726984294827,lgbm-depth2-leaves3,0.518825575818289,0.7315254463736987,0.2691799781231792,-0.06140786855767155
0x698143235e293a095f7563f2b3a18c23687d6b1e9349ca84c0ee54d769c9a2bc,1782093900000,2026-06-22T02:05:00Z,1782093990000,2026-06-22T02:06:30Z,90,Down,0,calendar_ridge_logistic-l2-10,0.48837127996716867,0.6701560731814299,0.23850650709677065,lgbm-depth2-leaves3,0.3984138193365382,0.5081854775819831,0.1587335714383277,0.16197059559944682
0x698143235e293a095f7563f2b3a18c23687d6b1e9349ca84c0ee54d769c9a2bc,1782093900000,2026-06-22T02:05:00Z,1782094020000,2026-06-22T02:07:00Z,120,Down,0,calendar_ridge_logistic-l2-10,0.48839098986141377,0.6701945977464774,0.23852575897781156,lgbm-depth2-leaves3,0.2633989354800482,0.30570882979172254,0.0693789992120226,0.36448576795475485
0x698143235e293a095f7563f2b3a18c23687d6b1e9349ca84c0ee54d769c9a2bc,1782093900000,2026-06-22T02:05:00Z,1782094050000,2026-06-22T02:07:30Z,150,Down,0,calendar_ridge_logistic-l2-10,0.48841071313961615,0.6702331499572515,0.23854502470954841,lgbm-depth2-leaves3,0.3344748003300666,0.4071787760938633,0.11187339205583792,0.26305437386338815
0x698143235e293a095f7563f2b3a18c23687d6b1e9349ca84c0ee54d769c9a2bc,1782093900000,2026-06-22T02:05:00Z,1782094080000,2026-06-22T02:08:00Z,180,Down,0,calendar_ridge_logistic-l2-10,0.48843045010852754,0.6702717304165212,0.2385643045932188,lgbm-depth2-leaves3,0.4912046485311755,0.6757094032620634,0.24128200673863567,-0.005437672845542196
0x698143235e293a095f7563f2b3a18c23687d6b1e9349ca84c0ee54d769c9a2bc,1782093900000,2026-06-22T02:05:00Z,1782094110000,2026-06-22T02:08:30Z,210,Down,0,calendar_ridge_logistic-l2-10,0.4884502004614164,0.6703103385278864,0.23858359833079787,lgbm-depth2-leaves3,0.6586706075310269,1.074907307618499,0.4338469692252921,-0.4045969690906126
0x698143235e293a095f7563f2b3a18c23687d6b1e9349ca84c0ee54d769c9a2bc,1782093900000,2026-06-22T02:05:00Z,1782094140000,2026-06-22T02:09:00Z,240,Down,0,calendar_ridge_logistic-l2-10,0.4884699645661107,0.6703489750135664,0.23860290628321743,lgbm-depth2-leaves3,0.49439118415029093,0.6819919998898937,0.24442264296552688,-0.01164302487632729
0xe299bf57636dc075e35fbc256f95d7d669f87e1c6653b900ff76e335e9c38511,1782094200000,2026-06-22T02:10:00Z,1782094230000,2026-06-22T02:10:30Z,30,Up,1,calendar_ridge_logistic-l2-10,0.48852925473782866,0.7163559224186932,0.26160232325904104,lgbm-depth2-leaves3,0.56451961015556,0.5717801570134134,0.18964316993906546,0.14457576540527972
0xe299bf57636dc075e35fbc256f95d7d669f87e1c6653b900ff76e335e9c38511,1782094200000,2026-06-22T02:10:00Z,1782094260000,2026-06-22T02:11:00Z,60,Up,1,calendar_ridge_logistic-l2-10,0.48854907145961746,0.7163153591982017,0.2615820523048195,lgbm-depth2-leaves3,0.5556443716242971,0.5876268087560588,0.19745192446916573,0.1286885504421429
0xe299bf57636dc075e35fbc256f95d7d669f87e1c6653b900ff76e335e9c38511,1782094200000,2026-06-22T02:10:00Z,1782094290000,2026-06-22T02:11:30Z,90,Up,1,calendar_ridge_logistic-l2-10,0.48856890076875314,0.7162747718593091,0.2615617692608815,lgbm-depth2-leaves3,0.5914066429247951,0.5252514390857641,0.16694853144598593,0.191023332773545
0xe299bf57636dc075e35fbc256f95d7d669f87e1c6653b900ff76e335e9c38511,1782094200000,2026-06-22T02:10:00Z,1782094320000,2026-06-22T02:12:00Z,120,Up,1,calendar_ridge_logistic-l2-10,0.48858874346193776,0.7162341587744001,0.26154147331383965,lgbm-depth2-leaves3,0.5298053120102618,0.6352456757499969,0.22108304461376724,0.0809884830244032
0xe299bf57636dc075e35fbc256f95d7d669f87e1c6653b900ff76e335e9c38511,1782094200000,2026-06-22T02:10:00Z,1782094350000,2026-06-22T02:12:30Z,150,Up,1,calendar_ridge_logistic-l2-10,0.4886085983135994,0.7161935224549679,0.26152116571878153,lgbm-depth2-leaves3,0.55021100461986,0.5974534295650743,0.20231014036507566,0.11874009288989362
0xe299bf57636dc075e35fbc256f95d7d669f87e1c6653b900ff76e335e9c38511,1782094200000,2026-06-22T02:10:00Z,1782094380000,2026-06-22T02:13:00Z,180,Up,1,calendar_ridge_logistic-l2-10,0.4886284665493279,0.7161528603956874,0.2615008452236919,lgbm-depth2-leaves3,0.3939654881907358,0.9314919669452597,0.36727782950389326,-0.21533910654957233
0xe299bf57636dc075e35fbc256f95d7d669f87e1c6653b900ff76e335e9c38511,1782094200000,2026-06-22T02:10:00Z,1782094410000,2026-06-22T02:13:30Z,210,Up,1,calendar_ridge_logistic-l2-10,0.48864834694353904,0.7161121751078766,0.2614805130835753,lgbm-depth2-leaves3,0.448845004482418,0.8010776524338481,0.3037718290839859,-0.08496547732597148
0xe299bf57636dc075e35fbc256f95d7d669f87e1c6653b900ff76e335e9c38511,1782094200000,2026-06-22T02:10:00Z,1782094440000,2026-06-22T02:14:00Z,240,Up,1,calendar_ridge_logistic-l2-10,0.4886682394962411,0.7160714665944209,0.26146016929987337,lgbm-depth2-leaves3,0.5799526155485666,0.5448088761091383,0.17643980518449032,0.17126259048528258
0xc66a1a3d969dd16fea72ad42ba51700c909168a85c06815b39b6c405eeeefd1a,1782094500000,2026-06-22T02:15:00Z,1782094530000,2026-06-22T02:15:30Z,30,Up,1,calendar_ridge_logistic-l2-10,0.4887279112106375,0.7159493631578002,0.2613991487750377,lgbm-depth2-leaves3,0.4349254595513487,0.832580619930023,0.3193092362632544,-0.11663125677222275
0xc66a1a3d969dd16fea72ad42ba51700c909168a85c06815b39b6c405eeeefd1a,1782094500000,2026-06-22T02:15:00Z,1782094560000,2026-06-22T02:16:00Z,60,Up,1,calendar_ridge_logistic-l2-10,0.48874785331602344,0.7159085598844867,0.26137875748897427,lgbm-depth2-leaves3,0.4814435242663596,0.7309663458663949,0.2689008185252936,-0.015057785981908212
0xc66a1a3d969dd16fea72ad42ba51700c909168a85c06815b39b6c405eeeefd1a,1782094500000,2026-06-22T02:15:00Z,1782094590000,2026-06-22T02:16:30Z,90,Up,1,calendar_ridge_logistic-l2-10,0.48876780678320203,0.7158677350302243,0.2613583553812575,lgbm-depth2-leaves3,0.7809268253809203,0.24727382702630094,0.04799305583768179,0.4685939080039233
0xc66a1a3d969dd16fea72ad42ba51700c909168a85c06815b39b6c405eeeefd1a,1782094500000,2026-06-22T02:15:00Z,1782094620000,2026-06-22T02:17:00Z,120,Up,1,calendar_ridge_logistic-l2-10,0.488787772837772,0.715826886090299,0.2613379412001653,lgbm-depth2-leaves3,0.7201468038668862,0.3283001934960813,0.07831781138591905,0.3875266925942177
0xc66a1a3d969dd16fea72ad42ba51700c909168a85c06815b39b6c405eeeefd1a,1782094500000,2026-06-22T02:15:00Z,1782094650000,2026-06-22T02:17:30Z,150,Up,1,calendar_ridge_logistic-l2-10,0.48880775031520296,0.71578601545012,0.2613175161378039,lgbm-depth2-leaves3,0.6018350338476404,0.5077719013798604,0.1585353402711097,0.2080141140702596
0xc66a1a3d969dd16fea72ad42ba51700c909168a85c06815b39b6c405eeeefd1a,1782094500000,2026-06-22T02:15:00Z,1782094680000,2026-06-22T02:18:00Z,180,Up,1,calendar_ridge_logistic-l2-10,0.4888277399511385,0.715745121607502,0.2612970794434609,lgbm-depth2-leaves3,0.7010582154143222,0.35516434915557776,0.08936619057126977,0.36058077245192427
0xc66a1a3d969dd16fea72ad42ba51700c909168a85c06815b39b6c405eeeefd1a,1782094500000,2026-06-22T02:15:00Z,1782094710000,2026-06-22T02:18:30Z,210,Up,1,calendar_ridge_logistic-l2-10,0.4888477410099273,0.715704206070228,0.2612766318706544,lgbm-depth2-leaves3,0.7293364875719753,0.3156200792932635,0.07325873695987546,0.4000841267769645
0xc66a1a3d969dd16fea72ad42ba51700c909168a85c06815b39b6c405eeeefd1a,1782094500000,2026-06-22T02:15:00Z,1782094740000,2026-06-22T02:19:00Z,240,Up,1,calendar_ridge_logistic-l2-10,0.4888677534305014,0.7156632689659463,0.26125617348318275,lgbm-depth2-leaves3,0.6964314859763016,0.36178585962264737,0.0921538427065564,0.353877409343299
0x83d33a9963fb8b4cf9059985a2e0e92ae51e4e0ffd760a7989d0369729f06e39,1782094800000,2026-06-22T02:20:00Z,1782094830000,2026-06-22T02:20:30Z,30,Down,0,calendar_ridge_logistic-l2-10,0.4889277780055361,0.6712443641380992,0.2390503721054308,lgbm-depth2-leaves3,0.2511905034744252,0.2892706715733537,0.0630966690357352,0.3819736925647455
0x83d33a9963fb8b4cf9059985a2e0e92ae51e4e0ffd760a7989d0369729f06e39,1782094800000,2026-06-22T02:20:00Z,1782094860000,2026-06-22T02:21:00Z,60,Down,0,calendar_ridge_logistic-l2-10,0.48894783562737265,0.6712836110675465,0.23906998596469223,lgbm-depth2-leaves3,0.35751561873003035,0.4424127718156784,0.12781741763591642,0.22887083925186813
0x83d33a9963fb8b4cf9059985a2e0e92ae51e4e0ffd760a7989d0369729f06e39,1782094800000,2026-06-22T02:20:00Z,1782094890000,2026-06-22T02:21:30Z,90,Down,0,calendar_ridge_logistic-l2-10,0.488967904304218,0.671322881170085,0.23908961143965887,lgbm-depth2-leaves3,0.2670225808671372,0.3106403836643239,0.07130105869294683,0.3606824975057611
0x83d33a9963fb8b4cf9059985a2e0e92ae51e4e0ffd760a7989d0369729f06e39,1782094800000,2026-06-22T02:20:00Z,1782094920000,2026-06-22T02:22:00Z,120,Down,0,calendar_ridge_logistic-l2-10,0.4889879839139177,0.67136217420934,0.23910924841219783,lgbm-depth2-leaves3,0.2493200183917072,0.2867758410591284,0.062160471570841216,0.38458633315021157
0x83d33a9963fb8b4cf9059985a2e0e92ae51e4e0ffd760a7989d0369729f06e39,1782094800000,2026-06-22T02:20:00Z,1782094950000,2026-06-22T02:22:30Z,150,Down,0,calendar_ridge_logistic-l2-10,0.4890080745786127,0.6714014904269818,0.239128897003082,lgbm-depth2-leaves3,0.420764626625378,0.5460463669601985,0.17704287101919375,0.12535512346678335
0x83d33a9963fb8b4cf9059985a2e0e92ae51e4e0ffd760a7989d0369729f06e39,1782094800000,2026-06-22T02:20:00Z,1782094980000,2026-06-22T02:23:00Z,180,Down,0,calendar_ridge_logistic-l2-10,0.4890281758083208,0.6714408288667618,0.23914855673441393,lgbm-depth2-leaves3,0.3921236045953744,0.4977837147154785,0.15376092128086952,0.17365711415128332
0x83d33a9963fb8b4cf9059985a2e0e92ae51e4e0ffd760a7989d0369729f06e39,1782094800000,2026-06-22T02:20:00Z,1782095010000,2026-06-22T02:23:30Z,210,Down,0,calendar_ridge_logistic-l2-10,0.48904828766410313,0.6714801896507462,0.23916822766719137,lgbm-depth2-leaves3,0.4900424879427934,0.6734278664259625,0.24014163998916285,-0.0019476767752163449
0x83d33a9963fb8b4cf9059985a2e0e92ae51e4e0ffd760a7989d0369729f06e39,1782094800000,2026-06-22T02:20:00Z,1782095040000,2026-06-22T02:24:00Z,240,Down,0,calendar_ridge_logistic-l2-10,0.48906841014595553,0.6715195727815046,0.23918790980269258,lgbm-depth2-leaves3,0.5782680023401832,0.8633852433282178,0.33439388253050606,-0.1918656705467131
0x9029d795aec1ebcce3745fc166e460cca750d5f456e0875827d27c819dcd2a76,1782095100000,2026-06-22T02:25:00Z,1782095130000,2026-06-22T02:25:30Z,30,Up,1,calendar_ridge_logistic-l2-10,0.48912875932587274,0.7151295126628029,0.26098942454792207,lgbm-depth2-leaves3,0.4434618953069223,0.8131433990591399,0.30973466197536315,-0.09801388639633701
0x9029d795aec1ebcce3745fc166e460cca750d5f456e0875827d27c819dcd2a76,1782095100000,2026-06-22T02:25:00Z,1782095160000,2026-06-22T02:26:00Z,60,Up,1,calendar_ridge_logistic-l2-10,0.4891489230861064,0.7150882896836855,0.2609688227840849,lgbm-depth2-leaves3,0.49217488596061393,0.7089211663809677,0.2578863464491155,0.006167123302717847
0x9029d795aec1ebcce3745fc166e460cca750d5f456e0875827d27c819dcd2a76,1782095100000,2026-06-22T02:25:00Z,1782095190000,2026-06-22T02:26:30Z,90,Up,1,calendar_ridge_logistic-l2-10,0.4891690974112853,0.7150470468060955,0.26094821103960103,lgbm-depth2-leaves3,0.6410242307294747,0.4446880213258853,0.12886360292336543,0.27035902548021024
0x9029d795aec1ebcce3745fc166e460cca750d5f456e0875827d27c819dcd2a76,1782095100000,2026-06-22T02:25:00Z,1782095220000,2026-06-22T02:27:00Z,120,Up,1,calendar_ridge_logistic-l2-10,0.4891892811978874,0.7150057862883828,0.26092759044313096,lgbm-depth2-leaves3,0.3972938179805605,0.9230791763617759,0.3632547418444497,-0.2080733900733931
0x9029d795aec1ebcce3745fc166e460cca750d5f456e0875827d27c819dcd2a76,1782095100000,2026-06-22T02:25:00Z,1782095250000,2026-06-22T02:27:30Z,150,Up,1,calendar_ridge_logistic-l2-10,0.48920947518157426,0.714964506629025,0.2609069602442827,lgbm-depth2-leaves3,0.3683272062410521,0.9987835884764283,0.3990105183752343,-0.28381908184740334
0x9029d795aec1ebcce3745fc166e460cca750d5f456e0875827d27c819dcd2a76,1782095100000,2026-06-22T02:25:00Z,1782095280000,2026-06-22T02:28:00Z,180,Up,1,calendar_ridge_logistic-l2-10,0.48922967899449443,0.714923208582362,0.2608863208200672,lgbm-depth2-leaves3,0.608577807389586,0.4966305072028858,0.15321133286794403,0.2182927013794762
0x9029d795aec1ebcce3745fc166e460cca750d5f456e0875827d27c819dcd2a76,1782095100000,2026-06-22T02:25:00Z,1782095310000,2026-06-22T02:28:30Z,210,Up,1,calendar_ridge_logistic-l2-10,0.4892498918398824,0.7148818937792873,0.2608656729855718,lgbm-depth2-leaves3,0.7951381345197321,0.22923942530843205,0.04196838392805536,0.4856424684708553
0x9029d795aec1ebcce3745fc166e460cca750d5f456e0875827d27c819dcd2a76,1782095100000,2026-06-22T02:25:00Z,1782095340000,2026-06-22T02:29:00Z,240,Up,1,calendar_ridge_logistic-l2-10,0.48927011488231203,0.7148405598417211,0.2608450155523268,lgbm-depth2-leaves3,0.6479252255669014,0.43397998193177645,0.12395664679211729,0.2808605779099447
0x111f791cd3a9df820c8444801376105bee783bae53dbe691942e84bbb320e403,1782095400000,2026-06-22T02:30:00Z,1782095430000,2026-06-22T02:30:30Z,30,Down,0,calendar_ridge_logistic-l2-10,0.4893307595509972,0.672033177318672,0.23944459224275583,lgbm-depth2-leaves3,0.2594767821946494,0.3003982915384699,0.06732820049808953,0.37163488578020204
0x111f791cd3a9df820c8444801376105bee783bae53dbe691942e84bbb320e403,1782095400000,2026-06-22T02:30:00Z,1782095460000,2026-06-22T02:31:00Z,60,Down,0,calendar_ridge_logistic-l2-10,0.4893510203164259,0.6720728530339034,0.2394644210847271,lgbm-depth2-leaves3,0.47942961632940295,0.6528301768785568,0.2298527570137585,0.019242676155346583
0x111f791cd3a9df820c8444801376105bee783bae53dbe691942e84bbb320e403,1782095400000,2026-06-22T02:30:00Z,1782095490000,2026-06-22T02:31:30Z,90,Down,0,calendar_ridge_logistic-l2-10,0.4893712897463798,0.6721125472917067,0.23948425922803518,lgbm-depth2-leaves3,0.6241854891903761,0.9786595796305599,0.3896075249158291,-0.3065470323388533
0x111f791cd3a9df820c8444801376105bee783bae53dbe691942e84bbb320e403,1782095400000,2026-06-22T02:30:00Z,1782095520000,2026-06-22T02:32:00Z,120,Down,0,calendar_ridge_logistic-l2-10,0.4893915685765153,0.6721522615349722,0.23950410739378206,lgbm-depth2-leaves3,0.6347820411651593,1.0072609561285493,0.4029482397858061,-0.33510869459357706
0x111f791cd3a9df820c8444801376105bee783bae53dbe691942e84bbb320e403,1782095400000,2026-06-22T02:30:00Z,1782095550000,2026-06-22T02:32:30Z,150,Down,0,calendar_ridge_logistic-l2-10,0.4894118560711341,0.6721919943251345,0.23952396486299246,lgbm-depth2-leaves3,0.3914657863732685,0.4967021419614297,0.15324546190084148,0.17548985236370485
0x111f791cd3a9df820c8444801376105bee783bae53dbe691942e84bbb320e403,1782095400000,2026-06-22T02:30:00Z,1782095580000,2026-06-22T02:33:00Z,180,Down,0,calendar_ridge_logistic-l2-10,0.4894321525980549,0.6722317463847528,0.23954383199676568,lgbm-depth2-leaves3,0.4764028371494421,0.6470326635046977,0.22695966324403785,0.025199082880055124
0x111f791cd3a9df820c8444801376105bee783bae53dbe691942e84bbb320e403,1782095400000,2026-06-22T02:30:00Z,1782095610000,2026-06-22T02:33:30Z,210,Down,0,calendar_ridge_logistic-l2-10,0.4894524581572549,0.6722715177160178,0.23956370879617936,lgbm-depth2-leaves3,0.6045657038617195,0.9277706341763736,0.3654996902858163,-0.25549911646035584
0x111f791cd3a9df820c8444801376105bee783bae53dbe691942e84bbb320e403,1782095400000,2026-06-22T02:30:00Z,1782095640000,2026-06-22T02:34:00Z,240,Down,0,calendar_ridge_logistic-l2-10,0.4894727719519561,0.6723113067604695,0.23958359448233163,lgbm-depth2-leaves3,0.5852151533527379,0.8799953350026894,0.3424767757136685,-0.20768402824222
0x4873f30af9b82f66a7cb676869560a29dc916865c13b572a4eecd49d71e2e101,1782095700000,2026-06-22T02:35:00Z,1782095730000,2026-06-22T02:35:30Z,30,Up,1,calendar_ridge_logistic-l2-10,0.48953368329753977,0.714302007739475,0.2605758604877764,lgbm-depth2-leaves3,0.24662869147384917,1.3998713467884807,0.5675683285104048,-0.6855693390490056
0x4873f30af9b82f66a7cb676869560a29dc916865c13b572a4eecd49d71e2e101,1782095700000,2026-06-22T02:35:00Z,1782095760000,2026-06-22T02:36:00Z,60,Up,1,calendar_ridge_logistic-l2-10,0.4895540304627674,0.7142604442208145,0.2605550878168053,lgbm-depth2-leaves3,0.27359026500668754,1.2961236749826728,0.5276711030930545,-0.5818632307618583
0x4873f30af9b82f66a7cb676869560a29dc916865c13b572a4eecd49d71e2e101,1782095700000,2026-06-22T02:35:00Z,1782095790000,2026-06-22T02:36:30Z,90,Up,1,calendar_ridge_logistic-l2-10,0.4895743862922939,0.7142188647319935,0.2605343071288884,lgbm-depth2-leaves3,0.6425946177276088,0.44224120810948514,0.12773860727727407,0.27197765662250833
0x4873f30af9b82f66a7cb676869560a29dc916865c13b572a4eecd49d71e2e101,1782095700000,2026-06-22T02:35:00Z,1782095820000,2026-06-22T02:37:00Z,120,Up,1,calendar_ridge_logistic-l2-10,0.48959474992824514,0.7141772710272883,0.2605135193008106,lgbm-depth2-leaves3,0.7561511590414038,0.2795139769671431,0.059462257236850724,0.43466329406014526
0x4873f30af9b82f66a7cb676869560a29dc916865c13b572a4eecd49d71e2e101,1782095700000,2026-06-22T02:35:00Z,1782095850000,2026-06-22T02:37:30Z,150,Up,1,calendar_ridge_logistic-l2-10,0.4896151218605955,0.714135662107811,0.26049272383337474,lgbm-depth2-leaves3,0.732280452890027,0.31159170603386327,0.07167375590476907,0.4025439560739477
0x4873f30af9b82f66a7cb676869560a29dc916865c13b572a4eecd49d71e2e101,1782095700000,2026-06-22T02:35:00Z,1782095880000,2026-06-22T02:38:00Z,180,Up,1,calendar_ridge_logistic-l2-10,0.48963550159931934,0.7140940389763296,0.26047192122777835,lgbm-depth2-leaves3,0.3972938179805605,0.9230791763617759,0.3632547418444497,-0.20898513738544633
0x4873f30af9b82f66a7cb676869560a29dc916865c13b572a4eecd49d71e2e101,1782095700000,2026-06-22T02:35:00Z,1782095910000,2026-06-22T02:38:30Z,210,Up,1,calendar_ridge_logistic-l2-10,0.48965588840868574,0.7140524031372375,0.2604511122359279,lgbm-depth2-leaves3,0.3972938179805605,0.9230791763617759,0.3632547418444497,-0.20902677322453844
0x4873f30af9b82f66a7cb676869560a29dc916865c13b572a4eecd49d71e2e101,1782095700000,2026-06-22T02:35:00Z,1782095940000,2026-06-22T02:39:00Z,240,Up,1,calendar_ridge_logistic-l2-10,0.48967628388221984,0.714010751337952,0.2604302952322607,lgbm-depth2-leaves3,0.4086186040322065,0.8949730664745631,0.3497319554968161,-0.1809623151366111
0x208cc7922bb162b9b18a85cf2dd585dfa7288b91dfbdd85d904738195c152ab6,1782096000000,2026-06-22T02:40:00Z,1782096030000,2026-06-22T02:40:30Z,30,Down,0,calendar_ridge_logistic-l2-10,0.48973743302930406,0.672829848549523,0.23984275331013208,lgbm-depth2-leaves3,0.6547403918184759,1.0634586574448557,0.4286849806786113,-0.3906288088953327
0x208cc7922bb162b9b18a85cf2dd585dfa7288b91dfbdd85d904738195c152ab6,1782096000000,2026-06-22T02:40:00Z,1782096060000,2026-06-22T02:41:00Z,60,Down,0,calendar_ridge_logistic-l2-10,0.48975785788841036,0.6728698774860428,0.23986275936344437,lgbm-depth2-leaves3,0.7306390606350855,1.3117030167396666,0.5338334369257202,-0.6388331392536238
0x208cc7922bb162b9b18a85cf2dd585dfa7288b91dfbdd85d904738195c152ab6,1782096000000,2026-06-22T02:40:00Z,1782096090000,2026-06-22T02:41:30Z,90,Down,0,calendar_ridge_logistic-l2-10,0.48977828981797933,0.6729099218825705,0.23988277317702456,lgbm-depth2-leaves3,0.3972938179805605,0.5063254613374483,0.15784237780557075,0.16658446054512221
0x208cc7922bb162b9b18a85cf2dd585dfa7288b91dfbdd85d904738195c152ab6,1782096000000,2026-06-22T02:40:00Z,1782096120000,2026-06-22T02:42:00Z,120,Down,0,calendar_ridge_logistic-l2-10,0.48979872881797165,0.672949981740822,0.23990279475170093,lgbm-depth2-leaves3,0.4042468042788514,0.5179287988193537,0.163415478769664,0.15502118292146827
0x208cc7922bb162b9b18a85cf2dd585dfa7288b91dfbdd85d904738195c152ab6,1782096000000,2026-06-22T02:40:00Z,1782096150000,2026-06-22T02:42:30Z,150,Down,0,calendar_ridge_logistic-l2-10,0.489819174827285,0.6729900569428255,0.23992282402848236,lgbm-depth2-leaves3,0.3938899073440166,0.5006936383635318,0.15514925910747795,0.1722964185792938
0x208cc7922bb162b9b18a85cf2dd585dfa7288b91dfbdd85d904738195c152ab6,1782096000000,2026-06-22T02:40:00Z,1782096180000,2026-06-22T02:43:00Z,180,Down,0,calendar_ridge_logistic-l2-10,0.4898396279680339,0.6730301477297264,0.23994286112786184,lgbm-depth2-leaves3,0.2823256632863244,0.33173938286457977,0.07970778015006302,0.3412907648651466
0x208cc7922bb162b9b18a85cf2dd585dfa7288b91dfbdd85d904738195c152ab6,1782096000000,2026-06-22T02:40:00Z,1782096210000,2026-06-22T02:43:30Z,210,Down,0,calendar_ridge_logistic-l2-10,0.48986008768910033,0.6730702530230075,0.23996290551077307,lgbm-depth2-leaves3,0.4291343934868791,0.5606014621547278,0.18415632767335158,0.11246879086827966
0x208cc7922bb162b9b18a85cf2dd585dfa7288b91dfbdd85d904738195c152ab6,1782096000000,2026-06-22T02:40:00Z,1782096240000,2026-06-22T02:44:00Z,240,Down,0,calendar_ridge_logistic-l2-10,0.4898805541126051,0.6731103730637463,0.23998295729767302,lgbm-depth2-leaves3,0.5368003658358069,0.7695971425246283,0.28815463276145614,-0.09648676946088197
0xd2a0d6750b1c64d515fc1b7143788216dae2821bfa624a97b9cb8232439d2944,1782096300000,2026-06-22T02:45:00Z,1782096330000,2026-06-22T02:45:30Z,30,Down,0,calendar_ridge_logistic-l2-10,0.489941912244486,0.6732306621897689,0.24004307737378364,lgbm-depth2-leaves3,0.3972938179805605,0.5063254613374483,0.15784237780557075,0.16690520085232063
0xd2a0d6750b1c64d515fc1b7143788216dae2821bfa624a97b9cb8232439d2944,1782096300000,2026-06-22T02:45:00Z,1782096360000,2026-06-22T02:46:00Z,60,Down,0,calendar_ridge_logistic-l2-10,0.4899624044972182,0.6732708393085847,0.24006315782069565,lgbm-depth2-leaves3,0.2585794740346794,0.299187303235574,0.06686334439205144,0.37408353607301065
0xd2a0d6750b1c64d515fc1b7143788216dae2821bfa624a97b9cb8232439d2944,1782096300000,2026-06-22T02:45:00Z,1782096390000,2026-06-22T02:46:30Z,90,Down,0,calendar_ridge_logistic-l2-10,0.4899829030232713,0.6733110303418832,0.2400832452551125,lgbm-depth2-leaves3,0.5416999474830604,0.7802311728763177,0.2934388331031504,-0.10692014253443449
0xd2a0d6750b1c64d515fc1b7143788216dae2821bfa624a97b9cb8232439d2944,1782096300000,2026-06-22T02:45:00Z,1782096420000,2026-06-22T02:47:00Z,120,Down,0,calendar_ridge_logistic-l2-10,0.49000340782260154,0.6733512352911913,0.24010333967776276,lgbm-depth2-leaves3,0.6044276274702489,0.9274215185536053,0.365332756849314,-0.254070283262414
0xd2a0d6750b1c64d515fc1b7143788216dae2821bfa624a97b9cb8232439d2944,1782096300000,2026-06-22T02:45:00Z,1782096450000,2026-06-22T02:47:30Z,150,Down,0,calendar_ridge_logistic-l2-10,0.49002391852731547,0.6733914534367291,0.2401234407288651,lgbm-depth2-leaves3,0.3980956430254232,0.507656721752872,0.1584801409958252,0.1657347316838571
0xd2a0d6750b1c64d515fc1b7143788216dae2821bfa624a97b9cb8232439d2944,1782096300000,2026-06-22T02:45:00Z,1782096480000,2026-06-22T02:48:00Z,180,Down,0,calendar_ridge_logistic-l2-10,0.490044435444155,0.6734316853815309,0.24014354870978058,lgbm-depth2-leaves3,0.39280863022716606,0.498911266155819,0.15429861998094246,0.17452041922571188
0xd2a0d6750b1c64d515fc1b7143788216dae2821bfa624a97b9cb8232439d2944,1782096300000,2026-06-22T02:45:00Z,1782096510000,2026-06-22T02:48:30Z,210,Down,0,calendar_ridge_logistic-l2-10,0.49006495783735543,0.6734719296843374,0.24016366290012894,lgbm-depth2-leaves3,0.48472863607321864,0.6630615968459501,0.23496185062940284,0.010410332838387326
0xd2a0d6750b1c64d515fc1b7143788216dae2821bfa624a97b9cb8232439d2944,1782096300000,2026-06-22T02:45:00Z,1782096540000,2026-06-22T02:49:00Z,240,Down,0,calendar_ridge_logistic-l2-10,0.490085486135818,0.6735121871876997,0.24018378372098104,lgbm-depth2-leaves3,0.3980955998624829,0.5076566500422451,0.15848010662987008,0.16585553714545453
0x21407665332a188026da6c5a4c28f5fc2f08ed1cfd81243fe1600520fa788630,1782096600000,2026-06-22T02:50:00Z,1782096630000,2026-06-22T02:50:30Z,30,Down,0,calendar_ridge_logistic-l2-10,0.4901470230245084,0.6736328752647719,0.24024410417978798,lgbm-depth2-leaves3,0.24627598347895702,0.28272900381214766,0.06065186003852751,0.39090387145262423
0x21407665332a188026da6c5a4c28f5fc2f08ed1cfd81243fe1600520fa788630,1782096600000,2026-06-22T02:50:00Z,1782096660000,2026-06-22T02:51:00Z,60,Down,0,calendar_ridge_logistic-l2-10,0.4901675735955635,0.6736731829341566,0.24026425020456216,lgbm-depth2-leaves3,0.23051591192553986,0.26203500418281017,0.053137585650863246,0.4116381787513464
0x21407665332a188026da6c5a4c28f5fc2f08ed1cfd81243fe1600520fa788630,1782096600000,2026-06-22T02:50:00Z,1782096690000,2026-06-22T02:51:30Z,90,Down,0,calendar_ridge_logistic-l2-10,0.49018812884592133,0.673713501406804,0.24028440166146559,lgbm-depth2-leaves3,0.3991175435961516,0.5093559436020716,0.15929481360622597,0.16435755780473238
0x21407665332a188026da6c5a4c28f5fc2f08ed1cfd81243fe1600520fa788630,1782096600000,2026-06-22T02:50:00Z,1782096720000,2026-06-22T02:52:00Z,120,Down,0,calendar_ridge_logistic-l2-10,0.4902086895112626,0.6737538321270572,0.24030455927234948,lgbm-depth2-leaves3,0.6122850165614983,0.9474847880607945,0.3748929415057142,-0.2737309559337373
0x21407665332a188026da6c5a4c28f5fc2f08ed1cfd81243fe1600520fa788630,1782096600000,2026-06-22T02:50:00Z,1782096750000,2026-06-22T02:52:30Z,150,Down,0,calendar_ridge_logistic-l2-10,0.49022925528475964,0.673794174494439,0.24032472273705002,lgbm-depth2-leaves3,0.3938726027387784,0.5006650885036514,0.15513562718821955,0.17312908599078758
0x21407665332a188026da6c5a4c28f5fc2f08ed1cfd81243fe1600520fa788630,1782096600000,2026-06-22T02:50:00Z,1782096780000,2026-06-22T02:53:00Z,180,Down,0,calendar_ridge_logistic-l2-10,0.49024982573742065,0.673834527668721,0.24034489163557132,lgbm-depth2-leaves3,0.5087271860753751,0.7107556763179627,0.25880334985216935,-0.036921148649241675
0x21407665332a188026da6c5a4c28f5fc2f08ed1cfd81243fe1600520fa788630,1782096600000,2026-06-22T02:50:00Z,1782096810000,2026-06-22T02:53:30Z,210,Down,0,calendar_ridge_logistic-l2-10,0.49027040123706217,0.6738748923727371,0.24036506632914992,lgbm-depth2-leaves3,0.5061747956894048,0.7055736618373931,0.2562129237912107,-0.031698769464655996
0x21407665332a188026da6c5a4c28f5fc2f08ed1cfd81243fe1600520fa788630,1782096600000,2026-06-22T02:50:00Z,1782096840000,2026-06-22T02:54:00Z,240,Down,0,calendar_ridge_logistic-l2-10,0.4902909810479083,0.6739152671642965,0.24038524609692039,lgbm-depth2-leaves3,0.39145761001558016,0.4966887059005207,0.15323906043911004,0.17722656126377578
0x12f1dbc7d09694be752ff0a670b37bdcb34257b5249fca11c092e79ec95a8b36,1782096900000,2026-06-22T02:55:00Z,1782096930000,2026-06-22T02:55:30Z,30,Down,0,calendar_ridge_logistic-l2-10,0.49035266860785787,0.6740362995392929,0.24044573961084767,lgbm-depth2-leaves3,0.7524157564927488,1.3960043770817008,0.5661294706185555,-0.7219680775424079
0x12f1dbc7d09694be752ff0a670b37bdcb34257b5249fca11c092e79ec95a8b36,1782096900000,2026-06-22T02:55:00Z,1782096960000,2026-06-22T02:56:00Z,60,Down,0,calendar_ridge_logistic-l2-10,0.4903732670732954,0.6740767174527107,0.24046594106013752,lgbm-depth2-leaves3,0.4512200103529517,0.6000576652486128,0.2035994977429178,0.07401905220409788
0x12f1dbc7d09694be752ff0a670b37bdcb34257b5249fca11c092e79ec95a8b36,1782096900000,2026-06-22T02:55:00Z,1782096990000,2026-06-22T02:56:30Z,90,Down,0,calendar_ridge_logistic-l2-10,0.4903938694818238,0.6741171447373285,0.24048614722535602,lgbm-depth2-leaves3,0.32986982611284177,0.40028329608504504,0.10881410217971646,0.2738338486522835
0x12f1dbc7d09694be752ff0a670b37bdcb34257b5249fca11c092e79ec95a8b36,1782096900000,2026-06-22T02:55:00Z,1782097020000,2026-06-22T02:57:00Z,120,Down,0,calendar_ridge_logistic-l2-10,0.49041447614017863,0.6741575819961486,0.24050635840784584,lgbm-depth2-leaves3,0.43732819022887975,0.5750587519476354,0.19125594596886725,0.09909883004851316
0x12f1dbc7d09694be752ff0a670b37bdcb34257b5249fca11c092e79ec95a8b36,1782096900000,2026-06-22T02:55:00Z,1782097050000,2026-06-22T02:57:30Z,150,Down,0,calendar_ridge_logistic-l2-10,0.49043508704831595,0.6741980292302284,0.24052657460808924,lgbm-depth2-leaves3,0.38223722313352915,0.4816507514192188,0.14610529474883135,0.1925472778110096
0x12f1dbc7d09694be752ff0a670b37bdcb34257b5249fca11c092e79ec95a8b36,1782096900000,2026-06-22T02:55:00Z,1782097080000,2026-06-22T02:58:00Z,180,Down,0,calendar_ridge_logistic-l2-10,0.4904557014704366,0.6742384849966786,0.24054679510485802,lgbm-depth2-leaves3,0.32495224063691436,0.39297183600061797,0.1055939586949511,0.28126664899606063
0x12f1dbc7d09694be752ff0a670b37bdcb34257b5249fca11c092e79ec95a8b36,1782096900000,2026-06-22T02:55:00Z,1782097110000,2026-06-22T02:58:30Z,210,Down,0,calendar_ridge_logistic-l2-10,0.49047632014223225,0.6742789507403497,0.2405670206202655,lgbm-depth2-leaves3,0.4785621347277831,0.6511651578100243,0.2290217167952128,0.02311379293032545
0x12f1dbc7d09694be752ff0a670b37bdcb34257b5249fca11c092e79ec95a8b36,1782096900000,2026-06-22T02:55:00Z,1782097140000,2026-06-22T02:59:00Z,240,Down,0,calendar_ridge_logistic-l2-10,0.49049694275686284,0.6743194258601529,0.24058725085382918,lgbm-depth2-leaves3,0.39743431331623646,0.5065585960184451,0.1579540334011484,0.16776082984170781
0xdb7e2c9e805513d3b1872e2d5a85264fbfbdc6a6c7a70f7c62d1694db62753c8,1782097200000,2026-06-22T03:00:00Z,1782097230000,2026-06-22T03:00:30Z,30,Down,0,calendar_ridge_logistic-l2-10,0.49055875063348325,0.674440743338047,0.240647887823084,lgbm-depth2-leaves3,0.2445524396308432,0.28044491017583895,0.05980589572939721,0.3939958331622081
0xdb7e2c9e805513d3b1872e2d5a85264fbfbdc6a6c7a70f7c62d1694db62753c8,1782097200000,2026-06-22T03:00:00Z,1782097260000,2026-06-22T03:01:00Z,60,Down,0,calendar_ridge_logistic-l2-10,0.4905793867518505,0.6744812515151165,0.24066813470582168,lgbm-depth2-leaves3,0.22621613754614453,0.2564626918648852,0.05117374088629618,0.4180185596502313
0xdb7e2c9e805513d3b1872e2d5a85264fbfbdc6a6c7a70f7c62d1694db62753c8,1782097200000,2026-06-22T03:00:00Z,1782097290000,2026-06-22T03:01:30Z,90,Down,0,calendar_ridge_logistic-l2-10,0.4906000266906279,0.6745217688329889,0.2406883861888448,lgbm-depth2-leaves3,0.255332697884108,0.2948177346876797,0.06519478660877717,0.3797040341453092
0xdb7e2c9e805513d3b1872e2d5a85264fbfbdc6a6c7a70f7c62d1694db62753c8,1782097200000,2026-06-22T03:00:00Z,1782097320000,2026-06-22T03:02:00Z,120,Down,0,calendar_ridge_logistic-l2-10,0.4906206697750797,0.6745622939680853,0.24070864161054778,lgbm-depth2-leaves3,0.23051591192553986,0.26203500418281017,0.053137585650863246,0.41252728978527514
0xdb7e2c9e805513d3b1872e2d5a85264fbfbdc6a6c7a70f7c62d1694db62753c8,1782097200000,2026-06-22T03:00:00Z,1782097350000,2026-06-22T03:02:30Z,150,Down,0,calendar_ridge_logistic-l2-10,0.49064131551511847,0.6746028259591242,0.24072890049040604,lgbm-depth2-leaves3,0.6517805141818647,1.0549222916453855,0.4248178386671759,-0.3803194656862613
0xdb7e2c9e805513d3b1872e2d5a85264fbfbdc6a6c7a70f7c62d1694db62753c8,1782097200000,2026-06-22T03:00:00Z,1782097380000,2026-06-22T03:03:00Z,180,Down,0,calendar_ridge_logistic-l2-10,0.49066196476860025,0.6746433664911294,0.2407491636705831,lgbm-depth2-leaves3,0.77777626109889,1.5040705717445695,0.6049359123289687,-0.82942720525344
0xdb7e2c9e805513d3b1872e2d5a85264fbfbdc6a6c7a70f7c62d1694db62753c8,1782097200000,2026-06-22T03:00:00Z,1782097410000,2026-06-22T03:03:30Z,210,Down,0,calendar_ridge_logistic-l2-10,0.4906826166775501,0.6746839138805145,0.24076943030952755,lgbm-depth2-leaves3,0.7677466838110989,1.4599266228587977,0.5894349705029395,-0.7852427089782832
0xdb7e2c9e805513d3b1872e2d5a85264fbfbdc6a6c7a70f7c62d1694db62753c8,1782097200000,2026-06-22T03:00:00Z,1782097440000,2026-06-22T03:04:00Z,240,Down,0,calendar_ridge_logistic-l2-10,0.49070327124191576,0.6747244681279445,0.24078970040751715,lgbm-depth2-leaves3,0.40247881038190947,0.5149655320093295,0.16198919280643703,0.15975893611861502
0x5ea21ecae8101372ee3b989fb3de01931e287a1436a06d69725fc90859e6566e,1782097500000,2026-06-22T03:05:00Z,1782097530000,2026-06-22T03:05:30Z,30,Down,0,calendar_ridge_logistic-l2-10,0.4907651704264401,0.6748460140615863,0.24085045250369277,lgbm-depth2-leaves3,0.5775987960311001,0.8617996962889867,0.3336203691765764,-0.1869536822274004
0x5ea21ecae8101372ee3b989fb3de01931e287a1436a06d69725fc90859e6566e,1782097500000,2026-06-22T03:05:00Z,1782097560000,2026-06-22T03:06:00Z,60,Down,0,calendar_ridge_logistic-l2-10,0.4907858357339051,0.6748865959809419,0.24087073655702768,lgbm-depth2-leaves3,0.4188676372170666,0.5427767291735117,0.17545009750780813,0.1321098668074302
0x5ea21ecae8101372ee3b989fb3de01931e287a1436a06d69725fc90859e6566e,1782097500000,2026-06-22T03:05:00Z,1782097590000,2026-06-22T03:06:30Z,90,Down,0,calendar_ridge_logistic-l2-10,0.49080650253176394,0.6749271824742259,0.2408910229274624,lgbm-depth2-leaves3,0.2525720801115827,0.2911174066097175,0.06379265565189175,0.3838097758645084
0x5ea21ecae8101372ee3b989fb3de01931e287a1436a06d69725fc90859e6566e,1782097500000,2026-06-22T03:05:00Z,1782097620000,2026-06-22T03:07:00Z,120,Down,0,calendar_ridge_logistic-l2-10,0.4908271720457585,0.6749677759492484,0.2409113128184366,lgbm-depth2-leaves3,0.2445524396308432,0.28044491017583895,0.05980589572939721,0.39452286577340945
0x5ea21ecae8101372ee3b989fb3de01931e287a1436a06d69725fc90859e6566e,1782097500000,2026-06-22T03:05:00Z,1782097650000,2026-06-22T03:07:30Z,150,Down,0,calendar_ridge_logistic-l2-10,0.4908478434179065,0.6750083747216732,0.24093160538800965,lgbm-depth2-leaves3,0.376970065938753,0.4731607130965613,0.14210643061386777,0.20184766162511186
0x5ea21ecae8101372ee3b989fb3de01931e287a1436a06d69725fc90859e6566e,1782097500000,2026-06-22T03:05:00Z,1782097680000,2026-06-22T03:08:00Z,180,Down,0,calendar_ridge_logistic-l2-10,0.49086851707710843,0.6750489796344945,0.2409519010574795,lgbm-depth2-leaves3,0.40840518534879017,0.5249333131412918,0.16679479541977965,0.15011566649320274
0x5ea21ecae8101372ee3b989fb3de01931e287a1436a06d69725fc90859e6566e,1782097500000,2026-06-22T03:05:00Z,1782097710000,2026-06-22T03:08:30Z,210,Down,0,calendar_ridge_logistic-l2-10,0.49088919265541614,0.6750895899656666,0.24097219946588627,lgbm-depth2-leaves3,0.2419899379529301,0.27705861895944045,0.05855913007046296,0.39803097100622614
0x5ea21ecae8101372ee3b989fb3de01931e287a1436a06d69725fc90859e6566e,1782097500000,2026-06-22T03:05:00Z,1782097740000,2026-06-22T03:09:00Z,240,Down,0,calendar_ridge_logistic-l2-10,0.49090986966272643,0.6751302047530782,0.24099250013227505,lgbm-depth2-leaves3,0.40438859473555067,0.5181668291540664,0.16353013555219342,0.15696337559901175
0x40a988bb150b9fe201589cd204dab4b42a1b04d90b5875554e7f3197264ff0a8,1782097800000,2026-06-22T03:10:00Z,1782097830000,2026-06-22T03:10:30Z,30,Down,0,calendar_ridge_logistic-l2-10,0.4909718305322036,0.6752519211971605,0.24105333837614287,lgbm-depth2-leaves3,0.2904609043794432,0.34313968084088087,0.08436753697292405,0.3321122403562796
0x40a988bb150b9fe201589cd204dab4b42a1b04d90b5875554e7f3197264ff0a8,1782097800000,2026-06-22T03:10:00Z,1782097860000,2026-06-22T03:11:00Z,60,Down,0,calendar_ridge_logistic-l2-10,0.4909925139280381,0.675292555129233,0.2410736487333747,lgbm-depth2-leaves3,0.49377371013274624,0.680771496488289,0.2438124768182573,-0.005478941359056022
0x40a988bb150b9fe201589cd204dab4b42a1b04d90b5875554e7f3197264ff0a8,1782097800000,2026-06-22T03:10:00Z,1782097890000,2026-06-22T03:11:30Z,90,Down,0,calendar_ridge_logistic-l2-10,0.49101319875255484,0.6753331935194032,0.24109396134921593,lgbm-depth2-leaves3,0.7218115168968835,1.279456398253678,0.5210118659249799,-0.6041232047342747
0x40a988bb150b9fe201589cd204dab4b42a1b04d90b5875554e7f3197264ff0a8,1782097800000,2026-06-22T03:10:00Z,1782097920000,2026-06-22T03:12:00Z,120,Down,0,calendar_ridge_logistic-l2-10,0.49103388469887516,0.6753738357652024,0.24111427592246823,lgbm-depth2-leaves3,0.48463582441335845,0.662881491160569,0.2348718823048156,0.012492344604633332
0x40a988bb150b9fe201589cd204dab4b42a1b04d90b5875554e7f3197264ff0a8,1782097800000,2026-06-22T03:10:00Z,1782097950000,2026-06-22T03:12:30Z,150,Down,0,calendar_ridge_logistic-l2-10,0.49105457213482745,0.6754144825897601,0.24113459281451846,lgbm-depth2-leaves3,0.6437054449196394,1.0319974883272482,0.41435669981919093,-0.35658300573748813
0x40a988bb150b9fe201589cd204dab4b42a1b04d90b5875554e7f3197264ff0a8,1782097800000,2026-06-22T03:10:00Z,1782097980000,2026-06-22T03:13:00Z,180,Down,0,calendar_ridge_logistic-l2-10,0.49107526020240333,0.6754551323076435,0.24115491118285814,lgbm-depth2-leaves3,0.7823440373372317,1.5248396157111712,0.6120621927571197,-0.8493844834035277
0x40a988bb150b9fe201589cd204dab4b42a1b04d90b5875554e7f3197264ff0a8,1782097800000,2026-06-22T03:10:00Z,1782098010000,2026-06-22T03:13:30Z,210,Down,0,calendar_ridge_logistic-l2-10,0.4910959493915851,0.675495785881957,0.24117523150882228,lgbm-depth2-leaves3,0.5783153053233178,0.8634974132286098,0.3344485923712022,-0.18800162734665282
0x40a988bb150b9fe201589cd204dab4b42a1b04d90b5875554e7f3197264ff0a8,1782097800000,2026-06-22T03:10:00Z,1782098040000,2026-06-22T03:14:00Z,240,Down,0,calendar_ridge_logistic-l2-10,0.4911166392733394,0.675536442470016,0.24119555337113935,lgbm-depth2-leaves3,0.6863652113138702,1.1595260633481659,0.47109720330193366,-0.4839896208781499
0x64d0a6e25d2477b104a7f458701490490f7b719ecee00996c57db87f6ccdb676,1782098100000,2026-06-22T03:15:00Z,1782098130000,2026-06-22T03:15:30Z,30,Up,1,calendar_ridge_logistic-l2-10,0.4911786318960907,0.7109474049356431,0.258899184639134,lgbm-depth2-leaves3,0.5962257854538939,0.5171358490023327,0.16303361633232488,0.19381155593331045
0x64d0a6e25d2477b104a7f458701490490f7b719ecee00996c57db87f6ccdb676,1782098100000,2026-06-22T03:15:00Z,1782098160000,2026-06-22T03:16:00Z,60,Up,1,calendar_ridge_logistic-l2-10,0.4911993244862406,0.7109052773817448,0.2588781274032579,lgbm-depth2-leaves3,0.8285633754013463,0.18806195089337555,0.02939051625377972,0.5228433264883693
0x64d0a6e25d2477b104a7f458701490490f7b719ecee00996c57db87f6ccdb676,1782098100000,2026-06-22T03:15:00Z,1782098190000,2026-06-22T03:16:30Z,90,Up,1,calendar_ridge_logistic-l2-10,0.49122001697175294,0.7108631518155183,0.25885707113022344,lgbm-depth2-leaves3,0.804112188564263,0.21801648152244146,0.038372034669082844,0.4928466702930768
0x64d0a6e25d2477b104a7f458701490490f7b719ecee00996c57db87f6ccdb676,1782098100000,2026-06-22T03:15:00Z,1782098220000,2026-06-22T03:17:00Z,120,Up,1,calendar_ridge_logistic-l2-10,0.49124070978152706,0.710821027363693,0.25883601538360446,lgbm-depth2-leaves3,0.7977438788114897,0.2259676869193587,0.04090753855822138,0.4848533404443343
0x64d0a6e25d2477b104a7f458701490490f7b719ecee00996c57db87f6ccdb676,1782098100000,2026-06-22T03:15:00Z,1782098250000,2026-06-22T03:17:30Z,150,Up,1,calendar_ridge_logistic-l2-10,0.49126140279333513,0.7107789042750069,0.25881496028780526,lgbm-depth2-leaves3,0.7687455424677703,0.2629952582941289,0.053478624128525845,0.447783645980878
0x64d0a6e25d2477b104a7f458701490490f7b719ecee00996c57db87f6ccdb676,1782098100000,2026-06-22T03:15:00Z,1782098280000,2026-06-22T03:18:00Z,180,Up,1,calendar_ridge_logistic-l2-10,0.49128209576137283,0.7107367830496949,0.25879390609294106,lgbm-depth2-leaves3,0.3932384974221543,0.9333389875105634,0.368159521010525,-0.22260220446086854
0x64d0a6e25d2477b104a7f458701490490f7b719ecee00996c57db87f6ccdb676,1782098100000,2026-06-22T03:15:00Z,1782098310000,2026-06-22T03:18:30Z,210,Up,1,calendar_ridge_logistic-l2-10,0.4913027885634025,0.7106946639363992,0.2587728529233704,lgbm-depth2-leaves3,0.45308450022540064,0.7916766361806309,0.2991165638936997,-0.08098197224423165
0x64d0a6e25d2477b104a7f458701490490f7b719ecee00996c57db87f6ccdb676,1782098100000,2026-06-22T03:15:00Z,1782098340000,2026-06-22T03:19:00Z,240,Up,1,calendar_ridge_logistic-l2-10,0.4913234812604398,0.7106525468107416,0.25875180071699816,lgbm-depth2-leaves3,0.8326965980629129,0.18308593117813976,0.027990428299722536,0.5275666156326019
0x70fbea6a92391c3cd24e0ba41745a5a6f3701b5dd37f01342785ff65b051b502,1782098400000,2026-06-22T03:20:00Z,1782098430000,2026-06-22T03:20:30Z,30,Up,1,calendar_ridge_logistic-l2-10,0.4913854767455668,0.7105263741841379,0.2586887332653344,lgbm-depth2-leaves3,0.4434618508491877,0.8131434993106774,0.30973471146021186,-0.10261712512653953
0x70fbea6a92391c3cd24e0ba41745a5a6f3701b5dd37f01342785ff65b051b502,1782098400000,2026-06-22T03:20:00Z,1782098460000,2026-06-22T03:21:00Z,60,Up,1,calendar_ridge_logistic-l2-10,0.49140616779592744,0.7104842674965636,0.25866768615602437,lgbm-depth2-leaves3,0.40395685680303,0.9064471968149647,0.3552674285521236,-0.1959629293184011
0x70fbea6a92391c3cd24e0ba41745a5a6f3701b5dd37f01342785ff65b051b502,1782098400000,2026-06-22T03:20:00Z,1782098490000,2026-06-22T03:21:30Z,90,Up,1,calendar_ridge_logistic-l2-10,0.49142685867985214,0.7104421629205667,0.2586466400722431,lgbm-depth2-leaves3,0.25805058293520955,1.3545996553889466,0.5504889374827824,-0.6441574924683798
0x70fbea6a92391c3cd24e0ba41745a5a6f3701b5dd37f01342785ff65b051b502,1782098400000,2026-06-22T03:20:00Z,1782098520000,2026-06-22T03:22:00Z,120,Up,1,calendar_ridge_logistic-l2-10,0.49144754786458145,0.710400063574822,0.2586255965729472,lgbm-depth2-leaves3,0.3343755603091634,1.0954904856423142,0.4430558947137402,-0.3850904220674922
0x70fbea6a92391c3cd24e0ba41745a5a6f3701b5dd37f01342785ff65b051b502,1782098400000,2026-06-22T03:20:00Z,1782098550000,2026-06-22T03:22:30Z,150,Up,1,calendar_ridge_logistic-l2-10,0.49146823694381014,0.7103579662160218,0.2586045540370368,lgbm-depth2-leaves3,0.3764007663826492,0.9771008351873073,0.38887600416814727,-0.2667428689712855
0x70fbea6a92391c3cd24e0ba41745a5a6f3701b5dd37f01342785ff65b051b502,1782098400000,2026-06-22T03:20:00Z,1782098580000,2026-06-22T03:23:00Z,180,Up,1,calendar_ridge_logistic-l2-10,0.49148892505949643,0.7103158725897906,0.2585835133371464,lgbm-depth2-leaves3,0.5260734970951603,0.6423143476877241,0.22460633015561107,0.06800152490206646
0x70fbea6a92391c3cd24e0ba41745a5a6f3701b5dd37f01342785ff65b051b502,1782098400000,2026-06-22T03:20:00Z,1782098610000,2026-06-22T03:23:30Z,210,Up,1,calendar_ridge_logistic-l2-10,0.4915096119047447,0.7102737833201255,0.25856247478526345,lgbm-depth2-leaves3,0.6834013241701452,0.3806730016818904,0.10023472153721748,0.3296007816382351
0x70fbea6a92391c3cd24e0ba41745a5a6f3701b5dd37f01342785ff65b051b502,1782098400000,2026-06-22T03:20:00Z,1782098640000,2026-06-22T03:24:00Z,240,Up,1,calendar_ridge_logistic-l2-10,0.4915302977863025,0.7102316977824847,0.2585414380692862,lgbm-depth2-leaves3,0.7847848091256928,0.24234572728211665,0.046317578383064474,0.46788597050036806
0xeea1ec8997bb974139d8acd9b75f5590d6c4beb4bf8f11a4c3708e2fbfe04b83,1782098700000,2026-06-22T03:25:00Z,1782098730000,2026-06-22T03:25:30Z,30,Down,0,calendar_ridge_logistic-l2-10,0.49159226564744163,0.6764715266579334,0.2416629556443848,lgbm-depth2-leaves3,0.7911483040949597,1.5661308678658392,0.6259156390723308,-0.8896593412079058
0xeea1ec8997bb974139d8acd9b75f5590d6c4beb4bf8f11a4c3708e2fbfe04b83,1782098700000,2026-06-22T03:25:00Z,1782098760000,2026-06-22T03:26:00Z,60,Down,0,calendar_ridge_logistic-l2-10,0.49161294583383736,0.6765122038656297,0.2416832885114235,lgbm-depth2-leaves3,0.7243614524818113,1.2886648819955178,0.5246995138415593,-0.612152678129888
0xeea1ec8997bb974139d8acd9b75f5590d6c4beb4bf8f11a4c3708e2fbfe04b83,1782098700000,2026-06-22T03:25:00Z,1782098790000,2026-06-22T03:26:30Z,90,Down,0,calendar_ridge_logistic-l2-10,0.49163362432035396,0.6765528793842215,0.24170362056236694,lgbm-depth2-leaves3,0.24649402164450943,0.28301832683227673,0.06075930270648388,0.39353455255194475
0xeea1ec8997bb974139d8acd9b75f5590d6c4beb4bf8f11a4c3708e2fbfe04b83,1782098700000,2026-06-22T03:25:00Z,1782098820000,2026-06-22T03:27:00Z,120,Down,0,calendar_ridge_logistic-l2-10,0.4916543014748121,0.6765935539369992,0.24172395215868542,lgbm-depth2-leaves3,0.23051591192553986,0.26203500418281017,0.053137585650863246,0.414558549754189
0xeea1ec8997bb974139d8acd9b75f5590d6c4beb4bf8f11a4c3708e2fbfe04b83,1782098700000,2026-06-22T03:25:00Z,1782098850000,2026-06-22T03:27:30Z,150,Down,0,calendar_ridge_logistic-l2-10,0.4916749765002474,0.6766342259559534,0.2417442825165188,lgbm-depth2-leaves3,0.38725914733584854,0.4898131850180219,0.14996964719528844,0.18682104093793145
0xeea1ec8997bb974139d8acd9b75f5590d6c4beb4bf8f11a4c3708e2fbfe04b83,1782098700000,2026-06-22T03:25:00Z,1782098880000,2026-06-22T03:28:00Z,180,Down,0,calendar_ridge_logistic-l2-10,0.4916956493965775,0.6766748954405454,0.24176461163552207,lgbm-depth2-leaves3,0.2419899379529301,0.27705861895944045,0.05855913007046296,0.3996162764811049
0xeea1ec8997bb974139d8acd9b75f5590d6c4beb4bf8f11a4c3708e2fbfe04b83,1782098700000,2026-06-22T03:25:00Z,1782098910000,2026-06-22T03:28:30Z,210,Down,0,calendar_ridge_logistic-l2-10,0.49171632059270975,0.6767155632342334,0.24178493993723252,lgbm-depth2-leaves3,0.39224647936961066,0.49798587291022833,0.1538573005778544,0.1787296903240051
0xeea1ec8997bb974139d8acd9b75f5590d6c4beb4bf8f11a4c3708e2fbfe04b83,1782098700000,2026-06-22T03:25:00Z,1782098940000,2026-06-22T03:29:00Z,240,Down,0,calendar_ridge_logistic-l2-10,0.4917369892305913,0.6767562276485375,0.24180526657756665,lgbm-depth2-leaves3,0.7311465342258674,1.3135887847024814,0.5345752545104975,-0.6368325570539439
0x63ab0e04be92fb1b329b090ac5dbccd22fe1108193b10f6145d36bdb5ca840f9,1782099000000,2026-06-22T03:30:00Z,1782099030000,2026-06-22T03:30:30Z,30,Down,0,calendar_ridge_logistic-l2-10,0.4917989013093439,0.6768780461726801,0.24186615932907776,lgbm-depth2-leaves3,0.7682242448017349,1.4619849471694502,0.5901684903011959,-0.78510690099677
0x63ab0e04be92fb1b329b090ac5dbccd22fe1108193b10f6145d36bdb5ca840f9,1782099000000,2026-06-22T03:30:00Z,1782099060000,2026-06-22T03:31:00Z,60,Down,0,calendar_ridge_logistic-l2-10,0.49181956063235754,0.6769186988650853,0.24188648022060522,lgbm-depth2-leaves3,0.6833344344135418,1.1499090601571005,0.46694594925527505,-0.4729903612920152
0x63ab0e04be92fb1b329b090ac5dbccd22fe1108193b10f6145d36bdb5ca840f9,1782099000000,2026-06-22T03:30:00Z,1782099090000,2026-06-22T03:31:30Z,90,Down,0,calendar_ridge_logistic-l2-10,0.49184021745780093,0.676959348295268,0.2419067995089369,lgbm-depth2-leaves3,0.5593433270828727,0.8194892262012409,0.3128649575521375,-0.14252987790597282
0x63ab0e04be92fb1b329b090ac5dbccd22fe1108193b10f6145d36bdb5ca840f9,1782099000000,2026-06-22T03:30:00Z,1782099120000,2026-06-22T03:32:00Z,120,Down,0,calendar_ridge_logistic-l2-10,0.4918608709275988,0.6769999927741013,0.241927116349656,lgbm-depth2-leaves3,0.779002845806673,1.5096054545005644,0.6068454337748952,-0.8326054617264631
0x63ab0e04be92fb1b329b090ac5dbccd22fe1108193b10f6145d36bdb5ca840f9,1782099000000,2026-06-22T03:30:00Z,1782099150000,2026-06-22T03:32:30Z,150,Down,0,calendar_ridge_logistic-l2-10,0.49188152226757315,0.677040634713387,0.24194743194826507,lgbm-depth2-leaves3,0.6958272017541395,1.1901593237802546,0.4841754947009959,-0.5131186890668675
0x63ab0e04be92fb1b329b090ac5dbccd22fe1108193b10f6145d36bdb5ca840f9,1782099000000,2026-06-22T03:30:00Z,1782099180000,2026-06-22T03:33:00Z,180,Down,0,calendar_ridge_logistic-l2-10,0.49190217068073533,0.677081272544175,0.24196774552041928,lgbm-depth2-leaves3,0.31806544586502183,0.38282158742220906,0.10116562785331513,0.294259685121966
0x63ab0e04be92fb1b329b090ac5dbccd22fe1108193b10f6145d36bdb5ca840f9,1782099000000,2026-06-22T03:30:00Z,1782099210000,2026-06-22T03:33:30Z,210,Down,0,calendar_ridge_logistic-l2-10,0.4919228157380044,0.6771219054213783,0.24198805664360662,lgbm-depth2-leaves3,0.23497809005063372,0.2678508051090433,0.05521470280384373,0.409271100312335
0x63ab0e04be92fb1b329b090ac5dbccd22fe1108193b10f6145d36bdb5ca840f9,1782099000000,2026-06-22T03:30:00Z,1782099240000,2026-06-22T03:34:00Z,240,Down,0,calendar_ridge_logistic-l2-10,0.49194345829729574,0.6771625350329475,0.24200836616150315,lgbm-depth2-leaves3,0.24410611769832938,0.27985427998085166,0.059587796697750633,0.3973082550520959
0xb113d477e3fbfc1c50893a3d4250cd44bf38dc9108e6a8e986de31bd4af2674f,1782099300000,2026-06-22T03:35:00Z,1782099330000,2026-06-22T03:35:30Z,30,Down,0,calendar_ridge_logistic-l2-10,0.492005283981994,0.6772842329971098,0.24206919946620256,lgbm-depth2-leaves3,0.3888106464059668,0.4923484601394663,0.15117371875862573,0.1849357728576435
0xb113d477e3fbfc1c50893a3d4250cd44bf38dc9108e6a8e986de31bd4af2674f,1782099300000,2026-06-22T03:35:00Z,1782099360000,2026-06-22T03:36:00Z,60,Down,0,calendar_ridge_logistic-l2-10,0.4920259127485343,0.6773248420521847,0.2420894988160283,lgbm-depth2-leaves3,0.39536352080423975,0.5031278623739632,0.15631231358272452,0.17419697967822145
0xb113d477e3fbfc1c50893a3d4250cd44bf38dc9108e6a8e986de31bd4af2674f,1782099300000,2026-06-22T03:35:00Z,1782099390000,2026-06-22T03:36:30Z,90,Down,0,calendar_ridge_logistic-l2-10,0.4920465377907714,0.6773654454244445,0.24210979535188504,lgbm-depth2-leaves3,0.42041941957961904,0.5454505742377391,0.17675248835966376,0.13191487118670542
0xb113d477e3fbfc1c50893a3d4250cd44bf38dc9108e6a8e986de31bd4af2674f,1782099300000,2026-06-22T03:35:00Z,1782099420000,2026-06-22T03:37:00Z,120,Down,0,calendar_ridge_logistic-l2-10,0.4920671591086141,0.6774060431129508,0.24213008907322214,lgbm-depth2-leaves3,0.31746694278082344,0.3819443176100095,0.10078525975860263,0.2954617255029413
0xb113d477e3fbfc1c50893a3d4250cd44bf38dc9108e6a8e986de31bd4af2674f,1782099300000,2026-06-22T03:35:00Z,1782099450000,2026-06-22T03:37:30Z,150,Down,0,calendar_ridge_logistic-l2-10,0.4920877767019838,0.6774466351167895,0.24215037997950145,lgbm-depth2-leaves3,0.2594767475821243,0.3003982447978364,0.06732818253579745,0.3770483903189531
0xb113d477e3fbfc1c50893a3d4250cd44bf38dc9108e6a8e986de31bd4af2674f,1782099300000,2026-06-22T03:35:00Z,1782099480000,2026-06-22T03:38:00Z,180,Down,0,calendar_ridge_logistic-l2-10,0.4921083905097075,0.6774872213147564,0.24217066801005477,lgbm-depth2-leaves3,0.528766444130762,0.7524014355359383,0.2795939524386903,-0.07491421422118194
0xb113d477e3fbfc1c50893a3d4250cd44bf38dc9108e6a8e986de31bd4af2674f,1782099300000,2026-06-22T03:35:00Z,1782099510000,2026-06-22T03:38:30Z,210,Down,0,calendar_ridge_logistic-l2-10,0.49212900022486683,0.6775278011017541,0.24219095286232697,lgbm-depth2-leaves3,0.7496343502592958,1.384832830713151,0.5619516590886766,-0.7073050296113969
0xb113d477e3fbfc1c50893a3d4250cd44bf38dc9108e6a8e986de31bd4af2674f,1782099300000,2026-06-22T03:35:00Z,1782099540000,2026-06-22T03:39:00Z,240,Down,0,calendar_ridge_logistic-l2-10,0.49214960572521005,0.6775683742362116,0.2422112344154797,lgbm-depth2-leaves3,0.6494541824310188,1.0482638604544476,0.4217907350771431,-0.370695486218236
0x165d53c5727a7384b75a996a8e379a085e37423c859c7045c31bbf35885b9947,1782099600000,2026-06-22T03:40:00Z,1782099630000,2026-06-22T03:40:30Z,30,Down,0,calendar_ridge_logistic-l2-10,0.4922113159965802,0.6776898943170472,0.2422719795950853,lgbm-depth2-leaves3,0.43448219475298966,0.5700134980736903,0.18877477755737485,0.1076763962433569
0x165d53c5727a7384b75a996a8e379a085e37423c859c7045c31bbf35885b9947,1782099600000,2026-06-22T03:40:00Z,1782099660000,2026-06-22T03:41:00Z,60,Down,0,calendar_ridge_logistic-l2-10,0.49223190414518303,0.6777304398562312,0.24229224745839265,lgbm-depth2-leaves3,0.5298053120102618,0.754608440282097,0.2806936686342909,-0.07687800042586579
0x165d53c5727a7384b75a996a8e379a085e37423c859c7045c31bbf35885b9947,1782099600000,2026-06-22T03:40:00Z,1782099690000,2026-06-22T03:41:30Z,90,Down,0,calendar_ridge_logistic-l2-10,0.49225248777170305,0.6777709781332582,0.24231251171743065,lgbm-depth2-leaves3,0.408441970098219,0.5249954940329831,0.1668248429377144,0.15277548410027508
0x165d53c5727a7384b75a996a8e379a085e37423c859c7045c31bbf35885b9947,1782099600000,2026-06-22T03:40:00Z,1782099720000,2026-06-22T03:42:00Z,120,Down,0,calendar_ridge_logistic-l2-10,0.4922730668149623,0.6778115090266844,0.24233277231140835,lgbm-depth2-leaves3,0.5183164054102244,0.7304678232442241,0.2686518961173761,-0.05265631421753969
0x165d53c5727a7384b75a996a8e379a085e37423c859c7045c31bbf35885b9947,1782099600000,2026-06-22T03:40:00Z,1782099750000,2026-06-22T03:42:30Z,150,Down,0,calendar_ridge_logistic-l2-10,0.49229364133596487,0.6778520326557018,0.2423530292998236,lgbm-depth2-leaves3,0.30285518530251204,0.3607621212264917,0.09172126326461891,0.3170899114292101
0x165d53c5727a7384b75a996a8e379a085e37423c859c7045c31bbf35885b9947,1782099600000,2026-06-22T03:40:00Z,1782099780000,2026-06-22T03:43:00Z,180,Down,0,calendar_ridge_logistic-l2-10,0.4923142104766072,0.6778925473291347,0.24237328183720508,lgbm-depth2-leaves3,0.2670225808671372,0.3106403836643239,0.07130105869294683,0.36725216366481084
0x165d53c5727a7384b75a996a8e379a085e37423c859c7045c31bbf35885b9947,1782099600000,2026-06-22T03:40:00Z,1782099810000,2026-06-22T03:43:30Z,210,Down,0,calendar_ridge_logistic-l2-10,0.4923347750948117,0.6779330547357658,0.24239353076765882,lgbm-depth2-leaves3,0.5143979631618986,0.7223658447685007,0.26460526450510996,-0.044432790032734926
0x165d53c5727a7384b75a996a8e379a085e37423c859c7045c31bbf35885b9947,1782099600000,2026-06-22T03:40:00Z,1782099840000,2026-06-22T03:44:00Z,240,Down,0,calendar_ridge_logistic-l2-10,0.49235533396456044,0.6779735524595346,0.24241377488335383,lgbm-depth2-leaves3,0.3863228023091259,0.48828622574278335,0.14924530758397597,0.18968732671675126
0xbd911adb7b0c899bf68f892e47ce89cf9199e34c2792262e1028c1e2d07914f3,1782099900000,2026-06-22T03:45:00Z,1782099930000,2026-06-22T03:45:30Z,30,Up,1,calendar_ridge_logistic-l2-10,0.49241689925087506,0.7084295650924537,0.2576406041660963,lgbm-depth2-leaves3,0.4154779567862801,0.8783257183532088,0.34166601900274185,-0.16989615326075513
0xbd911adb7b0c899bf68f892e47ce89cf9199e34c2792262e1028c1e2d07914f3,1782099900000,2026-06-22T03:45:00Z,1782099960000,2026-06-22T03:46:00Z,60,Up,1,calendar_ridge_logistic-l2-10,0.4924374374554886,0.708387856986288,0.25761975489675104,lgbm-depth2-leaves3,0.2910970229539752,1.2340986551671718,0.5025434308647168,-0.5257107981808837
0xbd911adb7b0c899bf68f892e47ce89cf9199e34c2792262e1028c1e2d07914f3,1782099900000,2026-06-22T03:45:00Z,1782099990000,2026-06-22T03:46:30Z,90,Up,1,calendar_ridge_logistic-l2-10,0.4924579695432724,0.7083461630406348,0.25759891268013774,lgbm-depth2-leaves3,0.467688891756849,0.7599519653195029,0.2833551159590516,-0.05160580227886813
0xbd911adb7b0c899bf68f892e47ce89cf9199e34c2792262e1028c1e2d07914f3,1782099900000,2026-06-22T03:45:00Z,1782100020000,2026-06-22T03:47:00Z,120,Up,1,calendar_ridge_logistic-l2-10,0.4924784962499768,0.7083044817598207,0.25757807676868477,lgbm-depth2-leaves3,0.4240011386625511,0.8580191382289005,0.3317746882620377,-0.14971465646907978
0xbd911adb7b0c899bf68f892e47ce89cf9199e34c2792262e1028c1e2d07914f3,1782099900000,2026-06-22T03:45:00Z,1782100050000,2026-06-22T03:47:30Z,150,Up,1,calendar_ridge_logistic-l2-10,0.49249901757551867,0.7082628131425035,0.2575572471618138,lgbm-depth2-leaves3,0.33608821358540575,1.0903816130438861,0.44077886014021783,-0.38211879990138264
0xbd911adb7b0c899bf68f892e47ce89cf9199e34c2792262e1028c1e2d07914f3,1782099900000,2026-06-22T03:45:00Z,1782100080000,2026-06-22T03:48:00Z,180,Up,1,calendar_ridge_logistic-l2-10,0.49251953235494345,0.7082211595524687,0.25753642504124535,lgbm-depth2-leaves3,0.530146526266246,0.6346018459919852,0.22076228677967544,0.07361931356048346
0xbd911adb7b0c899bf68f892e47ce89cf9199e34c2792262e1028c1e2d07914f3,1782099900000,2026-06-22T03:45:00Z,1782100110000,2026-06-22T03:48:30Z,210,Up,1,calendar_ridge_logistic-l2-10,0.4925400417530192,0.7081795186230918,0.25751560922402744,lgbm-depth2-leaves3,0.7847848091256928,0.24234572728211665,0.046317578383064474,0.46583379134097513
0xbd911adb7b0c899bf68f892e47ce89cf9199e34c2792262e1028c1e2d07914f3,1782099900000,2026-06-22T03:45:00Z,1782100140000,2026-06-22T03:49:00Z,240,Up,1,calendar_ridge_logistic-l2-10,0.4925605446047976,0.7081378927179502,0.2574948008917796,lgbm-depth2-leaves3,0.7746140341363031,0.25539039415145937,0.05079883360831153,0.4527474985664909
0xa8bc1afb784e60dde5f3f8a316384cbb7c83ab37a73c4d0d853964b51c76fa10,1782100200000,2026-06-22T03:50:00Z,1782100230000,2026-06-22T03:50:30Z,30,Down,0,calendar_ridge_logistic-l2-10,0.49262193582323727,0.678498864567081,0.2426763716542337,lgbm-depth2-leaves3,0.24627598347895702,0.28272900381214766,0.06065186003852751,0.3957698607549333
0xa8bc1afb784e60dde5f3f8a316384cbb7c83ab37a73c4d0d853964b51c76fa10,1782100200000,2026-06-22T03:50:00Z,1782100260000,2026-06-22T03:51:00Z,60,Down,0,calendar_ridge_logistic-l2-10,0.49264241359257044,0.6785392253631646,0.24269654767031323,lgbm-depth2-leaves3,0.34849008756868766,0.4284626677496926,0.12144534113363159,0.250076557613472
0xa8bc1afb784e60dde5f3f8a316384cbb7c83ab37a73c4d0d853964b51c76fa10,1782100200000,2026-06-22T03:50:00Z,1782100290000,2026-06-22T03:51:30Z,90,Down,0,calendar_ridge_logistic-l2-10,0.4926628851830728,0.6785795756093626,0.24271671843690953,lgbm-depth2-leaves3,0.3467430419865126,0.4257847232589025,0.12023073716606046,0.25279485235046006
0xa8bc1afb784e60dde5f3f8a316384cbb7c83ab37a73c4d0d853964b51c76fa10,1782100200000,2026-06-22T03:50:00Z,1782100320000,2026-06-22T03:52:00Z,120,Down,0,calendar_ridge_logistic-l2-10,0.4926833497977036,0.6786199137332412,0.24273688316788639,lgbm-depth2-leaves3,0.48904112091825547,0.6714661634807311,0.23916121794898376,0.007153750252510083
0xa8bc1afb784e60dde5f3f8a316384cbb7c83ab37a73c4d0d853964b51c76fa10,1782100200000,2026-06-22T03:50:00Z,1782100350000,2026-06-22T03:52:30Z,150,Down,0,calendar_ridge_logistic-l2-10,0.4927038078653901,0.6786602405787838,0.24275704228505524,lgbm-depth2-leaves3,0.7090781190041923,1.2347004980360734,0.5027917788505234,-0.5560402574572896
0xa8bc1afb784e60dde5f3f8a316384cbb7c83ab37a73c4d0d853964b51c76fa10,1782100200000,2026-06-22T03:50:00Z,1782100380000,2026-06-22T03:53:00Z,180,Down,0,calendar_ridge_logistic-l2-10,0.49272425889593313,0.6787005551782238,0.24277719530454653,lgbm-depth2-leaves3,0.4955914173728502,0.6843686595183913,0.24561085297363058,-0.005668104340167512
0xa8bc1afb784e60dde5f3f8a316384cbb7c83ab37a73c4d0d853964b51c76fa10,1782100200000,2026-06-22T03:50:00Z,1782100410000,2026-06-22T03:53:30Z,210,Down,0,calendar_ridge_logistic-l2-10,0.49274470337934273,0.6787408584960173,0.24279734270839645,lgbm-depth2-leaves3,0.4723302353473545,0.6392846366822772,0.22309585122328732,0.03945622181374009
0xa8bc1afb784e60dde5f3f8a316384cbb7c83ab37a73c4d0d853964b51c76fa10,1782100200000,2026-06-22T03:50:00Z,1782100440000,2026-06-22T03:54:00Z,240,Down,0,calendar_ridge_logistic-l2-10,0.4927651405185829,0.6787811489593993,0.24281748371029874,lgbm-depth2-leaves3,0.5037906589387934,0.7007573827077413,0.25380502803398364,-0.02197623374834201
0x0018aef7265ed951e9d292f4d2bc6f26ec9ee9c342650b84b93fcc13a9ccb93b,1782100500000,2026-06-22T03:55:00Z,1782100530000,2026-06-22T03:55:30Z,30,Down,0,calendar_ridge_logistic-l2-10,0.49282632760505013,0.6789017849450377,0.2428777891806802,lgbm-depth2-leaves3,0.41368091975411964,0.5338911320554296,0.17113190336861436,0.14501065288960813
0x0018aef7265ed951e9d292f4d2bc6f26ec9ee9c342650b84b93fcc13a9ccb93b,1782100500000,2026-06-22T03:55:00Z,1782100560000,2026-06-22T03:56:00Z,60,Down,0,calendar_ridge_logistic-l2-10,0.49284673598025114,0.6789420251762118,0.24289790516638737,lgbm-depth2-leaves3,0.23051591192553986,0.26203500418281017,0.053137585650863246,0.41690702099340166
0x0018aef7265ed951e9d292f4d2bc6f26ec9ee9c342650b84b93fcc13a9ccb93b,1782100500000,2026-06-22T03:55:00Z,1782100590000,2026-06-22T03:56:30Z,90,Down,0,calendar_ridge_logistic-l2-10,0.4928671365817922,0.6789822516980817,0.242918014322335,lgbm-depth2-leaves3,0.2415572268060674,0.2764879303781,0.05834989382223788,0.4024943213199817
0x0018aef7265ed951e9d292f4d2bc6f26ec9ee9c342650b84b93fcc13a9ccb93b,1782100500000,2026-06-22T03:55:00Z,1782100620000,2026-06-22T03:57:00Z,120,Down,0,calendar_ridge_logistic-l2-10,0.4928875293484854,0.679022464388268,0.24293811658725406,lgbm-depth2-leaves3,0.3065561295265794,0.366084979094833,0.09397666055031692,0.31293748529343496
0x0018aef7265ed951e9d292f4d2bc6f26ec9ee9c342650b84b93fcc13a9ccb93b,1782100500000,2026-06-22T03:55:00Z,1782100650000,2026-06-22T03:57:30Z,150,Down,0,calendar_ridge_logistic-l2-10,0.49290791477035006,0.6790626642113692,0.2429582124432547,lgbm-depth2-leaves3,0.7281744747591631,1.30259486982451,0.530238065690783,-0.6235322056131408
0x0018aef7265ed951e9d292f4d2bc6f26ec9ee9c342650b84b93fcc13a9ccb93b,1782100500000,2026-06-22T03:55:00Z,1782100680000,2026-06-22T03:58:00Z,180,Down,0,calendar_ridge_logistic-l2-10,0.49292829235718016,0.6791028501990293,0.2429783014061657,lgbm-depth2-leaves3,0.5956052949661025,0.9053638853095282,0.35474566739165797,-0.2262610351104989
0x0018aef7265ed951e9d292f4d2bc6f26ec9ee9c342650b84b93fcc13a9ccb93b,1782100500000,2026-06-22T03:55:00Z,1782100710000,2026-06-22T03:58:30Z,210,Down,0,calendar_ridge_logistic-l2-10,0.49294866180203223,0.6791430217441654,0.24299838317241435,lgbm-depth2-leaves3,0.463531962862003,0.6227482953161567,0.21486188059470132,0.05639472642800869
0x0018aef7265ed951e9d292f4d2bc6f26ec9ee9c342650b84b93fcc13a9ccb93b,1782100500000,2026-06-22T03:55:00Z,1782100740000,2026-06-22T03:59:00Z,240,Down,0,calendar_ridge_logistic-l2-10,0.49296902341166265,0.6791831794499774,0.2430184580434484,lgbm-depth2-leaves3,0.7852635633772811,1.538343879028707,0.6166388639679852,-0.8591606995787295
0x1e6bfcd41a1c5705a8ad98e8061d29abeb8100b30134357969a496c23b98d8fc,1782100800000,2026-06-22T04:00:00Z,1782100830000,2026-06-22T04:00:30Z,30,Up,1,calendar_ridge_logistic-l2-10,0.49302997817058836,0.7071852991399048,0.2570186030337141,lgbm-depth2-leaves3,0.24209001349696072,1.4184456653851463,0.5744275476410372,-0.7112603662452415
0x1e6bfcd41a1c5705a8ad98e8061d29abeb8100b30134357969a496c23b98d8fc,1782100800000,2026-06-22T04:00:00Z,1782100860000,2026-06-22T04:01:00Z,60,Up,1,calendar_ridge_logistic-l2-10,0.49305030659859544,0.7071440683632146,0.25699799163977816,lgbm-depth2-leaves3,0.23363053795165228,1.4540143090394062,0.5873221523602737,-0.7468702406761916
0x1e6bfcd41a1c5705a8ad98e8061d29abeb8100b30134357969a496c23b98d8fc,1782100800000,2026-06-22T04:00:00Z,1782100890000,2026-06-22T04:01:30Z,90,Up,1,calendar_ridge_logistic-l2-10,0.493070626822968,0.7071028559242799,0.2569773893896586,lgbm-depth2-leaves3,0.45394245582371956,0.7897848382611201,0.2981788415518305,-0.08268198233684021
0x1e6bfcd41a1c5705a8ad98e8061d29abeb8100b30134357969a496c23b98d8fc,1782100800000,2026-06-22T04:00:00Z,1782100920000,2026-06-22T04:02:00Z,120,Up,1,calendar_ridge_logistic-l2-10,0.49309093841457974,0.7070616626911818,0.2569567967174114,lgbm-depth2-leaves3,0.5234482539667636,0.6473170998479669,0.2271015666473262,0.05974456284321483
0x1e6bfcd41a1c5705a8ad98e8061d29abeb8100b30134357969a496c23b98d8fc,1782100800000,2026-06-22T04:00:00Z,1782100950000,2026-06-22T04:02:30Z,150,Up,1,calendar_ridge_logistic-l2-10,0.4931112412199153,0.7070204889729368,0.25693621377761494,lgbm-depth2-leaves3,0.6041845151642811,0.5038756390169042,0.15666989803573525,0.20314484995603255
0x1e6bfcd41a1c5705a8ad98e8061d29abeb8100b30134357969a496c23b98d8fc,1782100800000,2026-06-22T04:00:00Z,1782100980000,2026-06-22T04:03:00Z,180,Up,1,calendar_ridge_logistic-l2-10,0.4931315352388753,0.7069793347674059,0.2569156405692995,lgbm-depth2-leaves3,0.6590167763199688,0.4170062875654674,0.1162695588312262,0.2899730472019385
0x1e6bfcd41a1c5705a8ad98e8061d29abeb8100b30134357969a496c23b98d8fc,1782100800000,2026-06-22T04:00:00Z,1782101010000,2026-06-22T04:03:30Z,210,Up,1,calendar_ridge_logistic-l2-10,0.49315182041027206,0.7069382001963247,0.25689507715342114,lgbm-depth2-leaves3,0.3812544651823296,0.9642882391754487,0.38284603685680507,-0.257350038979124
0x1e6bfcd41a1c5705a8ad98e8061d29abeb8100b30134357969a496c23b98d8fc,1782100800000,2026-06-22T04:00:00Z,1782101040000,2026-06-22T04:04:00Z,240,Up,1,calendar_ridge_logistic-l2-10,0.493172096795104,0.7068970851336539,0.25687452346707146,lgbm-depth2-leaves3,0.672115266470876,0.39732542568172213,0.10750839848146462,0.30957165945193177
0x4d00a6802b818a5fd3a5e2af67a02e5ff88de5ef3114e6cd7f893982466f7e83,1782101100000,2026-06-22T04:05:00Z,1782101130000,2026-06-22T04:05:30Z,30,Down,0,calendar_ridge_logistic-l2-10,0.49323278931398074,0.6797035313535033,0.24327858445444972,lgbm-depth2-leaves3,0.2273909267936584,0.25798208508820963,0.05170663358807892,0.4217214462652936
0x4d00a6802b818a5fd3a5e2af67a02e5ff88de5ef3114e6cd7f893982466f7e83,1782101100000,2026-06-22T04:05:00Z,1782101160000,2026-06-22T04:06:00Z,60,Down,0,calendar_ridge_logistic-l2-10,0.4932530289887931,0.6797434709521405,0.24329855060661915,lgbm-depth2-leaves3,0.35075457053977044,0.43194446818646165,0.1230287687545388,0.24779900276567884
0x4d00a6802b818a5fd3a5e2af67a02e5ff88de5ef3114e6cd7f893982466f7e83,1782101100000,2026-06-22T04:05:00Z,1782101190000,2026-06-22T04:06:30Z,90,Down,0,calendar_ridge_logistic-l2-10,0.4932732584971312,0.6797833920829819,0.24331850754837764,lgbm-depth2-leaves3,0.37988571700105384,0.47785149051155584,0.14431315798140476,0.20193190157142604
0x4d00a6802b818a5fd3a5e2af67a02e5ff88de5ef3114e6cd7f893982466f7e83,1782101100000,2026-06-22T04:05:00Z,1782101220000,2026-06-22T04:07:00Z,120,Down,0,calendar_ridge_logistic-l2-10,0.49329347894271364,0.6798232969219725,0.24333845636740548,lgbm-depth2-leaves3,0.49711832561234215,0.6874003763415848,0.24712662965961862,-0.007577079419612276
0x4d00a6802b818a5fd3a5e2af67a02e5ff88de5ef3114e6cd7f893982466f7e83,1782101100000,2026-06-22T04:05:00Z,1782101250000,2026-06-22T04:07:30Z,150,Down,0,calendar_ridge_logistic-l2-10,0.49331368995750907,0.6798631847407489,0.24335839669949338,lgbm-depth2-leaves3,0.761926171287394,1.4351744487393698,0.5805314904926673,-0.7553112639986209
0x4d00a6802b818a5fd3a5e2af67a02e5ff88de5ef3114e6cd7f893982466f7e83,1782101100000,2026-06-22T04:05:00Z,1782101280000,2026-06-22T04:08:00Z,180,Down,0,calendar_ridge_logistic-l2-10,0.49333389059101707,0.6799030536612211,0.2433783276056696,lgbm-depth2-leaves3,0.36400621601076716,0.45256648929161203,0.13250052529447728,0.22733656436960903
0x4d00a6802b818a5fd3a5e2af67a02e5ff88de5ef3114e6cd7f893982466f7e83,1782101100000,2026-06-22T04:05:00Z,1782101310000,2026-06-22T04:08:30Z,210,Down,0,calendar_ridge_logistic-l2-10,0.49335408194696384,0.6799429058595613,0.2433982501737315,lgbm-depth2-leaves3,0.4088293157872517,0.5256504974978669,0.16714140944707234,0.15429240836169444
0x4d00a6802b818a5fd3a5e2af67a02e5ff88de5ef3114e6cd7f893982466f7e83,1782101100000,2026-06-22T04:05:00Z,1782101340000,2026-06-22T04:09:00Z,240,Down,0,calendar_ridge_logistic-l2-10,0.49337426328937317,0.6799827398810048,0.2434181636763317,lgbm-depth2-leaves3,0.5818197083118978,0.8718426196210435,0.3385141729801418,-0.1918598797400387
0x0de59e8dbfbc5eb796f88f01b93b7d594b5b6cc559b3f83eefa33c79424a5a66,1782101400000,2026-06-22T04:10:00Z,1782101430000,2026-06-22T04:10:30Z,30,Up,1,calendar_ridge_logistic-l2-10,0.4934346651877858,0.7063648195765985,0.2566084384334107,lgbm-depth2-leaves3,0.5088584386968241,0.6755854176223692,0.24122003323932126,0.030779401954229235
0x0de59e8dbfbc5eb796f88f01b93b7d594b5b6cc559b3f83eefa33c79424a5a66,1782101400000,2026-06-22T04:10:00Z,1782101460000,2026-06-22T04:11:00Z,60,Up,1,calendar_ridge_logistic-l2-10,0.4934548059848397,0.7063240028536623,0.2565880335798564,lgbm-depth2-leaves3,0.7015023687641504,0.3545310027323497,0.08910083585341326,0.35179300012131254
0x0de59e8dbfbc5eb796f88f01b93b7d594b5b6cc559b3f83eefa33c79424a5a66,1782101400000,2026-06-22T04:10:00Z,1782101490000,2026-06-22T04:11:30Z,90,Up,1,calendar_ridge_logistic-l2-10,0.49347493575636986,0.7062832101392844,0.2565676407070136,lgbm-depth2-leaves3,0.638656574232207,0.4483884115947059,0.13056907134560453,0.25789479854457853
0x0de59e8dbfbc5eb796f88f01b93b7d594b5b6cc559b3f83eefa33c79424a5a66,1782101400000,2026-06-22T04:10:00Z,1782101520000,2026-06-22T04:12:00Z,120,Up,1,calendar_ridge_logistic-l2-10,0.49349505566719537,0.7062424390702486,0.2565472586335776,lgbm-depth2-leaves3,0.4831699171735561,0.7273868918046684,0.2671133345143888,-0.021144452734419783
0x0de59e8dbfbc5eb796f88f01b93b7d594b5b6cc559b3f83eefa33c79424a5a66,1782101400000,2026-06-22T04:10:00Z,1782101550000,2026-06-22T04:12:30Z,150,Up,1,calendar_ridge_logistic-l2-10,0.49351516433778114,0.7062016924393,0.2565268887557849,lgbm-depth2-leaves3,0.4910238855275375,0.7112625056752329,0.25905668510348523,-0.005060813235932882
0x0de59e8dbfbc5eb796f88f01b93b7d594b5b6cc559b3f83eefa33c79424a5a66,1782101400000,2026-06-22T04:10:00Z,1782101580000,2026-06-22T04:13:00Z,180,Up,1,calendar_ridge_logistic-l2-10,0.49353526293295286,0.7061609678833518,0.25650652989239325,lgbm-depth2-leaves3,0.6579074422876671,0.4186910227674107,0.11702731804216585,0.2874699451159411
0x0de59e8dbfbc5eb796f88f01b93b7d594b5b6cc559b3f83eefa33c79424a5a66,1782101400000,2026-06-22T04:10:00Z,1782101610000,2026-06-22T04:13:30Z,210,Up,1,calendar_ridge_logistic-l2-10,0.49355535050220006,0.7061202673256187,0.25648618300494935,lgbm-depth2-leaves3,0.7221450769386083,0.3255292226864639,0.0772033582694519,0.38059104463915483
0x0de59e8dbfbc5eb796f88f01b93b7d594b5b6cc559b3f83eefa33c79424a5a66,1782101400000,2026-06-22T04:10:00Z,1782101640000,2026-06-22T04:14:00Z,240,Up,1,calendar_ridge_logistic-l2-10,0.4935754270454286,0.7060795907634286,0.25646584809221995,lgbm-depth2-leaves3,0.6135656172622672,0.48846806494779604,0.14933153216189254,0.2176115258156326
0x384a66b113b679607bfff28267a8aab596c37d3da3cf732934e8203cadb87104,1782101700000,2026-06-22T04:15:00Z,1782101730000,2026-06-22T04:15:30Z,30,Down,0,calendar_ridge_logistic-l2-10,0.49363550972782605,0.6804985325062167,0.24367601646425063,lgbm-depth2-leaves3,0.33607977145134155,0.4095932744507421,0.11294961277878597,0.2709052580554746
0x384a66b113b679607bfff28267a8aab596c37d3da3cf732934e8203cadb87104,1782101700000,2026-06-22T04:15:00Z,1782101760000,2026-06-22T04:16:00Z,60,Down,0,calendar_ridge_logistic-l2-10,0.493655541614676,0.6805380935012669,0.2436957937668791,lgbm-depth2-leaves3,0.6385532732384366,1.0176406154308584,0.40775028276352143,-0.33710252192959145
0x384a66b113b679607bfff28267a8aab596c37d3da3cf732934e8203cadb87104,1782101700000,2026-06-22T04:15:00Z,1782101790000,2026-06-22T04:16:30Z,90,Down,0,calendar_ridge_logistic-l2-10,0.49367556226049425,0.6805776338602085,0.24371556077321513,lgbm-depth2-leaves3,0.6237195805867246,0.9774206172482129,0.38902611520727964,-0.2968429833880044
0x384a66b113b679607bfff28267a8aab596c37d3da3cf732934e8203cadb87104,1782101700000,2026-06-22T04:15:00Z,1782101820000,2026-06-22T04:17:00Z,120,Down,0,calendar_ridge_logistic-l2-10,0.4936955716040855,0.680617153459665,0.24373531742148472,lgbm-depth2-leaves3,0.4601785998192635,0.6165169345365314,0.21176434373161787,0.06410021892313356
0x384a66b113b679607bfff28267a8aab596c37d3da3cf732934e8203cadb87104,1782101700000,2026-06-22T04:15:00Z,1782101850000,2026-06-22T04:17:30Z,150,Down,0,calendar_ridge_logistic-l2-10,0.4937155694919273,0.6806566519938796,0.2437550635587381,lgbm-depth2-leaves3,0.46092368222723085,0.6178981266811021,0.2124506408379093,0.06275852531277748
0x384a66b113b679607bfff28267a8aab596c37d3da3cf732934e8203cadb87104,1782101700000,2026-06-22T04:15:00Z,1782101880000,2026-06-22T04:18:00Z,180,Down,0,calendar_ridge_logistic-l2-10,0.49373555534144864,0.6806961283095698,0.24377479860832868,lgbm-depth2-leaves3,0.43731741869104507,0.575039608577475,0.1912465246905988,0.10565651973209478
0x384a66b113b679607bfff28267a8aab596c37d3da3cf732934e8203cadb87104,1782101700000,2026-06-22T04:15:00Z,1782101910000,2026-06-22T04:18:30Z,210,Down,0,calendar_ridge_logistic-l2-10,0.4937555296739271,0.6807355834337381,0.24379452308358032,lgbm-depth2-leaves3,0.6276732918941291,0.9879835625463294,0.3939737613572126,-0.3072479791125913
0x384a66b113b679607bfff28267a8aab596c37d3da3cf732934e8203cadb87104,1782101700000,2026-06-22T04:15:00Z,1782101940000,2026-06-22T04:19:00Z,240,Down,0,calendar_ridge_logistic-l2-10,0.4937754919678883,0.6807750163336894,0.2438142364681301,lgbm-depth2-leaves3,0.5273495379805437,0.7493991446025866,0.27809753520829295,-0.06862412826889719
0x0c2b7bcb47becb99b84ed27d7b4540b9d6a52f2fcc3aa112e7915c4ae6e5fb38,1782102000000,2026-06-22T04:20:00Z,1782102030000,2026-06-22T04:20:30Z,30,Up,1,calendar_ridge_logistic-l2-10,0.49383522640915367,0.705553367213356,0.2562027780242727,lgbm-depth2-leaves3,0.763565354958435,0.2697565588271436,0.05590134137593082,0.43579680838621243
0x0c2b7bcb47becb99b84ed27d7b4540b9d6a52f2fcc3aa112e7915c4ae6e5fb38,1782102000000,2026-06-22T04:20:00Z,1782102060000,2026-06-22T04:21:00Z,60,Up,1,calendar_ridge_logistic-l2-10,0.49385514036468753,0.7055130429250842,0.25618261893525013,lgbm-depth2-leaves3,0.7142854486514117,0.33647260850930566,0.08163280485232507,0.36904043441577855
0x0c2b7bcb47becb99b84ed27d7b4540b9d6a52f2fcc3aa112e7915c4ae6e5fb38,1782102000000,2026-06-22T04:20:00Z,1782102090000,2026-06-22T04:21:30Z,90,Up,1,calendar_ridge_logistic-l2-10,0.49387504243463964,0.7054727443287644,0.2561624726705378,lgbm-depth2-leaves3,0.3580745933335221,1.0270139530188092,0.41206822772392304,-0.32154120869004477
0x0c2b7bcb47becb99b84ed27d7b4540b9d6a52f2fcc3aa112e7915c4ae6e5fb38,1782102000000,2026-06-22T04:20:00Z,1782102120000,2026-06-22T04:22:00Z,120,Up,1,calendar_ridge_logistic-l2-10,0.4938949318219087,0.7054324730352647,0.2561423400355505,lgbm-depth2-leaves3,0.5219511592322683,0.6501812601660881,0.22853069415937208,0.05525121286917656
0x0c2b7bcb47becb99b84ed27d7b4540b9d6a52f2fcc3aa112e7915c4ae6e5fb38,1782102000000,2026-06-22T04:20:00Z,1782102150000,2026-06-22T04:22:30Z,150,Up,1,calendar_ridge_logistic-l2-10,0.49391480852640035,0.7053922290415431,0.25612222102887,lgbm-depth2-leaves3,0.6661239755304775,0.4062794763202446,0.11147319971557317,0.2991127527212985
0x0c2b7bcb47becb99b84ed27d7b4540b9d6a52f2fcc3aa112e7915c4ae6e5fb38,1782102000000,2026-06-22T04:20:00Z,1782102180000,2026-06-22T04:23:00Z,180,Up,1,calendar_ridge_logistic-l2-10,0.4939346729159653,0.7053520115996335,0.25610211527667104,lgbm-depth2-leaves3,0.6820562467729641,0.3826431512652676,0.10108823021609432,0.32270886033436585
0x0c2b7bcb47becb99b84ed27d7b4540b9d6a52f2fcc3aa112e7915c4ae6e5fb38,1782102000000,2026-06-22T04:20:00Z,1782102210000,2026-06-22T04:23:30Z,210,Up,1,calendar_ridge_logistic-l2-10,0.49395452462255063,0.7053118214515127,0.25608202314998874,lgbm-depth2-leaves3,0.7201618237137754,0.32827933706767143,0.07830940490720015,0.3770324843838413
0x0c2b7bcb47becb99b84ed27d7b4540b9d6a52f2fcc3aa112e7915c4ae6e5fb38,1782102000000,2026-06-22T04:20:00Z,1782102240000,2026-06-22T04:24:00Z,240,Up,1,calendar_ridge_logistic-l2-10,0.4939743630635833,0.7052716597733139,0.2560619452369062,lgbm-depth2-leaves3,0.38967792891126735,0.9424347043428019,0.3724930304580401,-0.237163044569488
0xa9a5909f72b6e85eb3088d4d4e15c407da58da6cbc0bbb195aed539687f2167f,1782102300000,2026-06-22T04:25:00Z,1782102330000,2026-06-22T04:25:30Z,30,Down,0,calendar_ridge_logistic-l2-10,0.49403372075955293,0.6812852537326344,0.24406931724752792,lgbm-depth2-leaves3,0.37867341259493686,0.4758984296443422,0.14339355340629528,0.20538682408829217
0xa9a5909f72b6e85eb3088d4d4e15c407da58da6cbc0bbb195aed539687f2167f,1782102300000,2026-06-22T04:25:00Z,1782102360000,2026-06-22T04:26:00Z,60,Down,0,calendar_ridge_logistic-l2-10,0.49405350733349396,0.6813243610045117,0.24408886810852676,lgbm-depth2-leaves3,0.2232966836721927,0.25269683379893615,0.049861408938999284,0.4286275272055755
0xa9a5909f72b6e85eb3088d4d4e15c407da58da6cbc0bbb195aed539687f2167f,1782102300000,2026-06-22T04:25:00Z,1782102390000,2026-06-22T04:26:30Z,90,Down,0,calendar_ridge_logistic-l2-10,0.4940732806413847,0.681363443584539,0.2441084066437405,lgbm-depth2-leaves3,0.5007499435456881,0.6946481936079778,0.25075050596100984,-0.013284750023438763
0xa9a5909f72b6e85eb3088d4d4e15c407da58da6cbc0bbb195aed539687f2167f,1782102300000,2026-06-22T04:25:00Z,1782102420000,2026-06-22T04:27:00Z,120,Down,0,calendar_ridge_logistic-l2-10,0.4940930409899853,0.6814025020761183,0.2441279331547313,lgbm-depth2-leaves3,0.4007469281124494,0.5120712794604225,0.16059810039156466,0.16933122261569578
0xa9a5909f72b6e85eb3088d4d4e15c407da58da6cbc0bbb195aed539687f2167f,1782102300000,2026-06-22T04:25:00Z,1782102450000,2026-06-22T04:27:30Z,150,Down,0,calendar_ridge_logistic-l2-10,0.49411278727533237,0.681441534294135,0.24414744654899787,lgbm-depth2-leaves3,0.4162268463057282,0.5382428070695171,0.1732447875856123,0.1431987272246179
0xa9a5909f72b6e85eb3088d4d4e15c407da58da6cbc0bbb195aed539687f2167f,1782102300000,2026-06-22T04:25:00Z,1782102480000,2026-06-22T04:28:00Z,180,Down,0,calendar_ridge_logistic-l2-10,0.4941325206011939,0.681480542417384,0.2441669479156893,lgbm-depth2-leaves3,0.3806034642304057,0.4790096043395365,0.1448589969841857,0.2024709380778475
0xa9a5909f72b6e85eb3088d4d4e15c407da58da6cbc0bbb195aed539687f2167f,1782102300000,2026-06-22T04:25:00Z,1782102510000,2026-06-22T04:28:30Z,210,Down,0,calendar_ridge_logistic-l2-10,0.49415224001703,0.6815195245638833,0.24418643631384843,lgbm-depth2-leaves3,0.48840465193579524,0.6702213022347309,0.2385391040325253,0.011298222329152452
0xa9a5909f72b6e85eb3088d4d4e15c407da58da6cbc0bbb195aed539687f2167f,1782102300000,2026-06-22T04:25:00Z,1782102540000,2026-06-22T04:29:00Z,240,Down,0,calendar_ridge_logistic-l2-10,0.49417194552274685,0.6815584807303503,0.24420591174173667,lgbm-depth2-leaves3,0.6953755508219163,1.1886755752350902,0.48354715668088344,-0.5071170945047399
0xbf5a03d6a6bdacedc8e1d12e9e6e95c74ec3204baaf456d679ebc00f71afef5d,1782102600000,2026-06-22T04:30:00Z,1782102630000,2026-06-22T04:30:30Z,30,Up,1,calendar_ridge_logistic-l2-10,0.49423089812237064,0.7047524658879419,0.2558023844141038,lgbm-depth2-leaves3,0.6273971341248007,0.4661755510957295,0.13883289565841175,0.23857691479221244
0xbf5a03d6a6bdacedc8e1d12e9e6e95c74ec3204baaf456d679ebc00f71afef5d,1782102600000,2026-06-22T04:30:00Z,1782102660000,2026-06-22T04:31:00Z,60,Up,1,calendar_ridge_logistic-l2-10,0.4942505479254352,0.7047127083322575,0.2557825082737225,lgbm-depth2-leaves3,0.7760259532889272,0.25356931439823077,0.050164373600133816,0.45114339393402675
0xbf5a03d6a6bdacedc8e1d12e9e6e95c74ec3204baaf456d679ebc00f71afef5d,1782102600000,2026-06-22T04:30:00Z,1782102690000,2026-06-22T04:31:30Z,90,Up,1,calendar_ridge_logistic-l2-10,0.4942701833888326,0.7046729813689719,0.25576264740956506,lgbm-depth2-leaves3,0.556042160574963,0.5869111592341447,0.1970985631869469,0.11776182213482722
0xbf5a03d6a6bdacedc8e1d12e9e6e95c74ec3204baaf456d679ebc00f71afef5d,1782102600000,2026-06-22T04:30:00Z,1782102720000,2026-06-22T04:32:00Z,120,Up,1,calendar_ridge_logistic-l2-10,0.49428980488041774,0.7046332842502931,0.25574280144788597,lgbm-depth2-leaves3,0.28516401585581075,1.2546907700158707,0.5109904842273916,-0.5500574857655776
0xbf5a03d6a6bdacedc8e1d12e9e6e95c74ec3204baaf456d679ebc00f71afef5d,1782102600000,2026-06-22T04:30:00Z,1782102750000,2026-06-22T04:32:30Z,150,Up,1,calendar_ridge_logistic-l2-10,0.4943094114496514,0.7045936188956937,0.255722971348398,lgbm-depth2-leaves3,0.4881617048426718,0.717108565634855,0.26197844038956014,-0.012514946739161315
0xbf5a03d6a6bdacedc8e1d12e9e6e95c74ec3204baaf456d679ebc00f71afef5d,1782102600000,2026-06-22T04:30:00Z,1782102780000,2026-06-22T04:33:00Z,180,Up,1,calendar_ridge_logistic-l2-10,0.4943290038934438,0.7045539836893515,0.2557031563033968,lgbm-depth2-leaves3,0.6304542389981508,0.46131470511970263,0.13656406947443586,0.2432392785696489
0xbf5a03d6a6bdacedc8e1d12e9e6e95c74ec3204baaf456d679ebc00f71afef5d,1782102600000,2026-06-22T04:30:00Z,1782102810000,2026-06-22T04:33:30Z,210,Up,1,calendar_ridge_logistic-l2-10,0.49434858193607567,0.7045143791854869,0.2556833565900576,lgbm-depth2-leaves3,0.5350622804828352,0.6253721267440462,0.2161670830298218,0.07914225244144069
0xbf5a03d6a6bdacedc8e1d12e9e6e95c74ec3204baaf456d679ebc00f71afef5d,1782102600000,2026-06-22T04:30:00Z,1782102840000,2026-06-22T04:34:00Z,240,Up,1,calendar_ridge_logistic-l2-10,0.4943681452705858,0.7044748060014305,0.2556635725171074,lgbm-depth2-leaves3,0.6442020078265734,0.4397429253147119,0.1265922112346417,0.26473188068671866
0x63b8594590a5fab11c5f10f7d7355fa7d722c8e38fea6ad39eb4928c1c865387,1782102900000,2026-06-22T04:35:00Z,1782102930000,2026-06-22T04:35:30Z,30,Up,1,calendar_ridge_logistic-l2-10,0.49442666420806675,0.704356441833277,0.25560439786378286,lgbm-depth2-leaves3,0.3524854125831586,1.0427460403289155,0.4192751409176024,-0.33838959849563854
0x63b8594590a5fab11c5f10f7d7355fa7d722c8e38fea6ad39eb4928c1c865387,1782102900000,2026-06-22T04:35:00Z,1782102960000,2026-06-22T04:36:00Z,60,Up,1,calendar_ridge_logistic-l2-10,0.4944461677287198,0.7043169958701041,0.2555846773241778,lgbm-depth2-leaves3,0.5782648689155416,0.5477232645556246,0.1778605207908253,0.1565937313144795
0x63b8594590a5fab11c5f10f7d7355fa7d722c8e38fea6ad39eb4928c1c865387,1782102900000,2026-06-22T04:35:00Z,1782102990000,2026-06-22T04:36:30Z,90,Up,1,calendar_ridge_logistic-l2-10,0.4944656562651377,0.704277581766748,0.2555649726954379,lgbm-depth2-leaves3,0.763565354958435,0.2697565588271436,0.05590134137593082,0.43452102293960443
0x63b8594590a5fab11c5f10f7d7355fa7d722c8e38fea6ad39eb4928c1c865387,1782102900000,2026-06-22T04:35:00Z,1782103020000,2026-06-22T04:37:00Z,120,Up,1,calendar_ridge_logistic-l2-10,0.4944851292347244,0.7042382006976905,0.2555452845648334,lgbm-depth2-leaves3,0.7519797228757922,0.2850459196567541,0.061514057864768844,0.4191922810409364
0x63b8594590a5fab11c5f10f7d7355fa7d722c8e38fea6ad39eb4928c1c865387,1782102900000,2026-06-22T04:35:00Z,1782103050000,2026-06-22T04:37:30Z,150,Up,1,calendar_ridge_logistic-l2-10,0.49450458743440634,0.7041988510475242,0.2555256121248598,lgbm-depth2-leaves3,0.3368469819131828,1.0881265113508516,0.4397719253976546,-0.38392766030332737
0x63b8594590a5fab11c5f10f7d7355fa7d722c8e38fea6ad39eb4928c1c865387,1782102900000,2026-06-22T04:35:00Z,1782103080000,2026-06-22T04:38:00Z,180,Up,1,calendar_ridge_logistic-l2-10,0.49452402985253496,0.7041595348583032,0.25550595639652096,lgbm-depth2-leaves3,0.2676043115108748,1.3182458390832874,0.5364034445174597,-0.6140863042249842
0x63b8594590a5fab11c5f10f7d7355fa7d722c8e38fea6ad39eb4928c1c865387,1782102900000,2026-06-22T04:35:00Z,1782103110000,2026-06-22T04:38:30Z,210,Up,1,calendar_ridge_logistic-l2-10,0.4945434569180663,0.7041202512587639,0.25548631694433876,lgbm-depth2-leaves3,0.5193509727803265,0.6551753762373328,0.23102348736721845,0.04894487502143108
0x63b8594590a5fab11c5f10f7d7355fa7d722c8e38fea6ad39eb4928c1c865387,1782102900000,2026-06-22T04:35:00Z,1782103140000,2026-06-22T04:39:00Z,240,Up,1,calendar_ridge_logistic-l2-10,0.4945628682018504,0.7040810011128622,0.25546669420034007,lgbm-depth2-leaves3,0.5198031651939736,0.6543050675397782,0.23058900015772618,0.049775933573083964
0xbfa6a49e0bac68067e3bbc5427370853f11164bebaf9b4da6e722d52dc3e91f0,1782103200000,2026-06-22T04:40:00Z,1782103230000,2026-06-22T04:40:30Z,30,Down,0,calendar_ridge_logistic-l2-10,0.4946209262296835,0.6824464901675835,0.24464986066431002,lgbm-depth2-leaves3,0.482309634321123,0.6583779651008813,0.2326225833589754,0.024068525066702207
0xbfa6a49e0bac68067e3bbc5427370853f11164bebaf9b4da6e722d52dc3e91f0,1782103200000,2026-06-22T04:40:00Z,1782103260000,2026-06-22T04:41:00Z,60,Down,0,calendar_ridge_logistic-l2-10,0.4946402741708838,0.6824847749177293,0.2446690008318471,lgbm-depth2-leaves3,0.3188022981346752,0.3839027038556,0.10163490529595033,0.2985820710621293
0xbfa6a49e0bac68067e3bbc5427370853f11164bebaf9b4da6e722d52dc3e91f0,1782103200000,2026-06-22T04:40:00Z,1782103290000,2026-06-22T04:41:30Z,90,Down,0,calendar_ridge_logistic-l2-10,0.4946596063298467,0.6825230299027486,0.2446881261343989,lgbm-depth2-leaves3,0.4706047919700992,0.6360200409303282,0.22146887022522033,0.046502988972420445
0xbfa6a49e0bac68067e3bbc5427370853f11164bebaf9b4da6e722d52dc3e91f0,1782103200000,2026-06-22T04:40:00Z,1782103320000,2026-06-22T04:42:00Z,120,Down,0,calendar_ridge_logistic-l2-10,0.4946789220628791,0.6825612538453396,0.24470723593329202,lgbm-depth2-leaves3,0.38389045783030773,0.4843305030606246,0.14737188361316328,0.19823075078471503
0xbfa6a49e0bac68067e3bbc5427370853f11164bebaf9b4da6e722d52dc3e91f0,1782103200000,2026-06-22T04:40:00Z,1782103350000,2026-06-22T04:42:30Z,150,Down,0,calendar_ridge_logistic-l2-10,0.4946982216455133,0.6825994472871688,0.2447263304992334,lgbm-depth2-leaves3,0.4477794286304256,0.5938077267037462,0.2005064167045904,0.08879172058342266
0xbfa6a49e0bac68067e3bbc5427370853f11164bebaf9b4da6e722d52dc3e91f0,1782103200000,2026-06-22T04:40:00Z,1782103380000,2026-06-22T04:43:00Z,180,Down,0,calendar_ridge_logistic-l2-10,0.49471750480202487,0.682637609679002,0.24474540955754148,lgbm-depth2-leaves3,0.5287641978051453,0.752396668642251,0.2795915768805188,-0.06975905896324897
0xbfa6a49e0bac68067e3bbc5427370853f11164bebaf9b4da6e722d52dc3e91f0,1782103200000,2026-06-22T04:40:00Z,1782103410000,2026-06-22T04:43:30Z,210,Down,0,calendar_ridge_logistic-l2-10,0.49473677153231377,0.6826757410170307,0.24476447310621682,lgbm-depth2-leaves3,0.7691026569587841,1.4657820696553425,0.5915188969410612,-0.7831063286383119
0xbfa6a49e0bac68067e3bbc5427370853f11164bebaf9b4da6e722d52dc3e91f0,1782103200000,2026-06-22T04:40:00Z,1782103440000,2026-06-22T04:44:00Z,240,Down,0,calendar_ridge_logistic-l2-10,0.494756021682852,0.6827138409937776,0.2447835209914427,lgbm-depth2-leaves3,0.5237037025413154,0.7417151447543826,0.2742655680554825,-0.05900130376060497
0x51c13712fe0ee8304df36fac6edd1cf7a4d53b898004b05764821d45b56f63a0,1782103500000,2026-06-22T04:45:00Z,1782103530000,2026-06-22T04:45:30Z,30,Up,1,calendar_ridge_logistic-l2-10,0.494813591492432,0.7035741701821442,0.2552133073407754,lgbm-depth2-leaves3,0.4251115368126166,0.8554037049298595,0.3304967451059515,-0.15182953474771532
0x51c13712fe0ee8304df36fac6edd1cf7a4d53b898004b05764821d45b56f63a0,1782103500000,2026-06-22T04:45:00Z,1782103560000,2026-06-22T04:46:00Z,60,Up,1,calendar_ridge_logistic-l2-10,0.49483277477166604,0.7035354022345411,0.2551939254448942,lgbm-depth2-leaves3,0.7585358425412654,0.27636522680603354,0.058304939337256584,0.4271701754285076
0x51c13712fe0ee8304df36fac6edd1cf7a4d53b898004b05764821d45b56f63a0,1782103500000,2026-06-22T04:45:00Z,1782103590000,2026-06-22T04:46:30Z,90,Up,1,calendar_ridge_logistic-l2-10,0.494851941041602,0.7034966701623324,0.2551745614694371,lgbm-depth2-leaves3,0.7795041812656801,0.24909722646318214,0.048618406079318055,0.4543994436991503
0x51c13712fe0ee8304df36fac6edd1cf7a4d53b898004b05764821d45b56f63a0,1782103500000,2026-06-22T04:45:00Z,1782103620000,2026-06-22T04:47:00Z,120,Up,1,calendar_ridge_logistic-l2-10,0.4948710900876055,0.7034579743951257,0.255155215629284,lgbm-depth2-leaves3,0.7817609036410997,0.24620633500739725,0.04762830317954935,0.45725163938772845
0x51c13712fe0ee8304df36fac6edd1cf7a4d53b898004b05764821d45b56f63a0,1782103500000,2026-06-22T04:45:00Z,1782103650000,2026-06-22T04:47:30Z,150,Up,1,calendar_ridge_logistic-l2-10,0.49489022227755486,0.703419314185411,0.25513588755081795,lgbm-depth2-leaves3,0.7555669816285181,0.280286842524879,0.05974750047019321,0.42313247166053203
0x51c13712fe0ee8304df36fac6edd1cf7a4d53b898004b05764821d45b56f63a0,1782103500000,2026-06-22T04:45:00Z,1782103680000,2026-06-22T04:48:00Z,180,Up,1,calendar_ridge_logistic-l2-10,0.49490933724338254,0.7033806902728296,0.25511657760391904,lgbm-depth2-leaves3,0.6617830590330203,0.4128174821404602,0.11439069915706146,0.29056320813236935
0x51c13712fe0ee8304df36fac6edd1cf7a4d53b898004b05764821d45b56f63a0,1782103500000,2026-06-22T04:45:00Z,1782103710000,2026-06-22T04:48:30Z,210,Up,1,calendar_ridge_logistic-l2-10,0.49492843440248785,0.7033421038303745,0.2550972863751221,lgbm-depth2-leaves3,0.39563696237383905,0.9272582498928802,0.36525468124872046,-0.22391614606250565
0x51c13712fe0ee8304df36fac6edd1cf7a4d53b898004b05764821d45b56f63a0,1782103500000,2026-06-22T04:45:00Z,1782103740000,2026-06-22T04:49:00Z,240,Up,1,calendar_ridge_logistic-l2-10,0.49494751470525167,0.7033035529336014,0.255078012902402,lgbm-depth2-leaves3,0.4379367580536333,0.8256807670360459,0.31591508794726,-0.12237721410244451
0x00ee3b4f6dd637c1159ad399c5cd9306e9810e39ec4c0743c1251a88ef5970aa,1782103800000,2026-06-22T04:50:00Z,1782103830000,2026-06-22T04:50:30Z,30,Up,1,calendar_ridge_logistic-l2-10,0.4950045681910153,0.7031882877873129,0.25502038614794287,lgbm-depth2-leaves3,0.49973758080902053,0.6936721567177766,0.25026248805481127,0.009516131069536304
0x00ee3b4f6dd637c1159ad399c5cd9306e9810e39ec4c0743c1251a88ef5970aa,1782103800000,2026-06-22T04:50:00Z,1782103860000,2026-06-22T04:51:00Z,60,Up,1,calendar_ridge_logistic-l2-10,0.4950235775112689,0.703149886211886,0.2550011872695174,lgbm-depth2-leaves3,0.5933241133991483,0.5220144636997694,0.16538527674258882,0.18113542251211656
0x00ee3b4f6dd637c1159ad399c5cd9306e9810e39ec4c0743c1251a88ef5970aa,1782103800000,2026-06-22T04:50:00Z,1782103890000,2026-06-22T04:51:30Z,90,Up,1,calendar_ridge_logistic-l2-10,0.4950425689631351,0.7031115222057313,0.25498200715935027,lgbm-depth2-leaves3,0.5709482062633082,0.5604567805097747,0.1840854417086727,0.1426547416959566
0x00ee3b4f6dd637c1159ad399c5cd9306e9810e39ec4c0743c1251a88ef5970aa,1782103800000,2026-06-22T04:50:00Z,1782103920000,2026-06-22T04:52:00Z,120,Up,1,calendar_ridge_logistic-l2-10,0.495061542393074,0.7030731960747242,0.2549628459704614,lgbm-depth2-leaves3,0.4766880943113385,0.7408928923059439,0.27385535063549854,-0.037819696231219724
0x00ee3b4f6dd637c1159ad399c5cd9306e9810e39ec4c0743c1251a88ef5970aa,1782103800000,2026-06-22T04:50:00Z,1782103950000,2026-06-22T04:52:30Z,150,Up,1,calendar_ridge_logistic-l2-10,0.4950804981078725,0.7030349071948958,0.2549437033909942,lgbm-depth2-leaves3,0.4953398937234006,0.7025110980657655,0.2546818228671086,0.0005238091291303038
0x00ee3b4f6dd637c1159ad399c5cd9306e9810e39ec4c0743c1251a88ef5970aa,1782103800000,2026-06-22T04:50:00Z,1782103980000,2026-06-22T04:53:00Z,180,Up,1,calendar_ridge_logistic-l2-10,0.49509943537149054,0.7029966570486749,0.2549245801621876,lgbm-depth2-leaves3,0.48840465193579524,0.7166110119428829,0.2617298001609349,-0.013614354894208036
0x00ee3b4f6dd637c1159ad399c5cd9306e9810e39ec4c0743c1251a88ef5970aa,1782103800000,2026-06-22T04:50:00Z,1782104010000,2026-06-22T04:53:30Z,210,Up,1,calendar_ridge_logistic-l2-10,0.49511835418382927,0.7029584456318723,0.25490547628204524,lgbm-depth2-leaves3,0.3812544651823296,0.9642882391754487,0.38284603685680507,-0.26132979354357644
0x00ee3b4f6dd637c1159ad399c5cd9306e9810e39ec4c0743c1251a88ef5970aa,1782103800000,2026-06-22T04:50:00Z,1782104040000,2026-06-22T04:54:00Z,240,Up,1,calendar_ridge_logistic-l2-10,0.4951372549127723,0.7029202721971113,0.2548863913770111,lgbm-depth2-leaves3,0.5293959105357495,0.6360187139342165,0.22146820902047626,0.06690155826289479
0x263e5f60b7067d4eeca47aa06e9daf83f1ef503eae3bb6cd5de014d1e5803110,1782104100000,2026-06-22T04:55:00Z,1782104130000,2026-06-22T04:55:30Z,30,Up,1,calendar_ridge_logistic-l2-10,0.49519376513431146,0.7028061482921611,0.2548293347592727,lgbm-depth2-leaves3,0.40596248765880305,0.9014945185781353,0.3528805660685177,-0.1986883702859742
0x263e5f60b7067d4eeca47aa06e9daf83f1ef503eae3bb6cd5de014d1e5803110,1782104100000,2026-06-22T04:55:00Z,1782104160000,2026-06-22T04:56:00Z,60,Up,1,calendar_ridge_logistic-l2-10,0.4952125913520653,0.702768131133582,0.25481032792949704,lgbm-depth2-leaves3,0.38967792891126735,0.9424347043428019,0.3724930304580401,-0.2396665732092198
0x263e5f60b7067d4eeca47aa06e9daf83f1ef503eae3bb6cd5de014d1e5803110,1782104100000,2026-06-22T04:55:00Z,1782104190000,2026-06-22T04:56:30Z,90,Up,1,calendar_ridge_logistic-l2-10,0.49523139927141835,0.7027301523694452,0.2547913402814903,lgbm-depth2-leaves3,0.47592053948686347,0.7425043725368504,0.2746592809317402,-0.03977422016740517
0x263e5f60b7067d4eeca47aa06e9daf83f1ef503eae3bb6cd5de014d1e5803110,1782104100000,2026-06-22T04:55:00Z,1782104220000,2026-06-22T04:57:00Z,120,Up,1,calendar_ridge_logistic-l2-10,0.4952501877272547,0.7026922143480115,0.2547723729893716,lgbm-depth2-leaves3,0.37878504814263164,0.9707863900895995,0.3859080164111526,-0.268094175741588
0x263e5f60b7067d4eeca47aa06e9daf83f1ef503eae3bb6cd5de014d1e5803110,1782104100000,2026-06-22T04:55:00Z,1782104250000,2026-06-22T04:57:30Z,150,Up,1,calendar_ridge_logistic-l2-10,0.4952689574554338,0.7026543155789213,0.2547534253081246,lgbm-depth2-leaves3,0.6312443213887093,0.4600622942528965,0.13598075050807348,0.2425920213260248
0x263e5f60b7067d4eeca47aa06e9daf83f1ef503eae3bb6cd5de014d1e5803110,1782104100000,2026-06-22T04:55:00Z,1782104280000,2026-06-22T04:58:00Z,180,Up,1,calendar_ridge_logistic-l2-10,0.4952877083024205,0.7026164563677583,0.25473449739062254,lgbm-depth2-leaves3,0.6252083352230816,0.46967034843302546,0.14046879198625398,0.2329461079347328
0x263e5f60b7067d4eeca47aa06e9daf83f1ef503eae3bb6cd5de014d1e5803110,1782104100000,2026-06-22T04:55:00Z,1782104310000,2026-06-22T04:58:30Z,210,Up,1,calendar_ridge_logistic-l2-10,0.4953064398390495,0.7025786375765484,0.25471558966793506,lgbm-depth2-leaves3,0.4918366777293675,0.7096085734339822,0.25822996210112675,-0.007029935857433833
0x263e5f60b7067d4eeca47aa06e9daf83f1ef503eae3bb6cd5de014d1e5803110,1782104100000,2026-06-22T04:55:00Z,1782104340000,2026-06-22T04:59:00Z,240,Up,1,calendar_ridge_logistic-l2-10,0.4953251522797676,0.7025408587678182,0.2546967019214398,lgbm-depth2-leaves3,0.5179721463568017,0.6578338096803594,0.23235085168786862,0.04470704908745882
0x10edb34ceabc2c6b166bd2107708ca5387644b2b0ef161496607e83da8515e37,1782104400000,2026-06-22T05:00:00Z,1782104430000,2026-06-22T05:00:30Z,30,Down,0,calendar_ridge_logistic-l2-10,0.49538109217473,0.6839517725591034,0.2454024264842283,lgbm-depth2-leaves3,0.4924768975035048,0.6782130469417151,0.2425334945746776,0.005738725617388307
0x10edb34ceabc2c6b166bd2107708ca5387644b2b0ef161496607e83da8515e37,1782104400000,2026-06-22T05:00:00Z,1782104460000,2026-06-22T05:01:00Z,60,Down,0,calendar_ridge_logistic-l2-10,0.49539972672905985,0.6839887012157937,0.2454208892432272,lgbm-depth2-leaves3,0.6129238084223393,0.9491337278685238,0.3756755949309445,-0.2651450266527301
0x10edb34ceabc2c6b166bd2107708ca5387644b2b0ef161496607e83da8515e37,1782104400000,2026-06-22T05:00:00Z,1782104490000,2026-06-22T05:01:30Z,90,Down,0,calendar_ridge_logistic-l2-10,0.49541834160450426,0.6840255922358615,0.24543933319815728,lgbm-depth2-leaves3,0.3957435743397447,0.5037566253462651,0.15661297663119705,0.18026896688959637
0x10edb34ceabc2c6b166bd2107708ca5387644b2b0ef161496607e83da8515e37,1782104400000,2026-06-22T05:00:00Z,1782104520000,2026-06-22T05:02:00Z,120,Down,0,calendar_ridge_logistic-l2-10,0.4954369365253342,0.6840624450686198,0.24545775807360803,lgbm-depth2-leaves3,0.4158970312292004,0.5376779953074621,0.1729703405852625,0.14638444976115772
0x10edb34ceabc2c6b166bd2107708ca5387644b2b0ef161496607e83da8515e37,1782104400000,2026-06-22T05:00:00Z,1782104550000,2026-06-22T05:02:30Z,150,Down,0,calendar_ridge_logistic-l2-10,0.4954555119205359,0.6840992605600412,0.24547616429244026,lgbm-depth2-leaves3,0.5914728002956144,0.8951967825550574,0.34984007348953583,-0.2110975219950162
0x10edb34ceabc2c6b166bd2107708ca5387644b2b0ef161496607e83da8515e37,1782104400000,2026-06-22T05:00:00Z,1782104580000,2026-06-22T05:03:00Z,180,Down,0,calendar_ridge_logistic-l2-10,0.4954740669929648,0.6841360371259643,0.24549455106254897,lgbm-depth2-leaves3,0.5654975359167184,0.8335536632150226,0.3197874631278802,-0.1494176260890583
0x10edb34ceabc2c6b166bd2107708ca5387644b2b0ef161496607e83da8515e37,1782104400000,2026-06-22T05:00:00Z,1782104610000,2026-06-22T05:03:30Z,210,Down,0,calendar_ridge_logistic-l2-10,0.4954926022177732,0.6841727757038584,0.24551291885254042,lgbm-depth2-leaves3,0.5557917271155915,0.8114617434619915,0.30890444393013217,-0.12728896775813314
0x10edb34ceabc2c6b166bd2107708ca5387644b2b0ef161496607e83da8515e37,1782104400000,2026-06-22T05:00:00Z,1782104640000,2026-06-22T05:04:00Z,240,Down,0,calendar_ridge_logistic-l2-10,0.49551111748760673,0.6842094760766887,0.2455312675538168,lgbm-depth2-leaves3,0.3804651619408229,0.478786343724657,0.14475373945065662,0.2054231323520317
0x8e861b653252bea50de30dc05034821f7de97ce87f45cac2421ec2f4f8d3cdfc,1782104700000,2026-06-22T05:05:00Z,1782104730000,2026-06-22T05:05:30Z,30,Up,1,calendar_ridge_logistic-l2-10,0.49556646031576596,0.702053806424855,0.2544531959583658,lgbm-depth2-leaves3,0.5842040896057429,0.5375048887008199,0.1728862391005891,0.16454891772403513
0x8e861b653252bea50de30dc05034821f7de97ce87f45cac2421ec2f4f8d3cdfc,1782104700000,2026-06-22T05:05:00Z,1782104760000,2026-06-22T05:06:00Z,60,Up,1,calendar_ridge_logistic-l2-10,0.4955848939099111,0.7020166100994528,0.2544345992518756,lgbm-depth2-leaves3,0.5866764743424234,0.5332817621286564,0.17083633686200936,0.1687348479707964
0x8e861b653252bea50de30dc05034821f7de97ce87f45cac2421ec2f4f8d3cdfc,1782104700000,2026-06-22T05:05:00Z,1782104790000,2026-06-22T05:06:30Z,90,Up,1,calendar_ridge_logistic-l2-10,0.49560330722682255,0.7019794560718071,0.25441602368051913,lgbm-depth2-leaves3,0.6976353426126393,0.360058744521849,0.09142438603697604,0.3419207115499581
0x8e861b653252bea50de30dc05034821f7de97ce87f45cac2421ec2f4f8d3cdfc,1782104700000,2026-06-22T05:05:00Z,1782104820000,2026-06-22T05:07:00Z,120,Up,1,calendar_ridge_logistic-l2-10,0.4956216996838889,0.7019423455127711,0.25439746982976913,lgbm-depth2-leaves3,0.8090553298309472,0.21188797139342222,0.03645986706596837,0.49005437411934893
0x8e861b653252bea50de30dc05034821f7de97ce87f45cac2421ec2f4f8d3cdfc,1782104700000,2026-06-22T05:05:00Z,1782104850000,2026-06-22T05:07:30Z,150,Up,1,calendar_ridge_logistic-l2-10,0.4956400713882935,0.7019052782013043,0.2543789375892056,lgbm-depth2-leaves3,0.7422465084609052,0.29807386934272306,0.0664368624005942,0.40383140885858126
0x8e861b653252bea50de30dc05034821f7de97ce87f45cac2421ec2f4f8d3cdfc,1782104700000,2026-06-22T05:05:00Z,1782104880000,2026-06-22T05:08:00Z,180,Up,1,calendar_ridge_logistic-l2-10,0.4956584224933872,0.7018682538232608,0.2543604268018587,lgbm-depth2-leaves3,0.6484426302869739,0.43318174438645374,0.12359258419954132,0.26868650943680705
0x8e861b653252bea50de30dc05034821f7de97ce87f45cac2421ec2f4f8d3cdfc,1782104700000,2026-06-22T05:05:00Z,1782104910000,2026-06-22T05:08:30Z,210,Up,1,calendar_ridge_logistic-l2-10,0.4956767526310978,0.7018312731164874,0.25434193783671494,lgbm-depth2-leaves3,0.7522145112559566,0.2847337413798486,0.061397648432124446,0.4170975317366388
0x8e861b653252bea50de30dc05034821f7de97ce87f45cac2421ec2f4f8d3cdfc,1782104700000,2026-06-22T05:05:00Z,1782104940000,2026-06-22T05:09:00Z,240,Up,1,calendar_ridge_logistic-l2-10,0.495695061801342,0.7017943360763583,0.2543234706915522,lgbm-depth2-leaves3,0.7964904766978885,0.22754010614056405,0.04141612607465265,0.47425422993579425
0xd93ddae69dd62904ffab844f493ed1165c49c20faebd185245653d32f5a8ac64,1782105000000,2026-06-22T05:10:00Z,1782105030000,2026-06-22T05:10:30Z,30,Up,1,calendar_ridge_logistic-l2-10,0.49574978086903965,0.7016839536014123,0.2542682834936215,lgbm-depth2-leaves3,0.4655392027118064,0.7645589694591197,0.2856483438379316,-0.06287501585770738
0xd93ddae69dd62904ffab844f493ed1165c49c20faebd185245653d32f5a8ac64,1782105000000,2026-06-22T05:10:00Z,1782105060000,2026-06-22T05:11:00Z,60,Up,1,calendar_ridge_logistic-l2-10,0.4957680049885032,0.7016471935559032,0.2542499047932742,lgbm-depth2-leaves3,0.5878244696110821,0.5313268967193824,0.16988866785138573,0.17032029683652083
0xd93ddae69dd62904ffab844f493ed1165c49c20faebd185245653d32f5a8ac64,1782105000000,2026-06-22T05:10:00Z,1782105090000,2026-06-22T05:11:30Z,90,Up,1,calendar_ridge_logistic-l2-10,0.4957862080789621,0.7016104772771137,0.2542315479633917,lgbm-depth2-leaves3,0.6344038737655211,0.4550695024923718,0.13366052751765703,0.24654097478474185
0xd93ddae69dd62904ffab844f493ed1165c49c20faebd185245653d32f5a8ac64,1782105000000,2026-06-22T05:10:00Z,1782105120000,2026-06-22T05:12:00Z,120,Up,1,calendar_ridge_logistic-l2-10,0.49580438940435967,0.7015738062448434,0.2542132137439106,lgbm-depth2-leaves3,0.7208700125677595,0.3272964456517187,0.07791354988392274,0.3742773605931247
0xd93ddae69dd62904ffab844f493ed1165c49c20faebd185245653d32f5a8ac64,1782105000000,2026-06-22T05:10:00Z,1782105150000,2026-06-22T05:12:30Z,150,Up,1,calendar_ridge_logistic-l2-10,0.4958225490107871,0.7015371803612052,0.2541949020859802,lgbm-depth2-leaves3,0.4883442759709803,0.7167346383184372,0.26179157993166036,-0.015197457957232041
0xd93ddae69dd62904ffab844f493ed1165c49c20faebd185245653d32f5a8ac64,1782105000000,2026-06-22T05:10:00Z,1782105180000,2026-06-22T05:13:00Z,180,Up,1,calendar_ridge_logistic-l2-10,0.49584068663744174,0.7015006001472683,0.25417661325020624,lgbm-depth2-leaves3,0.36967382432743895,0.9951342180145465,0.39731108773799634,-0.29363361786727815
0xd93ddae69dd62904ffab844f493ed1165c49c20faebd185245653d32f5a8ac64,1782105000000,2026-06-22T05:10:00Z,1782105210000,2026-06-22T05:13:30Z,210,Up,1,calendar_ridge_logistic-l2-10,0.49585880302019725,0.7014640641140315,0.2541583464922283,lgbm-depth2-leaves3,0.28647135268292995,1.2501167384622371,0.5091231305421278,-0.5486526743482056
0xd93ddae69dd62904ffab844f493ed1165c49c20faebd185245653d32f5a8ac64,1782105000000,2026-06-22T05:10:00Z,1782105240000,2026-06-22T05:14:00Z,240,Up,1,calendar_ridge_logistic-l2-10,0.49587689710120003,0.70142757439,0.2541401028763141,lgbm-depth2-leaves3,0.6173996613521706,0.482238715420593,0.14638301913343374,0.21918885896940704
0xfd656be3ff01f859d71315b1ee327d273b1f163df1cba3bc5f6af750e79cb516,1782105300000,2026-06-22T05:15:00Z,1782105330000,2026-06-22T05:15:30Z,30,Up,1,calendar_ridge_logistic-l2-10,0.4959309670337287,0.701318541311039,0.254085589995552,lgbm-depth2-leaves3,0.23100704094317465,1.4653070886513744,0.5913501710789724,-0.7639885473403354
0xfd656be3ff01f859d71315b1ee327d273b1f163df1cba3bc5f6af750e79cb516,1782105300000,2026-06-22T05:15:00Z,1782105360000,2026-06-22T05:16:00Z,60,Up,1,calendar_ridge_logistic-l2-10,0.49594897290346773,0.7012822347601834,0.2540674379170691,lgbm-depth2-leaves3,0.2339205186971979,1.4527738850104002,0.5868777716731703,-0.7514916502502168
0xfd656be3ff01f859d71315b1ee327d273b1f163df1cba3bc5f6af750e79cb516,1782105300000,2026-06-22T05:15:00Z,1782105390000,2026-06-22T05:16:30Z,90,Up,1,calendar_ridge_logistic-l2-10,0.49596695662446477,0.7012459741851413,0.2540493088144042,lgbm-depth2-leaves3,0.3133121302490254,1.1605553640938797,0.4715402304631315,-0.4593093899087384
0xfd656be3ff01f859d71315b1ee327d273b1f163df1cba3bc5f6af750e79cb516,1782105300000,2026-06-22T05:15:00Z,1782105420000,2026-06-22T05:17:00Z,120,Up,1,calendar_ridge_logistic-l2-10,0.4959849181966296,0.7012097595811414,0.25403120268525814,lgbm-depth2-leaves3,0.45080266325535656,0.7967255889915612,0.3016177146874093,-0.0955158294104198
0xfd656be3ff01f859d71315b1ee327d273b1f163df1cba3bc5f6af750e79cb516,1782105300000,2026-06-22T05:15:00Z,1782105450000,2026-06-22T05:17:30Z,150,Up,1,calendar_ridge_logistic-l2-10,0.49600285666937344,0.7011735928597356,0.25401312048543206,lgbm-depth2-leaves3,0.3224309613625488,1.1318662389576906,0.45909980212007984,-0.430692646097955
0xfd656be3ff01f859d71315b1ee327d273b1f163df1cba3bc5f6af750e79cb516,1782105300000,2026-06-22T05:15:00Z,1782105480000,2026-06-22T05:18:00Z,180,Up,1,calendar_ridge_logistic-l2-10,0.49602077314656134,0.7011374717903349,0.2539950610997898,lgbm-depth2-leaves3,0.3334781766462721,1.0981778531100874,0.44425134100677804,-0.3970403813197525
0xfd656be3ff01f859d71315b1ee327d273b1f163df1cba3bc5f6af750e79cb516,1782105300000,2026-06-22T05:15:00Z,1782105510000,2026-06-22T05:18:30Z,210,Up,1,calendar_ridge_logistic-l2-10,0.49603866678486774,0.7011013980681604,0.25397702537597355,lgbm-depth2-leaves3,0.3261467885361245,1.120407727374055,0.4540781506001786,-0.4193063293058945
0xfd656be3ff01f859d71315b1ee327d273b1f163df1cba3bc5f6af750e79cb516,1782105300000,2026-06-22T05:15:00Z,1782105540000,2026-06-22T05:19:00Z,240,Up,1,calendar_ridge_logistic-l2-10,0.4960565375842132,0.7010653716882954,0.2539590133116115,lgbm-depth2-leaves3,0.5510756276452129,0.5958832239933933,0.20153309209413953,0.10518214769490208
0x8a913e1647ef77356ab6f0b68ca4a485bd5f22af01449b82475cd695342c4314,1782105600000,2026-06-22T05:20:00Z,1782105630000,2026-06-22T05:20:30Z,30,Down,0,calendar_ridge_logistic-l2-10,0.496109932103076,0.6853971539543672,0.2461250647313187,lgbm-depth2-leaves3,0.43435818238423024,0.5697942321685966,0.18866703060413223,0.11560292178577058
0x8a913e1647ef77356ab6f0b68ca4a485bd5f22af01449b82475cd695342c4314,1782105600000,2026-06-22T05:20:00Z,1782105660000,2026-06-22T05:21:00Z,60,Down,0,calendar_ridge_logistic-l2-10,0.49612771131621264,0.6854324384895005,0.24614270593586324,lgbm-depth2-leaves3,0.2956236796788295,0.35044251973211327,0.0873933599868512,0.33498991875738726
0x8a913e1647ef77356ab6f0b68ca4a485bd5f22af01449b82475cd695342c4314,1782105600000,2026-06-22T05:20:00Z,1782105690000,2026-06-22T05:21:30Z,90,Down,0,calendar_ridge_logistic-l2-10,0.4961454672608878,0.6854676780887641,0.2461603246835247,lgbm-depth2-leaves3,0.3224309613625488,0.3892438293720436,0.10396172484517743,0.2962238487167205
0x8a913e1647ef77356ab6f0b68ca4a485bd5f22af01449b82475cd695342c4314,1782105600000,2026-06-22T05:20:00Z,1782105720000,2026-06-22T05:22:00Z,120,Down,0,calendar_ridge_logistic-l2-10,0.49616320030499794,0.6855028734775527,0.2461779213368975,lgbm-depth2-leaves3,0.3357139347922867,0.409042401186512,0.1127038460137197,0.2764604722910407
0x8a913e1647ef77356ab6f0b68ca4a485bd5f22af01449b82475cd695342c4314,1782105600000,2026-06-22T05:20:00Z,1782105750000,2026-06-22T05:22:30Z,150,Down,0,calendar_ridge_logistic-l2-10,0.49618090949795246,0.6855380227643848,0.24619549495021528,lgbm-depth2-leaves3,0.4792959086388937,0.6525733614193282,0.22972456803798275,0.0329646613450566
0x8a913e1647ef77356ab6f0b68ca4a485bd5f22af01449b82475cd695342c4314,1782105600000,2026-06-22T05:20:00Z,1782105780000,2026-06-22T05:23:00Z,180,Down,0,calendar_ridge_logistic-l2-10,0.4961985955756394,0.6855731274050264,0.24621304625123694,lgbm-depth2-leaves3,0.3224309613625488,0.3892438293720436,0.10396172484517743,0.2963292980329828
0x8a913e1647ef77356ab6f0b68ca4a485bd5f22af01449b82475cd695342c4314,1782105600000,2026-06-22T05:20:00Z,1782105810000,2026-06-22T05:23:30Z,210,Down,0,calendar_ridge_logistic-l2-10,0.49621625816998616,0.6856081866641158,0.24623057487222236,lgbm-depth2-leaves3,0.3086750907473116,0.369145364201136,0.09528031164786105,0.31646282246297985
0x8a913e1647ef77356ab6f0b68ca4a485bd5f22af01449b82475cd695342c4314,1782105600000,2026-06-22T05:20:00Z,1782105840000,2026-06-22T05:24:00Z,240,Down,0,calendar_ridge_logistic-l2-10,0.4962338974343627,0.6856432008412833,0.2462480809628976,lgbm-depth2-leaves3,0.4177236211292276,0.5408100661846386,0.1744930236493145,0.1448331346566447
0xf60877df3877f8aad5cccb2de5d30025d60181e6c2675b1ed23f4451e9ce73ca,1782105900000,2026-06-22T05:25:00Z,1782105930000,2026-06-22T05:25:30Z,30,Down,0,calendar_ridge_logistic-l2-10,0.4962865908441802,0.6857478052709565,0.24630038025173873,lgbm-depth2-leaves3,0.31712328870578693,0.38144094625553765,0.1005671802395739,0.3043068590154188
0xf60877df3877f8aad5cccb2de5d30025d60181e6c2675b1ed23f4451e9ce73ca,1782105900000,2026-06-22T05:25:00Z,1782105960000,2026-06-22T05:26:00Z,60,Down,0,calendar_ridge_logistic-l2-10,0.49630413488677233,0.6857826352909732,0.2463177943057075,lgbm-depth2-leaves3,0.36471530443278355,0.45368204108762694,0.13301725328749797,0.23210059420334622
0xf60877df3877f8aad5cccb2de5d30025d60181e6c2675b1ed23f4451e9ce73ca,1782105900000,2026-06-22T05:25:00Z,1782105990000,2026-06-22T05:26:30Z,90,Down,0,calendar_ridge_logistic-l2-10,0.49632165454120075,0.6858174181040457,0.24633518476651503,lgbm-depth2-leaves3,0.5458161201010755,0.7892531411361812,0.2979152369621917,-0.10343572303213544
0xf60877df3877f8aad5cccb2de5d30025d60181e6c2675b1ed23f4451e9ce73ca,1782105900000,2026-06-22T05:25:00Z,1782106020000,2026-06-22T05:27:00Z,120,Down,0,calendar_ridge_logistic-l2-10,0.4963391505433545,0.6858521551662861,0.24635255236209871,lgbm-depth2-leaves3,0.32080690904100617,0.3868498163585962,0.10291707288844441,0.29900233880768984
0xf60877df3877f8aad5cccb2de5d30025d60181e6c2675b1ed23f4451e9ce73ca,1782105900000,2026-06-22T05:25:00Z,1782106050000,2026-06-22T05:27:30Z,150,Down,0,calendar_ridge_logistic-l2-10,0.4963566224178997,0.685886845529094,0.24636989661810543,lgbm-depth2-leaves3,0.40796143329907114,0.5241834997657978,0.16643253105943248,0.16170334576329615
0xf60877df3877f8aad5cccb2de5d30025d60181e6c2675b1ed23f4451e9ce73ca,1782105900000,2026-06-22T05:25:00Z,1782106080000,2026-06-22T05:28:00Z,180,Down,0,calendar_ridge_logistic-l2-10,0.49637406958222374,0.6859214880307313,0.2463872169536183,lgbm-depth2-leaves3,0.691199365423326,1.1750594058573516,0.4777565627616086,-0.4891379178266203
0xf60877df3877f8aad5cccb2de5d30025d60181e6c2675b1ed23f4451e9ce73ca,1782105900000,2026-06-22T05:25:00Z,1782106110000,2026-06-22T05:28:30Z,210,Down,0,calendar_ridge_logistic-l2-10,0.49639149287949313,0.685956084340432,0.2464045142031319,lgbm-depth2-leaves3,0.6329149667876519,1.0021617596391432,0.40058135518381455,-0.31620567529871124
0xf60877df3877f8aad5cccb2de5d30025d60181e6c2675b1ed23f4451e9ce73ca,1782105900000,2026-06-22T05:25:00Z,1782106140000,2026-06-22T05:29:00Z,240,Down,0,calendar_ridge_logistic-l2-10,0.4964088914663852,0.6859906327787424,0.24642178752688543,lgbm-depth2-leaves3,0.4444412982258715,0.5877810017247235,0.19752806756869803,0.09820963105401892
0xd19e939ea3c3610f718b636573a81cf0262fdce42e71fb39dc0c34a60850cbbc,1782106200000,2026-06-22T05:30:00Z,1782106230000,2026-06-22T05:30:30Z,30,Down,0,calendar_ridge_logistic-l2-10,0.49646085954438257,0.6860938330909078,0.24647338505954716,lgbm-depth2-leaves3,0.2099842289917144,0.2357023704187066,0.04409337642524475,0.4503914626722012
0xd19e939ea3c3610f718b636573a81cf0262fdce42e71fb39dc0c34a60850cbbc,1782106200000,2026-06-22T05:30:00Z,1782106260000,2026-06-22T05:31:00Z,60,Down,0,calendar_ridge_logistic-l2-10,0.4964781595347183,0.6861281904747508,0.2464905628949812,lgbm-depth2-leaves3,0.23675078328792584,0.27017067362110037,0.056050933387446426,0.41595751685365046
0xd19e939ea3c3610f718b636573a81cf0262fdce42e71fb39dc0c34a60850cbbc,1782106200000,2026-06-22T05:30:00Z,1782106290000,2026-06-22T05:31:30Z,90,Down,0,calendar_ridge_logistic-l2-10,0.4964954351211763,0.6861625005710263,0.24650771709616617,lgbm-depth2-leaves3,0.3357139347922867,0.409042401186512,0.1127038460137197,0.2771200993845144
0xd19e939ea3c3610f718b636573a81cf0262fdce42e71fb39dc0c34a60850cbbc,1782106200000,2026-06-22T05:30:00Z,1782106320000,2026-06-22T05:32:00Z,120,Down,0,calendar_ridge_logistic-l2-10,0.496512685567695,0.6861967619128998,0.24652484692964477,lgbm-depth2-leaves3,0.32962501403019845,0.39991804260792874,0.10865264987440852,0.28627871930497106
0xd19e939ea3c3610f718b636573a81cf0262fdce42e71fb39dc0c34a60850cbbc,1782106200000,2026-06-22T05:30:00Z,1782106350000,2026-06-22T05:32:30Z,150,Down,0,calendar_ridge_logistic-l2-10,0.49652991108128486,0.6862309749064867,0.24654195259838865,lgbm-depth2-leaves3,0.2971869961241299,0.35266441988665864,0.0883201106652836,0.333566555019828
0xd19e939ea3c3610f718b636573a81cf0262fdce42e71fb39dc0c34a60850cbbc,1782106200000,2026-06-22T05:30:00Z,1782106380000,2026-06-22T05:33:00Z,180,Down,0,calendar_ridge_logistic-l2-10,0.4965471117155019,0.6862651396531617,0.24655903415300714,lgbm-depth2-leaves3,0.6103097461564819,0.9424030763330256,0.3724779862535894,-0.25613793667986384
0xd19e939ea3c3610f718b636573a81cf0262fdce42e71fb39dc0c34a60850cbbc,1782106200000,2026-06-22T05:30:00Z,1782106410000,2026-06-22T05:33:30Z,210,Down,0,calendar_ridge_logistic-l2-10,0.49656428688773385,0.6862992549906674,0.24657609101232364,lgbm-depth2-leaves3,0.6984163944635645,1.1987080026267454,0.48778546005548534,-0.512408747636078
0xd19e939ea3c3610f718b636573a81cf0262fdce42e71fb39dc0c34a60850cbbc,1782106200000,2026-06-22T05:30:00Z,1782106440000,2026-06-22T05:34:00Z,240,Down,0,calendar_ridge_logistic-l2-10,0.49658143733389,0.6863333223757306,0.2465931239045921,lgbm-depth2-leaves3,0.45753145136933376,0.6116251701224784,0.20933502899212902,0.07470815225325222
0x926438f1917f06cb6f5949116ee18129d55b56e881c095e5a5467d2940c609f6,1782106500000,2026-06-22T05:35:00Z,1782106530000,2026-06-22T05:35:30Z,30,Up,1,calendar_ridge_logistic-l2-10,0.4966326542713136,0.6999046523886211,0.253378684745943,lgbm-depth2-leaves3,0.2737016284981288,1.2957167130148457,0.5275093244462701,-0.5958120606262246
0x926438f1917f06cb6f5949116ee18129d55b56e881c095e5a5467d2940c609f6,1782106500000,2026-06-22T05:35:00Z,1782106560000,2026-06-22T05:36:00Z,60,Up,1,calendar_ridge_logistic-l2-10,0.49664970279987525,0.6998703247305449,0.2533615216914539,lgbm-depth2-leaves3,0.4249762652714196,0.8557219580373788,0.3306522955012049,-0.15585163330683394
0x926438f1917f06cb6f5949116ee18129d55b56e881c095e5a5467d2940c609f6,1782106500000,2026-06-22T05:35:00Z,1782106590000,2026-06-22T05:36:30Z,90,Up,1,calendar_ridge_logistic-l2-10,0.4966667254905509,0.6998360502733981,0.2533443852284044,lgbm-depth2-leaves3,0.33358678533800645,1.0978522215782769,0.4441065726761323,-0.39801617130487876
0x926438f1917f06cb6f5949116ee18129d55b56e881c095e5a5467d2940c609f6,1782106500000,2026-06-22T05:35:00Z,1782106620000,2026-06-22T05:37:00Z,120,Up,1,calendar_ridge_logistic-l2-10,0.4966837226039782,0.6998018284869952,0.25332727509178915,lgbm-depth2-leaves3,0.4090473965706931,0.893924245617447,0.34922497949987563,-0.19412241713045175
0x926438f1917f06cb6f5949116ee18129d55b56e881c095e5a5467d2940c609f6,1782106500000,2026-06-22T05:35:00Z,1782106650000,2026-06-22T05:37:30Z,150,Up,1,calendar_ridge_logistic-l2-10,0.49670069371846154,0.6997676602149625,0.2533101917034779,lgbm-depth2-leaves3,0.4011207894903402,0.9134926763592418,0.3586563087806735,-0.2137250161442793
0x926438f1917f06cb6f5949116ee18129d55b56e881c095e5a5467d2940c609f6,1782106500000,2026-06-22T05:35:00Z,1782106680000,2026-06-22T05:38:00Z,180,Up,1,calendar_ridge_logistic-l2-10,0.49671763914828004,0.6997335448191428,0.25329313474448084,lgbm-depth2-leaves3,0.3633604761167849,1.0123598903087478,0.4053098833702468,-0.312626345489605
0x926438f1917f06cb6f5949116ee18129d55b56e881c095e5a5467d2940c609f6,1782106500000,2026-06-22T05:35:00Z,1782106710000,2026-06-22T05:38:30Z,210,Up,1,calendar_ridge_logistic-l2-10,0.49673455841809305,0.6996994832510953,0.2532761046906317,lgbm-depth2-leaves3,0.6704815514073834,0.3997590913184572,0.1085824079628849,0.2999403919326381
0x926438f1917f06cb6f5949116ee18129d55b56e881c095e5a5467d2940c609f6,1782106500000,2026-06-22T05:35:00Z,1782106740000,2026-06-22T05:39:00Z,240,Up,1,calendar_ridge_logistic-l2-10,0.49675145184218866,0.6996654748726727,0.2532591012229449,lgbm-depth2-leaves3,0.5261480296150098,0.6421726807134563,0.22453568983773758,0.057492794159216376
0x1322eee01e69b34adb7b9d59e3900c71ad5077792676f17d232c2868d94c3740,1782106800000,2026-06-22T05:40:00Z,1782106830000,2026-06-22T05:40:30Z,30,Up,1,calendar_ridge_logistic-l2-10,0.4968018939391644,0.6995639360932338,0.25320833394321196,lgbm-depth2-leaves3,0.4951237365338884,0.7029475748557062,0.2549000414115025,-0.003383638762472496
0x1322eee01e69b34adb7b9d59e3900c71ad5077792676f17d232c2868d94c3740,1782106800000,2026-06-22T05:40:00Z,1782106860000,2026-06-22T05:41:00Z,60,Up,1,calendar_ridge_logistic-l2-10,0.49681868249272193,0.6995301434082646,0.2531914382883602,lgbm-depth2-leaves3,0.6780639791957084,0.3885136308983598,0.10364280149130128,0.3110165125099048
0x1322eee01e69b34adb7b9d59e3900c71ad5077792676f17d232c2868d94c3740,1782106800000,2026-06-22T05:40:00Z,1782106890000,2026-06-22T05:41:30Z,90,Up,1,calendar_ridge_logistic-l2-10,0.4968354444031171,0.6994964054909288,0.25317457000900867,lgbm-depth2-leaves3,0.7048632982599293,0.3497513981489252,0.08710567271400743,0.34974500734200364
0x1322eee01e69b34adb7b9d59e3900c71ad5077792676f17d232c2868d94c3740,1782106800000,2026-06-22T05:40:00Z,1782106920000,2026-06-22T05:42:00Z,120,Up,1,calendar_ridge_logistic-l2-10,0.4968521796166366,0.6994627224438293,0.2531577291565294,lgbm-depth2-leaves3,0.6606256763304831,0.4145678985844855,0.11517493156614203,0.28489482385934384
0x1322eee01e69b34adb7b9d59e3900c71ad5077792676f17d232c2868d94c3740,1782106800000,2026-06-22T05:40:00Z,1782106950000,2026-06-22T05:42:30Z,150,Up,1,calendar_ridge_logistic-l2-10,0.49686888850120675,0.6994290935209699,0.2531409153580112,lgbm-depth2-leaves3,0.2417652814061715,1.4197879350387612,0.5749198884810623,-0.7203588415177913
0x1322eee01e69b34adb7b9d59e3900c71ad5077792676f17d232c2868d94c3740,1782106800000,2026-06-22T05:40:00Z,1782106980000,2026-06-22T05:43:00Z,180,Up,1,calendar_ridge_logistic-l2-10,0.4968855709494824,0.6993955189329647,0.25312412871882833,lgbm-depth2-leaves3,0.2189295627398951,1.5190052322247638,0.6100710279616915,-0.8196097132917991
0x1322eee01e69b34adb7b9d59e3900c71ad5077792676f17d232c2868d94c3740,1782106800000,2026-06-22T05:40:00Z,1782107010000,2026-06-22T05:43:30Z,210,Up,1,calendar_ridge_logistic-l2-10,0.4969022261181312,0.6993620003715585,0.25310737008489204,lgbm-depth2-leaves3,0.3343903652630359,1.095446210199117,0.4430361858546748,-0.39608420982755843
0x1322eee01e69b34adb7b9d59e3900c71ad5077792676f17d232c2868d94c3740,1782106800000,2026-06-22T05:40:00Z,1782107040000,2026-06-22T05:44:00Z,240,Up,1,calendar_ridge_logistic-l2-10,0.49691885505743183,0.6993285357175737,0.2530906383967253,lgbm-depth2-leaves3,0.4398712781893502,0.8212731444404621,0.3137441849972324,-0.12194460872288837
0x9715c5daade13013b47b130f76722f1a14e0c6e042e75835b8f8ebc333a7a454,1782107100000,2026-06-22T05:45:00Z,1782107130000,2026-06-22T05:45:30Z,30,Down,0,calendar_ridge_logistic-l2-10,0.4969684977716255,0.6871024821588508,0.24697768777738613,lgbm-depth2-leaves3,0.31712328870578693,0.38144094625553765,0.1005671802395739,0.3056615359033132
0x9715c5daade13013b47b130f76722f1a14e0c6e042e75835b8f8ebc333a7a454,1782107100000,2026-06-22T05:45:00Z,1782107160000,2026-06-22T05:46:00Z,60,Down,0,calendar_ridge_logistic-l2-10,0.4969850180711125,0.6871353241790729,0.246994108187144,lgbm-depth2-leaves3,0.42782967587024,0.5583185624692429,0.18303823155523463,0.12881676170982992
0x9715c5daade13013b47b130f76722f1a14e0c6e042e75835b8f8ebc333a7a454,1782107100000,2026-06-22T05:45:00Z,1782107190000,2026-06-22T05:46:30Z,90,Down,0,calendar_ridge_logistic-l2-10,0.49700151142427423,0.687168113706543,0.247010502358013,lgbm-depth2-leaves3,0.24924798118476743,0.28667988305773406,0.06212455612468218,0.4004882306488089
0x9715c5daade13013b47b130f76722f1a14e0c6e042e75835b8f8ebc333a7a454,1782107100000,2026-06-22T05:45:00Z,1782107220000,2026-06-22T05:47:00Z,120,Down,0,calendar_ridge_logistic-l2-10,0.4970179773557699,0.6872008497910168,0.2470268698148206,lgbm-depth2-leaves3,0.2288944281106349,0.25992998627208447,0.05239265922009461,0.42727086351893234
0x9715c5daade13013b47b130f76722f1a14e0c6e042e75835b8f8ebc333a7a454,1782107100000,2026-06-22T05:45:00Z,1782107250000,2026-06-22T05:47:30Z,150,Down,0,calendar_ridge_logistic-l2-10,0.49703441578508073,0.6872335322671224,0.2470432104748165,lgbm-depth2-leaves3,0.312455509296656,0.37462873778493655,0.09762844528983268,0.3126047944821858
0x9715c5daade13013b47b130f76722f1a14e0c6e042e75835b8f8ebc333a7a454,1782107100000,2026-06-22T05:45:00Z,1782107280000,2026-06-22T05:48:00Z,180,Down,0,calendar_ridge_logistic-l2-10,0.4970508266585008,0.6872661610227863,0.247059524281899,lgbm-depth2-leaves3,0.4006752224603023,0.5119516282383231,0.16054063389361273,0.17531453278446318
0x9715c5daade13013b47b130f76722f1a14e0c6e042e75835b8f8ebc333a7a454,1782107100000,2026-06-22T05:45:00Z,1782107310000,2026-06-22T05:48:30Z,210,Down,0,calendar_ridge_logistic-l2-10,0.49706721023668154,0.6872987365709781,0.24707581149247737,lgbm-depth2-leaves3,0.5367749550246019,0.7695422847217577,0.2881273523416634,-0.08224354815077961
0x9715c5daade13013b47b130f76722f1a14e0c6e042e75835b8f8ebc333a7a454,1782107100000,2026-06-22T05:45:00Z,1782107340000,2026-06-22T05:49:00Z,240,Down,0,calendar_ridge_logistic-l2-10,0.49708356612474797,0.6873312581212929,0.24709207171129668,lgbm-depth2-leaves3,0.41495869120080403,0.5360728209113256,0.17219071540308423,0.15125843720996734
0x92899e6dbd101ded0ca538b07e739fbf789b81196127d378c244f6b6e1ca1f84,1782107400000,2026-06-22T05:50:00Z,1782107430000,2026-06-22T05:50:30Z,30,Down,0,calendar_ridge_logistic-l2-10,0.49713238596499504,0.6874283362970441,0.2471406091752488,lgbm-depth2-leaves3,0.22457838339073843,0.25434837612349614,0.0504354502863975,0.433079960173548
0x92899e6dbd101ded0ca538b07e739fbf789b81196127d378c244f6b6e1ca1f84,1782107400000,2026-06-22T05:50:00Z,1782107460000,2026-06-22T05:51:00Z,60,Down,0,calendar_ridge_logistic-l2-10,0.497148630601703,0.6874606408214231,0.24715676090914854,lgbm-depth2-leaves3,0.2962641709079726,0.3513522360122855,0.08777245896378838,0.3361084048091376
0x92899e6dbd101ded0ca538b07e739fbf789b81196127d378c244f6b6e1ca1f84,1782107400000,2026-06-22T05:50:00Z,1782107490000,2026-06-22T05:51:30Z,90,Down,0,calendar_ridge_logistic-l2-10,0.49716484717250853,0.6874928905741017,0.24717288526406375,lgbm-depth2-leaves3,0.32257534294697054,0.3894569397140731,0.10405485187735566,0.2980359508600286
0x92899e6dbd101ded0ca538b07e739fbf789b81196127d378c244f6b6e1ca1f84,1782107400000,2026-06-22T05:50:00Z,1782107520000,2026-06-22T05:52:00Z,120,Down,0,calendar_ridge_logistic-l2-10,0.4971810359380633,0.6875250860681275,0.24718898249644577,lgbm-depth2-leaves3,0.32080690904100617,0.3868498163585962,0.10291707288844441,0.30067526970953123
0x92899e6dbd101ded0ca538b07e739fbf789b81196127d378c244f6b6e1ca1f84,1782107400000,2026-06-22T05:50:00Z,1782107550000,2026-06-22T05:52:30Z,150,Down,0,calendar_ridge_logistic-l2-10,0.49719719608186125,0.6875572256743172,0.24720505179166477,lgbm-depth2-leaves3,0.5538295695300368,0.8070542688569943,0.3067271920858259,-0.11949704318267707
0x92899e6dbd101ded0ca538b07e739fbf789b81196127d378c244f6b6e1ca1f84,1782107400000,2026-06-22T05:50:00Z,1782107580000,2026-06-22T05:53:00Z,180,Down,0,calendar_ridge_logistic-l2-10,0.4972133282995992,0.6875893107709306,0.247221093838765,lgbm-depth2-leaves3,0.4047804214753428,0.5188249019776098,0.16384718960975617,0.16876440879332077
0x92899e6dbd101ded0ca538b07e739fbf789b81196127d378c244f6b6e1ca1f84,1782107400000,2026-06-22T05:50:00Z,1782107610000,2026-06-22T05:53:30Z,210,Down,0,calendar_ridge_logistic-l2-10,0.49722943211594073,0.6876213404072535,0.2472371081623409,lgbm-depth2-leaves3,0.33826025813068056,0.41288293951480504,0.11442000223063464,0.2747384008924485
0x92899e6dbd101ded0ca538b07e739fbf789b81196127d378c244f6b6e1ca1f84,1782107400000,2026-06-22T05:50:00Z,1782107640000,2026-06-22T05:54:00Z,240,Down,0,calendar_ridge_logistic-l2-10,0.4972455074771908,0.6876533144711221,0.24725309470624904,lgbm-depth2-leaves3,0.4508718155939925,0.5994233776481341,0.20328539409702315,0.08822993682298796
0x28f4dae8da5657b3d3df3d6383aa0ab7646f47be248c2794540b082e8fa7bbcb,1782107700000,2026-06-22T05:55:00Z,1782107730000,2026-06-22T05:55:30Z,30,Up,1,calendar_ridge_logistic-l2-10,0.4972934812675466,0.6985749215968119,0.2527138439761025,lgbm-depth2-leaves3,0.33826025813068056,1.083939685323304,0.43789948596927347,-0.3853647637264922
0x28f4dae8da5657b3d3df3d6383aa0ab7646f47be248c2794540b082e8fa7bbcb,1782107700000,2026-06-22T05:55:00Z,1782107760000,2026-06-22T05:56:00Z,60,Up,1,calendar_ridge_logistic-l2-10,0.49730944239801644,0.6985428261140992,0.25269779670219317,lgbm-depth2-leaves3,0.5409733919628531,0.6143851844083001,0.21070542688608848,0.08415764170579909
0x28f4dae8da5657b3d3df3d6383aa0ab7646f47be248c2794540b082e8fa7bbcb,1782107700000,2026-06-22T05:55:00Z,1782107790000,2026-06-22T05:56:30Z,90,Up,1,calendar_ridge_logistic-l2-10,0.4973253746909174,0.6985107896467877,0.25268177892962657,lgbm-depth2-leaves3,0.5327765929864472,0.6296530928034939,0.218297712061352,0.06885769684329379
0x28f4dae8da5657b3d3df3d6383aa0ab7646f47be248c2794540b082e8fa7bbcb,1782107700000,2026-06-22T05:55:00Z,1782107820000,2026-06-22T05:57:00Z,120,Up,1,calendar_ridge_logistic-l2-10,0.49734127807243084,0.6984788123376648,0.25266579072985723,lgbm-depth2-leaves3,0.43243142546136315,0.8383315190277522,0.32213408680382016,-0.13985270669008731
0x28f4dae8da5657b3d3df3d6383aa0ab7646f47be248c2794540b082e8fa7bbcb,1782107700000,2026-06-22T05:55:00Z,1782107850000,2026-06-22T05:57:30Z,150,Up,1,calendar_ridge_logistic-l2-10,0.49735715246874895,0.6984468943294886,0.2526498321743244,lgbm-depth2-leaves3,0.5463422763162129,0.6045096199442095,0.20580533025795533,0.0939372743852791
0x28f4dae8da5657b3d3df3d6383aa0ab7646f47be248c2794540b082e8fa7bbcb,1782107700000,2026-06-22T05:55:00Z,1782107880000,2026-06-22T05:58:00Z,180,Up,1,calendar_ridge_logistic-l2-10,0.4973729978060575,0.6984150357650216,0.2526339033344695,lgbm-depth2-leaves3,0.4254860543556421,0.8545231062281565,0.3300662737398483,-0.1561080704631349
0x28f4dae8da5657b3d3df3d6383aa0ab7646f47be248c2794540b082e8fa7bbcb,1782107700000,2026-06-22T05:55:00Z,1782107910000,2026-06-22T05:58:30Z,210,Up,1,calendar_ridge_logistic-l2-10,0.4973888143751872,0.6983832360539001,0.25261800391518,lgbm-depth2-leaves3,0.5463422763162129,0.6045096199442095,0.20580533025795533,0.09387361610969058
0x28f4dae8da5657b3d3df3d6383aa0ab7646f47be248c2794540b082e8fa7bbcb,1782107700000,2026-06-22T05:55:00Z,1782107940000,2026-06-22T05:59:00Z,240,Up,1,calendar_ridge_logistic-l2-10,0.4974046013663374,0.6983514968185941,0.25260213472773024,lgbm-depth2-leaves3,0.5388234834997521,0.6183672505780645,0.21268377937130345,0.07998424624052958
0x3e2f843730a914fc459c237cedcb92fd9ee59e06b6af69e054f26ecdc62ff0e2,1782108000000,2026-06-22T06:00:00Z,1782108030000,2026-06-22T06:00:30Z,30,Down,0,calendar_ridge_logistic-l2-10,0.4974517062930332,0.6880635367873406,0.24745820009385017,lgbm-depth2-leaves3,0.48084506967139845,0.6555529233527931,0.23121198102729204,0.03251061343454742
0x3e2f843730a914fc459c237cedcb92fd9ee59e06b6af69e054f26ecdc62ff0e2,1782108000000,2026-06-22T06:00:00Z,1782108060000,2026-06-22T06:01:00Z,60,Down,0,calendar_ridge_logistic-l2-10,0.4974673760606923,0.6880947178940261,0.24747379024471025,lgbm-depth2-leaves3,0.304158587367593,0.3626335000239143,0.0925124462694497,0.3254612178701118
0x3e2f843730a914fc459c237cedcb92fd9ee59e06b6af69e054f26ecdc62ff0e2,1782108000000,2026-06-22T06:00:00Z,1782108090000,2026-06-22T06:01:30Z,90,Down,0,calendar_ridge_logistic-l2-10,0.49748301661396127,0.6881258418368768,0.24748935181932685,lgbm-depth2-leaves3,0.2245387797131889,0.2542973036935021,0.050417663595087966,0.43382853814337463
0x3e2f843730a914fc459c237cedcb92fd9ee59e06b6af69e054f26ecdc62ff0e2,1782108000000,2026-06-22T06:00:00Z,1782108120000,2026-06-22T06:02:00Z,120,Down,0,calendar_ridge_logistic-l2-10,0.49749862713967646,0.6881569069922929,0.24750488400586282,lgbm-depth2-leaves3,0.32080690904100617,0.3868498163585962,0.10291707288844441,0.3013070906336967
0x3e2f843730a914fc459c237cedcb92fd9ee59e06b6af69e054f26ecdc62ff0e2,1782108000000,2026-06-22T06:00:00Z,1782108150000,2026-06-22T06:02:30Z,150,Down,0,calendar_ridge_logistic-l2-10,0.4975142083000308,0.6881879146725998,0.24752038746040642,lgbm-depth2-leaves3,0.312455509296656,0.37462873778493655,0.09762844528983268,0.3135591768876632
0x3e2f843730a914fc459c237cedcb92fd9ee59e06b6af69e054f26ecdc62ff0e2,1782108000000,2026-06-22T06:00:00Z,1782108180000,2026-06-22T06:03:00Z,180,Down,0,calendar_ridge_logistic-l2-10,0.4975297596498608,0.6882188639864708,0.24753586173724826,lgbm-depth2-leaves3,0.3077594832410091,0.3678218161812874,0.09471589952477297,0.3203970478051834
0x3e2f843730a914fc459c237cedcb92fd9ee59e06b6af69e054f26ecdc62ff0e2,1782108000000,2026-06-22T06:00:00Z,1782108210000,2026-06-22T06:03:30Z,210,Down,0,calendar_ridge_logistic-l2-10,0.4975452811153561,0.6882497547815574,0.24755130676015874,lgbm-depth2-leaves3,0.3848818826418327,0.4859409688719354,0.1481340635859215,0.20230878590962198
0x3e2f843730a914fc459c237cedcb92fd9ee59e06b6af69e054f26ecdc62ff0e2,1782108000000,2026-06-22T06:00:00Z,1782108240000,2026-06-22T06:04:00Z,240,Down,0,calendar_ridge_logistic-l2-10,0.49756077262271375,0.6882805869055173,0.24756672245291186,lgbm-depth2-leaves3,0.304158587367593,0.3626335000239143,0.0925124462694497,0.325647086881603
0x9c5e9fba710da1fad0c11b2102e89993ffd58f581fb4709a504ec07b1de43ae6,1782108300000,2026-06-22T06:05:00Z,1782108330000,2026-06-22T06:05:30Z,30,Up,1,calendar_ridge_logistic-l2-10,0.4976069858795885,0.6979446985086323,0.25239874063699197,lgbm-depth2-leaves3,0.44964349722325275,0.799300238589296,0.3028922801486517,-0.10135554008066372
0x9c5e9fba710da1fad0c11b2102e89993ffd58f581fb4709a504ec07b1de43ae6,1782108300000,2026-06-22T06:05:00Z,1782108360000,2026-06-22T06:06:00Z,60,Up,1,calendar_ridge_logistic-l2-10,0.49762235717757114,0.6979138085472558,0.25238329600781995,lgbm-depth2-leaves3,0.4263397793650419,0.8525186464866237,0.32908604873894887,-0.15460483793936786
0x9c5e9fba710da1fad0c11b2102e89993ffd58f581fb4709a504ec07b1de43ae6,1782108300000,2026-06-22T06:05:00Z,1782108390000,2026-06-22T06:06:30Z,90,Up,1,calendar_ridge_logistic-l2-10,0.4976376981416722,0.6978829804957928,0.25236788232839774,lgbm-depth2-leaves3,0.4141964949059378,0.8814147923791585,0.343165746580489,-0.18353181188336576
0x9c5e9fba710da1fad0c11b2102e89993ffd58f581fb4709a504ec07b1de43ae6,1782108300000,2026-06-22T06:05:00Z,1782108420000,2026-06-22T06:07:00Z,120,Up,1,calendar_ridge_logistic-l2-10,0.4976530086913761,0.6978522145103375,0.25235249967682666,lgbm-depth2-leaves3,0.21854126333776552,1.5207804340483142,0.6106777571057356,-0.8229282195379767
0x9c5e9fba710da1fad0c11b2102e89993ffd58f581fb4709a504ec07b1de43ae6,1782108300000,2026-06-22T06:05:00Z,1782108450000,2026-06-22T06:07:30Z,150,Up,1,calendar_ridge_logistic-l2-10,0.49766828877299485,0.6978215106930699,0.2523371481042513,lgbm-depth2-leaves3,0.32140870436143604,1.1350417434025282,0.460486146516425,-0.4372202327094583
0x9c5e9fba710da1fad0c11b2102e89993ffd58f581fb4709a504ec07b1de43ae6,1782108300000,2026-06-22T06:05:00Z,1782108480000,2026-06-22T06:08:00Z,180,Up,1,calendar_ridge_logistic-l2-10,0.49768353864719705,0.697790868514529,0.25232182734600195,lgbm-depth2-leaves3,0.5679545786979109,0.5657138305396661,0.18666324606809967,0.13207703797486292
0x9c5e9fba710da1fad0c11b2102e89993ffd58f581fb4709a504ec07b1de43ae6,1782108300000,2026-06-22T06:05:00Z,1782108510000,2026-06-22T06:08:30Z,210,Up,1,calendar_ridge_logistic-l2-10,0.497698757537698,0.6977602895288257,0.2523065381791723,lgbm-depth2-leaves3,0.41697578308117583,0.8747271330155654,0.3399172375138082,-0.17696684348673963
0x9c5e9fba710da1fad0c11b2102e89993ffd58f581fb4709a504ec07b1de43ae6,1782108300000,2026-06-22T06:05:00Z,1782108540000,2026-06-22T06:09:00Z,240,Up,1,calendar_ridge_logistic-l2-10,0.49771394609999303,0.6977297724131798,0.25229127994244066,lgbm-depth2-leaves3,0.7598515617797035,0.27463217822567426,0.05767127237964757,0.42309759418750553
0xbb5ea9c90dde62c8f3527eb9ca172f9506012ea7cfc1f9b7d3d50fc2379b776c,1782108600000,2026-06-22T06:10:00Z,1782108630000,2026-06-22T06:10:30Z,30,Down,0,calendar_ridge_logistic-l2-10,0.4977592459790964,0.6886756845737086,0.24776426695767856,lgbm-depth2-leaves3,0.6198830505677417,0.9672763119467744,0.38425499638116944,-0.2786006273730658
0xbb5ea9c90dde62c8f3527eb9ca172f9506012ea7cfc1f9b7d3d50fc2379b776c,1782108600000,2026-06-22T06:10:00Z,1782108660000,2026-06-22T06:11:00Z,60,Down,0,calendar_ridge_logistic-l2-10,0.49777431131943534,0.6887056812758375,0.24777926500953812,lgbm-depth2-leaves3,0.2975042822408589,0.3531159735093403,0.08850879795164864,0.3355897077664972
0xbb5ea9c90dde62c8f3527eb9ca172f9506012ea7cfc1f9b7d3d50fc2379b776c,1782108600000,2026-06-22T06:10:00Z,1782108690000,2026-06-22T06:11:30Z,90,Down,0,calendar_ridge_logistic-l2-10,0.49778934558784227,0.6887356170074773,0.24779423258077227,lgbm-depth2-leaves3,0.3161309681582534,0.3799888536086322,0.09993878902867465,0.3087467633988451
0xbb5ea9c90dde62c8f3527eb9ca172f9506012ea7cfc1f9b7d3d50fc2379b776c,1782108600000,2026-06-22T06:10:00Z,1782108720000,2026-06-22T06:12:00Z,120,Down,0,calendar_ridge_logistic-l2-10,0.4978043486769824,0.6887654915493945,0.2478091695617147,lgbm-depth2-leaves3,0.20596491940910253,0.23062763660659688,0.0424215480271981,0.4581378549427976
0xbb5ea9c90dde62c8f3527eb9ca172f9506012ea7cfc1f9b7d3d50fc2379b776c,1782108600000,2026-06-22T06:10:00Z,1782108750000,2026-06-22T06:12:30Z,150,Down,0,calendar_ridge_logistic-l2-10,0.4978193209279922,0.6887953055753882,0.24782407628920727,lgbm-depth2-leaves3,0.34436267516727004,0.4221475014073442,0.11858565204835875,0.26664780416804396
0xbb5ea9c90dde62c8f3527eb9ca172f9506012ea7cfc1f9b7d3d50fc2379b776c,1782108600000,2026-06-22T06:10:00Z,1782108780000,2026-06-22T06:13:00Z,180,Down,0,calendar_ridge_logistic-l2-10,0.4978342618655423,0.6888250581334602,0.24783895228720934,lgbm-depth2-leaves3,0.32080690904100617,0.3868498163585962,0.10291707288844441,0.30197524177486396
0xbb5ea9c90dde62c8f3527eb9ca172f9506012ea7cfc1f9b7d3d50fc2379b776c,1782108600000,2026-06-22T06:10:00Z,1782108810000,2026-06-22T06:13:30Z,210,Down,0,calendar_ridge_logistic-l2-10,0.49784917143594143,0.688854749111175,0.2478537974994534,lgbm-depth2-leaves3,0.33702024950448045,0.41101083150173356,0.11358264857606226,0.2778439176094414
0xbb5ea9c90dde62c8f3527eb9ca172f9506012ea7cfc1f9b7d3d50fc2379b776c,1782108600000,2026-06-22T06:10:00Z,1782108840000,2026-06-22T06:14:00Z,240,Down,0,calendar_ridge_logistic-l2-10,0.4978640495586882,0.688884378342703,0.24786861184297593,lgbm-depth2-leaves3,0.514935022933112,0.7234724236844897,0.26515807784312456,-0.03458804534178672
0xb76ae947dd81b9278bdd45149e27cc9bddfcb63d2cf9e768308485938455150e,1782108900000,2026-06-22T06:15:00Z,1782108930000,2026-06-22T06:15:30Z,30,Down,0,calendar_ridge_logistic-l2-10,0.49790841437311206,0.6889727344430077,0.24791278910354667,lgbm-depth2-leaves3,0.38087511112013267,0.47944826755306924,0.1450658502707734,0.20952446688993842
0xb76ae947dd81b9278bdd45149e27cc9bddfcb63d2cf9e768308485938455150e,1782108900000,2026-06-22T06:15:00Z,1782108960000,2026-06-22T06:16:00Z,60,Down,0,calendar_ridge_logistic-l2-10,0.49792316663615294,0.6890021164923988,0.24792747987297412,lgbm-depth2-leaves3,0.3667713134767466,0.4569236479533829,0.1345211963894579,0.23207846853901593
0xb76ae947dd81b9278bdd45149e27cc9bddfcb63d2cf9e768308485938455150e,1782108900000,2026-06-22T06:15:00Z,1782108990000,2026-06-22T06:16:30Z,90,Down,0,calendar_ridge_logistic-l2-10,0.4979378867346472,0.6890314353402429,0.2479421390457663,lgbm-depth2-leaves3,0.36670368146728144,0.45681684862568,0.1344715900016574,0.2322145867145629
0xb76ae947dd81b9278bdd45149e27cc9bddfcb63d2cf9e768308485938455150e,1782108900000,2026-06-22T06:15:00Z,1782109020000,2026-06-22T06:17:00Z,120,Down,0,calendar_ridge_logistic-l2-10,0.4979525756652687,0.6890606929661742,0.24795676761167512,lgbm-depth2-leaves3,0.4044168987119787,0.5182143511603847,0.16355302796381485,0.1708463418057895
0xb76ae947dd81b9278bdd45149e27cc9bddfcb63d2cf9e768308485938455150e,1782108900000,2026-06-22T06:15:00Z,1782109050000,2026-06-22T06:17:30Z,150,Down,0,calendar_ridge_logistic-l2-10,0.4979672322703334,0.6890898870588007,0.24797136441497616,lgbm-depth2-leaves3,0.3316786269750023,0.402986123792903,0.1100107115920227,0.2861037632658977
0xb76ae947dd81b9278bdd45149e27cc9bddfcb63d2cf9e768308485938455150e,1782108900000,2026-06-22T06:15:00Z,1782109080000,2026-06-22T06:18:00Z,180,Down,0,calendar_ridge_logistic-l2-10,0.4979818571785177,0.6891190188648308,0.24798593007896558,lgbm-depth2-leaves3,0.20596491940910253,0.23062763660659688,0.0424215480271981,0.45849138225823394
0xb76ae947dd81b9278bdd45149e27cc9bddfcb63d2cf9e768308485938455150e,1782108900000,2026-06-22T06:15:00Z,1782109110000,2026-06-22T06:18:30Z,210,Down,0,calendar_ridge_logistic-l2-10,0.4979964502824973,0.6891480881650045,0.2480004644939678,lgbm-depth2-leaves3,0.20550015482596914,0.23004248787759324,0.04223031363349729,0.45910560028741126
0xb76ae947dd81b9278bdd45149e27cc9bddfcb63d2cf9e768308485938455150e,1782108900000,2026-06-22T06:15:00Z,1782109140000,2026-06-22T06:19:00Z,240,Down,0,calendar_ridge_logistic-l2-10,0.49801101121422764,0.6891770942206732,0.24801496729061756,lgbm-depth2-leaves3,0.20952664394185508,0.23512332807692982,0.04390141452153692,0.4540537661437434
0xfcf3193d70399c8b9892c6617d46f7e6db82736f454925679c5ee9cf4bf011f7,1782109200000,2026-06-22T06:20:00Z,1782109230000,2026-06-22T06:20:30Z,30,Down,0,calendar_ridge_logistic-l2-10,0.49805441971304426,0.6892635709696187,0.24805820499569725,lgbm-depth2-leaves3,0.4090473965706931,0.5260194620351453,0.16731977264126188,0.1632441089344734
0xfcf3193d70399c8b9892c6617d46f7e6db82736f454925679c5ee9cf4bf011f7,1782109200000,2026-06-22T06:20:00Z,1782109260000,2026-06-22T06:21:00Z,60,Down,0,calendar_ridge_logistic-l2-10,0.49806885146507673,0.6892923230098226,0.24807258079974068,lgbm-depth2-leaves3,0.3848818826418327,0.4859409688719354,0.1481340635859215,0.20335135413788719
0xfcf3193d70399c8b9892c6617d46f7e6db82736f454925679c5ee9cf4bf011f7,1782109200000,2026-06-22T06:20:00Z,1782109290000,2026-06-22T06:21:30Z,90,Down,0,calendar_ridge_logistic-l2-10,0.49808325103716633,0.6893210117626236,0.24808692496375284,lgbm-depth2-leaves3,0.3261467885361245,0.39474297893447957,0.10637172767242752,0.29457803282814404
0xfcf3193d70399c8b9892c6617d46f7e6db82736f454925679c5ee9cf4bf011f7,1782109200000,2026-06-22T06:20:00Z,1782109320000,2026-06-22T06:22:00Z,120,Down,0,calendar_ridge_logistic-l2-10,0.498097618321986,0.6893496370087105,0.24810123737803486,lgbm-depth2-leaves3,0.31712328870578693,0.38144094625553765,0.1005671802395739,0.3079086907531729
0xfcf3193d70399c8b9892c6617d46f7e6db82736f454925679c5ee9cf4bf011f7,1782109200000,2026-06-22T06:20:00Z,1782109350000,2026-06-22T06:22:30Z,150,Down,0,calendar_ridge_logistic-l2-10,0.4981119528978561,0.6893781979024192,0.248115517619716,lgbm-depth2-leaves3,0.22461554078107906,0.2543962962225039,0.05045214116037659,0.43498190167991524
0xfcf3193d70399c8b9892c6617d46f7e6db82736f454925679c5ee9cf4bf011f7,1782109200000,2026-06-22T06:20:00Z,1782109380000,2026-06-22T06:23:00Z,180,Down,0,calendar_ridge_logistic-l2-10,0.4981262550254566,0.6894066949576256,0.24812976594568623,lgbm-depth2-leaves3,0.32804244857549747,0.3975601079772012,0.10761184806740791,0.2918465869804244
0xfcf3193d70399c8b9892c6617d46f7e6db82736f454925679c5ee9cf4bf011f7,1782109200000,2026-06-22T06:20:00Z,1782109410000,2026-06-22T06:23:30Z,210,Down,0,calendar_ridge_logistic-l2-10,0.4981405242831,0.6894351273285988,0.24814398193304177,lgbm-depth2-leaves3,0.5458161201010755,0.7892531411361812,0.2979152369621917,-0.09981801380758237
0xfcf3193d70399c8b9892c6617d46f7e6db82736f454925679c5ee9cf4bf011f7,1782109200000,2026-06-22T06:20:00Z,1782109440000,2026-06-22T06:24:00Z,240,Down,0,calendar_ridge_logistic-l2-10,0.49815476098511274,0.6894634956361393,0.2481581658921348,lgbm-depth2-leaves3,0.2316916872535119,0.2635641775048541,0.053681037942379176,0.4258993181312852
0xb46e2583caea33cebcf617c46fcacc5490a195a76bf589f843e3181e56b58a3f,1782109500000,2026-06-22T06:25:00Z,1782109530000,2026-06-22T06:25:30Z,30,Down,0,calendar_ridge_logistic-l2-10,0.49819719223268943,0.6895480496742565,0.2482004423485353,lgbm-depth2-leaves3,0.3684533738555089,0.4595835059591615,0.13575788870550742,0.22996454371509506
0xb46e2583caea33cebcf617c46fcacc5490a195a76bf589f843e3181e56b58a3f,1782109500000,2026-06-22T06:25:00Z,1782109560000,2026-06-22T06:26:00Z,60,Down,0,calendar_ridge_logistic-l2-10,0.49821129748550563,0.6895761592241533,0.248214496942191,lgbm-depth2-leaves3,0.31399012166488527,0.37686325145451444,0.09858979650312945,0.31271290776963884
0xb46e2583caea33cebcf617c46fcacc5490a195a76bf589f843e3181e56b58a3f,1782109500000,2026-06-22T06:25:00Z,1782109590000,2026-06-22T06:26:30Z,90,Down,0,calendar_ridge_logistic-l2-10,0.4982253690710036,0.6896042024677235,0.24822851838593776,lgbm-depth2-leaves3,0.30875808061165183,0.36926541606802693,0.09533155234299129,0.32033878639969654
0xb46e2583caea33cebcf617c46fcacc5490a195a76bf589f843e3181e56b58a3f,1782109500000,2026-06-22T06:25:00Z,1782109620000,2026-06-22T06:27:00Z,120,Down,0,calendar_ridge_logistic-l2-10,0.4982394079858699,0.6896321813857449,0.24824250767011014,lgbm-depth2-leaves3,0.2677633191892674,0.3116514828412493,0.07169719510325348,0.37798069854449556
0xb46e2583caea33cebcf617c46fcacc5490a195a76bf589f843e3181e56b58a3f,1782109500000,2026-06-22T06:25:00Z,1782109650000,2026-06-22T06:27:30Z,150,Down,0,calendar_ridge_logistic-l2-10,0.4982534134940613,0.6896600945058344,0.24825646405848406,lgbm-depth2-leaves3,0.3848818826418327,0.4859409688719354,0.1481340635859215,0.20371912563389905
0xb46e2583caea33cebcf617c46fcacc5490a195a76bf589f843e3181e56b58a3f,1782109500000,2026-06-22T06:25:00Z,1782109680000,2026-06-22T06:28:00Z,180,Down,0,calendar_ridge_logistic-l2-10,0.4982673857489863,0.6896879421282173,0.24827038770112914,lgbm-depth2-leaves3,0.5431719077595394,0.7834481246318227,0.2950357213791376,-0.0937601825036054
0xb46e2583caea33cebcf617c46fcacc5490a195a76bf589f843e3181e56b58a3f,1782109500000,2026-06-22T06:25:00Z,1782109710000,2026-06-22T06:28:30Z,210,Down,0,calendar_ridge_logistic-l2-10,0.49828132480423826,0.6897157243542196,0.24828427864866678,lgbm-depth2-leaves3,0.4926122842322933,0.678479842264329,0.24266686257655773,0.01123588208989057
0xb46e2583caea33cebcf617c46fcacc5490a195a76bf589f843e3181e56b58a3f,1782109500000,2026-06-22T06:25:00Z,1782109740000,2026-06-22T06:29:00Z,240,Down,0,calendar_ridge_logistic-l2-10,0.4982952301308647,0.6897434401240587,0.2482981363711714,lgbm-depth2-leaves3,0.4037521553191065,0.5170988515770738,0.16301580292482393,0.17264458854698495
0x1117e04a436d3147b2c50086e929863fe145c81e066610d063f2b9cd6a14a7b7,1782109800000,2026-06-22T06:30:00Z,1782109830000,2026-06-22T06:30:30Z,30,Down,0,calendar_ridge_logistic-l2-10,0.49833666448423874,0.6898260306572345,0.24833943116927673,lgbm-depth2-leaves3,0.47725525896129894,0.6486620009082141,0.22777258220621652,0.04116402974902034
0x1117e04a436d3147b2c50086e929863fe145c81e066610d063f2b9cd6a14a7b7,1782109800000,2026-06-22T06:30:00Z,1782109860000,2026-06-22T06:31:00Z,60,Down,0,calendar_ridge_logistic-l2-10,0.49835043583156646,0.6898534824069985,0.24835315689351226,lgbm-depth2-leaves3,0.21182277786680967,0.23803231322648635,0.04486888922321179,0.4518211691805122
0x1117e04a436d3147b2c50086e929863fe145c81e066610d063f2b9cd6a14a7b7,1782109800000,2026-06-22T06:30:00Z,1782109890000,2026-06-22T06:31:30Z,90,Down,0,calendar_ridge_logistic-l2-10,0.49836417349624496,0.6898808677647582,0.24836684942459533,lgbm-depth2-leaves3,0.33171502073983267,0.40304058076114524,0.11003485498442761,0.28684028700361297
0x1117e04a436d3147b2c50086e929863fe145c81e066610d063f2b9cd6a14a7b7,1782109800000,2026-06-22T06:30:00Z,1782109920000,2026-06-22T06:32:00Z,120,Down,0,calendar_ridge_logistic-l2-10,0.4983778770029495,0.6899081857774632,0.24838050828596706,lgbm-depth2-leaves3,0.7515943499195403,1.392692183285927,0.5648940668309764,-0.7027839975084638
0x1117e04a436d3147b2c50086e929863fe145c81e066610d063f2b9cd6a14a7b7,1782109800000,2026-06-22T06:30:00Z,1782109950000,2026-06-22T06:32:30Z,150,Down,0,calendar_ridge_logistic-l2-10,0.4983915469803781,0.6899354376929374,0.2483941341014944,lgbm-depth2-leaves3,0.6821418894462228,1.1461501890028944,0.4653175573372628,-0.45621475130995703
0x1117e04a436d3147b2c50086e929863fe145c81e066610d063f2b9cd6a14a7b7,1782109800000,2026-06-22T06:30:00Z,1782109980000,2026-06-22T06:33:00Z,180,Down,0,calendar_ridge_logistic-l2-10,0.4984051827997594,0.6899626222522127,0.2484077262416616,lgbm-depth2-leaves3,0.482487218282281,0.6587210551761898,0.2327939158057735,0.03124156707602288
0x1117e04a436d3147b2c50086e929863fe145c81e066610d063f2b9cd6a14a7b7,1782109800000,2026-06-22T06:30:00Z,1782110010000,2026-06-22T06:33:30Z,210,Down,0,calendar_ridge_logistic-l2-10,0.49841878461450406,0.6899897397556292,0.2484212848565994,lgbm-depth2-leaves3,0.346038097475313,0.4247061822420677,0.11974236490433422,0.2652835575135615
0x1117e04a436d3147b2c50086e929863fe145c81e066610d063f2b9cd6a14a7b7,1782109800000,2026-06-22T06:30:00Z,1782110040000,2026-06-22T06:34:00Z,240,Down,0,calendar_ridge_logistic-l2-10,0.4984323526853076,0.6900167907174731,0.24843481020341088,lgbm-depth2-leaves3,0.20952664394185508,0.23512332807692982,0.04390141452153692,0.4548934626405433
0x9a1e2be712b6f7e24f8bca627912acb31d1ba6b05419fc607c2efde4a7c0f4a6,1782110100000,2026-06-22T06:35:00Z,1782110130000,2026-06-22T06:35:30Z,30,Down,0,calendar_ridge_logistic-l2-10,0.49847276991988076,0.690097375785757,0.2484751023515984,lgbm-depth2-leaves3,0.2020028428971848,0.2256502440664746,0.040805148538544715,0.4644471317192824
0x9a1e2be712b6f7e24f8bca627912acb31d1ba6b05419fc607c2efde4a7c0f4a6,1782110100000,2026-06-22T06:35:00Z,1782110160000,2026-06-22T06:36:00Z,60,Down,0,calendar_ridge_logistic-l2-10,0.49848620100612545,0.6901241565172648,0.2484884925935193,lgbm-depth2-leaves3,0.19917166992691523,0.2221086743927433,0.03966935410147607,0.4680154821245215
0x9a1e2be712b6f7e24f8bca627912acb31d1ba6b05419fc607c2efde4a7c0f4a6,1782110100000,2026-06-22T06:35:00Z,1782110190000,2026-06-22T06:36:30Z,90,Down,0,calendar_ridge_logistic-l2-10,0.498499597290409,0.6901508685703177,0.24850184849869994,lgbm-depth2-leaves3,0.30174255440050846,0.3591674109849286,0.0910485691361438,0.3309834575853891
0x9a1e2be712b6f7e24f8bca627912acb31d1ba6b05419fc607c2efde4a7c0f4a6,1782110100000,2026-06-22T06:35:00Z,1782110220000,2026-06-22T06:37:00Z,120,Down,0,calendar_ridge_logistic-l2-10,0.4985129595086974,0.69017751340696,0.24851517079812016,lgbm-depth2-leaves3,0.5429012491439975,0.782855826406863,0.29474176632211285,-0.09267831299990303
0x9a1e2be712b6f7e24f8bca627912acb31d1ba6b05419fc607c2efde4a7c0f4a6,1782110100000,2026-06-22T06:35:00Z,1782110250000,2026-06-22T06:37:30Z,150,Down,0,calendar_ridge_logistic-l2-10,0.49852628707840474,0.6902040898600521,0.24852845890818,lgbm-depth2-leaves3,0.4913057350421308,0.6759081011350557,0.24138132528528844,0.014295988724996378
0x9a1e2be712b6f7e24f8bca627912acb31d1ba6b05419fc607c2efde4a7c0f4a6,1782110100000,2026-06-22T06:35:00Z,1782110280000,2026-06-22T06:38:00Z,180,Down,0,calendar_ridge_logistic-l2-10,0.49853958036749707,0.6902305986579115,0.24854171319300006,lgbm-depth2-leaves3,0.7238037350702183,1.2866435611621712,0.5238918469015988,-0.5964129625042597
0x9a1e2be712b6f7e24f8bca627912acb31d1ba6b05419fc607c2efde4a7c0f4a6,1782110100000,2026-06-22T06:35:00Z,1782110310000,2026-06-22T06:38:30Z,210,Down,0,calendar_ridge_logistic-l2-10,0.4985528386399288,0.6902570383272963,0.24855493291593087,lgbm-depth2-leaves3,0.6576489988621195,1.0719187491083126,0.432502205704348,-0.3816617107810163
0x9a1e2be712b6f7e24f8bca627912acb31d1ba6b05419fc607c2efde4a7c0f4a6,1782110100000,2026-06-22T06:35:00Z,1782110340000,2026-06-22T06:39:00Z,240,Down,0,calendar_ridge_logistic-l2-10,0.4985660624171272,0.6902834099025771,0.2485681185941188,lgbm-depth2-leaves3,0.6293820297256589,0.992583476629343,0.39612173934159023,-0.3023000667267659
0xe64efcaa8dba7392f8610d132f51ba03651892b1956300f38356bbc085bec70b,1782110400000,2026-06-22T06:40:00Z,1782110430000,2026-06-22T06:40:30Z,30,Down,0,calendar_ridge_logistic-l2-10,0.49860544347431746,0.6903619498671709,0.24860738826222079,lgbm-depth2-leaves3,0.5448775604402685,0.7871887982980655,0.2968915558713384,-0.09682684843089462
0xe64efcaa8dba7392f8610d132f51ba03651892b1956300f38356bbc085bec70b,1782110400000,2026-06-22T06:40:00Z,1782110460000,2026-06-22T06:41:00Z,60,Down,0,calendar_ridge_logistic-l2-10,0.4986185276298198,0.6903880457352931,0.24862043609572937,lgbm-depth2-leaves3,0.32140870436143604,0.38773625365420245,0.10330355523929699,0.30265179208109066
0xe64efcaa8dba7392f8610d132f51ba03651892b1956300f38356bbc085bec70b,1782110400000,2026-06-22T06:40:00Z,1782110490000,2026-06-22T06:41:30Z,90,Down,0,calendar_ridge_logistic-l2-10,0.49863157707536715,0.690414073053988,0.2486334496566678,lgbm-depth2-leaves3,0.3224309613625488,0.3892438293720436,0.10396172484517743,0.30117024368194445
0xe64efcaa8dba7392f8610d132f51ba03651892b1956300f38356bbc085bec70b,1782110400000,2026-06-22T06:40:00Z,1782110520000,2026-06-22T06:42:00Z,120,Down,0,calendar_ridge_logistic-l2-10,0.49864459122836413,0.6904400306558448,0.24864642836130235,lgbm-depth2-leaves3,0.3848818826418327,0.4859409688719354,0.1481340635859215,0.20449906178390942
0xe64efcaa8dba7392f8610d132f51ba03651892b1956300f38356bbc085bec70b,1782110400000,2026-06-22T06:40:00Z,1782110550000,2026-06-22T06:42:30Z,150,Down,0,calendar_ridge_logistic-l2-10,0.4986575700887835,0.6904659185353621,0.24865937220685,lgbm-depth2-leaves3,0.3224900191307173,0.3893309944264142,0.1039998124389304,0.3011349241089479
0xe64efcaa8dba7392f8610d132f51ba03651892b1956300f38356bbc085bec70b,1782110400000,2026-06-22T06:40:00Z,1782110580000,2026-06-22T06:43:00Z,180,Down,0,calendar_ridge_logistic-l2-10,0.49867051428532333,0.6904917379411695,0.24867228181758885,lgbm-depth2-leaves3,0.34218158894163003,0.41882635677974556,0.11708823981061867,0.2716653811614239
0xe64efcaa8dba7392f8610d132f51ba03651892b1956300f38356bbc085bec70b,1782110400000,2026-06-22T06:40:00Z,1782110610000,2026-06-22T06:43:30Z,210,Down,0,calendar_ridge_logistic-l2-10,0.4986834227139354,0.6905174866656478,0.24868515608968558,lgbm-depth2-leaves3,0.4486322171511249,0.5953532100122303,0.20127086626593407,0.09516427665341753
0xe64efcaa8dba7392f8610d132f51ba03651892b1956300f38356bbc085bec70b,1782110400000,2026-06-22T06:40:00Z,1782110640000,2026-06-22T06:44:00Z,240,Down,0,calendar_ridge_logistic-l2-10,0.4986962958960507,0.6905431657434701,0.24869799554044134,lgbm-depth2-leaves3,0.32234797291704725,0.38912135718251767,0.10390821564372943,0.3014218085609524
0x1836a6ec7ed7f73f62e0e5078c4f374ffebf4536900133f2b34a6024892275a2,1782110700000,2026-06-22T06:45:00Z,1782110730000,2026-06-22T06:45:30Z,30,Down,0,calendar_ridge_logistic-l2-10,0.49873462223962234,0.6906196220082476,0.2487362234204988,lgbm-depth2-leaves3,0.49228517851914727,0.6778353640713088,0.2423446969896287,0.012784257936938714
0x1836a6ec7ed7f73f62e0e5078c4f374ffebf4536900133f2b34a6024892275a2,1782110700000,2026-06-22T06:45:00Z,1782110760000,2026-06-22T06:46:00Z,60,Down,0,calendar_ridge_logistic-l2-10,0.4987473533775743,0.690645020330558,0.24874892250113498,lgbm-depth2-leaves3,0.5844825660556665,0.8782307066154219,0.3416198700230166,-0.18758568628486394
0x1836a6ec7ed7f73f62e0e5078c4f374ffebf4536900133f2b34a6024892275a2,1782110700000,2026-06-22T06:45:00Z,1782110790000,2026-06-22T06:46:30Z,90,Down,0,calendar_ridge_logistic-l2-10,0.49876004920777517,0.6906703488571412,0.2487615866857423,lgbm-depth2-leaves3,0.5817965425069781,0.8717872244631432,0.338487216873074,-0.18111687560600198
0x1836a6ec7ed7f73f62e0e5078c4f374ffebf4536900133f2b34a6024892275a2,1782110700000,2026-06-22T06:45:00Z,1782110820000,2026-06-22T06:47:00Z,120,Down,0,calendar_ridge_logistic-l2-10,0.4987727092087312,0.6906956065422435,0.2487742154514175,lgbm-depth2-leaves3,0.38105878322724596,0.4797449756329079,0.14520579627462923,0.21095063090933558
0x1836a6ec7ed7f73f62e0e5078c4f374ffebf4536900133f2b34a6024892275a2,1782110700000,2026-06-22T06:45:00Z,1782110850000,2026-06-22T06:47:30Z,150,Down,0,calendar_ridge_logistic-l2-10,0.49878533379459944,0.6907207942067878,0.24878680920858998,lgbm-depth2-leaves3,0.5775406779767859,0.8616621160550477,0.3335532347178855,-0.17094132184825994
0x1836a6ec7ed7f73f62e0e5078c4f374ffebf4536900133f2b34a6024892275a2,1782110700000,2026-06-22T06:45:00Z,1782110880000,2026-06-22T06:48:00Z,180,Down,0,calendar_ridge_logistic-l2-10,0.4987979222293382,0.6907459103769138,0.24879936722030493,lgbm-depth2-leaves3,0.5001344898784126,0.6934161964983134,0.25013450796594,-0.0026702861213996343
0x1836a6ec7ed7f73f62e0e5078c4f374ffebf4536900133f2b34a6024892275a2,1782110700000,2026-06-22T06:45:00Z,1782110910000,2026-06-22T06:48:30Z,210,Down,0,calendar_ridge_logistic-l2-10,0.4988104749881972,0.690770955995462,0.2488118899579509,lgbm-depth2-leaves3,0.3336540532901485,0.405946303799466,0.11132502727694527,0.284824652195996
0x1836a6ec7ed7f73f62e0e5078c4f374ffebf4536900133f2b34a6024892275a2,1782110700000,2026-06-22T06:45:00Z,1782110940000,2026-06-22T06:49:00Z,240,Down,0,calendar_ridge_logistic-l2-10,0.4988229913813187,0.6907959296806404,0.24882437673060714,lgbm-depth2-leaves3,0.5086617697996729,0.7106225284642111,0.25873679605573546,-0.019826598783570737
0xc7b4412d79d745313973c62067e32a0f988a0f44caea239526588294a9ae7084,1782111000000,2026-06-22T06:50:00Z,1782111030000,2026-06-22T06:50:30Z,30,Down,0,calendar_ridge_logistic-l2-10,0.4988602443224514,0.6908702633493505,0.2488615433654559,lgbm-depth2-leaves3,0.44981515936134764,0.5975009833273414,0.20233367759127457,0.09336928002200917
0xc7b4412d79d745313973c62067e32a0f988a0f44caea239526588294a9ae7084,1782111000000,2026-06-22T06:50:00Z,1782111060000,2026-06-22T06:51:00Z,60,Down,0,calendar_ridge_logistic-l2-10,0.4988726167705149,0.690894952272261,0.24887388776346103,lgbm-depth2-leaves3,0.5133069875667416,0.720121719276286,0.26348406348484305,-0.029226767004024934
0xc7b4412d79d745313973c62067e32a0f988a0f44caea239526588294a9ae7084,1782111000000,2026-06-22T06:50:00Z,1782111090000,2026-06-22T06:51:30Z,90,Down,0,calendar_ridge_logistic-l2-10,0.4988849530061532,0.6909195695410314,0.2488861963359517,lgbm-depth2-leaves3,0.38683036768714,0.4891136565101121,0.14963773336496794,0.20180591303091927
0xc7b4412d79d745313973c62067e32a0f988a0f44caea239526588294a9ae7084,1782111000000,2026-06-22T06:50:00Z,1782111120000,2026-06-22T06:52:00Z,120,Down,0,calendar_ridge_logistic-l2-10,0.49889725281478137,0.6909441147221292,0.24889846886613587,lgbm-depth2-leaves3,0.2757840360398936,0.32266563831428363,0.07605683453445333,0.3682784764078456
0xc7b4412d79d745313973c62067e32a0f988a0f44caea239526588294a9ae7084,1782111000000,2026-06-22T06:50:00Z,1782111150000,2026-06-22T06:52:30Z,150,Down,0,calendar_ridge_logistic-l2-10,0.4989095161963777,0.690968587810188,0.24891070535130366,lgbm-depth2-leaves3,0.2694413712130174,0.31394579257662436,0.07259865252115105,0.37702279523356363
0xc7b4412d79d745313973c62067e32a0f988a0f44caea239526588294a9ae7084,1782111000000,2026-06-22T06:50:00Z,1782111180000,2026-06-22T06:53:00Z,180,Down,0,calendar_ridge_logistic-l2-10,0.49892174351891844,0.6909929895342687,0.24892290615595744,lgbm-depth2-leaves3,0.4656434565024606,0.6266919783717163,0.2168238285835589,0.06430101116255238
0xc7b4412d79d745313973c62067e32a0f988a0f44caea239526588294a9ae7084,1782111000000,2026-06-22T06:50:00Z,1782111210000,2026-06-22T06:53:30Z,210,Down,0,calendar_ridge_logistic-l2-10,0.49893393419981713,0.6910173187264383,0.24893507069610746,lgbm-depth2-leaves3,0.5470390216328951,0.7919492976793735,0.2992516911890751,-0.10093197895293515
0xc7b4412d79d745313973c62067e32a0f988a0f44caea239526588294a9ae7084,1782111000000,2026-06-22T06:50:00Z,1782111240000,2026-06-22T06:54:00Z,240,Down,0,calendar_ridge_logistic-l2-10,0.49894608834632875,0.6910415755954474,0.2489471990761025,lgbm-depth2-leaves3,0.5726086529940038,0.8500551819595085,0.3278806694836074,-0.15901360636406103
0xcc2d7ed4750fbf0d8e77e48907085eab9f6e70eee1bbe2010c08e8f2f951bf9c,1782111300000,2026-06-22T06:55:00Z,1782111330000,2026-06-22T06:55:30Z,30,Down,0,calendar_ridge_logistic-l2-10,0.4989822501476072,0.6911137496777676,0.24898328596236927,lgbm-depth2-leaves3,0.3776432665338768,0.47424182417354144,0.14261443675837673,0.21687192550422618
0xcc2d7ed4750fbf0d8e77e48907085eab9f6e70eee1bbe2010c08e8f2f951bf9c,1782111300000,2026-06-22T06:55:00Z,1782111360000,2026-06-22T06:56:00Z,60,Down,0,calendar_ridge_logistic-l2-10,0.4989942578195424,0.6911377165249148,0.24899526933687594,lgbm-depth2-leaves3,0.4805977163548833,0.6550765830648165,0.23097416496552886,0.036061133460098316
0xcc2d7ed4750fbf0d8e77e48907085eab9f6e70eee1bbe2010c08e8f2f951bf9c,1782111300000,2026-06-22T06:55:00Z,1782111390000,2026-06-22T06:56:30Z,90,Down,0,calendar_ridge_logistic-l2-10,0.49900622842058207,0.6911616099517597,0.24900721600253412,lgbm-depth2-leaves3,0.40982387531966485,0.5273342702221818,0.1679556087820282,0.16382733972957786
0xcc2d7ed4750fbf0d8e77e48907085eab9f6e70eee1bbe2010c08e8f2f951bf9c,1782111300000,2026-06-22T06:55:00Z,1782111420000,2026-06-22T06:57:00Z,120,Down,0,calendar_ridge_logistic-l2-10,0.4990181623187024,0.6911854306875352,0.2490191263239348,lgbm-depth2-leaves3,0.5624579215423152,0.8265823984775524,0.3163589135057012,-0.1353969677900172
0xcc2d7ed4750fbf0d8e77e48907085eab9f6e70eee1bbe2010c08e8f2f951bf9c,1782111300000,2026-06-22T06:55:00Z,1782111450000,2026-06-22T06:57:30Z,150,Down,0,calendar_ridge_logistic-l2-10,0.49903005940660833,0.6912091785128587,0.24903100019136304,lgbm-depth2-leaves3,0.6309549808012259,0.9968366391346907,0.3981041877978754,-0.305627460621832
0xcc2d7ed4750fbf0d8e77e48907085eab9f6e70eee1bbe2010c08e8f2f951bf9c,1782111300000,2026-06-22T06:55:00Z,1782111480000,2026-06-22T06:58:00Z,180,Down,0,calendar_ridge_logistic-l2-10,0.4990419194235445,0.6912328529020086,0.24904283734193547,lgbm-depth2-leaves3,0.5842859592055119,0.877757657026238,0.34139008212470506,-0.18652480412422934
0xcc2d7ed4750fbf0d8e77e48907085eab9f6e70eee1bbe2010c08e8f2f951bf9c,1782111300000,2026-06-22T06:55:00Z,1782111510000,2026-06-22T06:58:30Z,210,Down,0,calendar_ridge_logistic-l2-10,0.49905374230838356,0.6912564537277323,0.2490546377120025,lgbm-depth2-leaves3,0.6581813254585359,1.073474873919919,0.4332026571823552,-0.38221842019218666
0xcc2d7ed4750fbf0d8e77e48907085eab9f6e70eee1bbe2010c08e8f2f951bf9c,1782111300000,2026-06-22T06:55:00Z,1782111540000,2026-06-22T06:59:00Z,240,Down,0,calendar_ridge_logistic-l2-10,0.4990655284902153,0.6912799818413864,0.2490664017272179,lgbm-depth2-leaves3,0.557438637423033,0.815176151657973,0.31073783449204767,-0.12389616981658658
0x03ac4bee517ff19205849b127b85b59b557d5a7f62929e3fc9129629e98e104c,1782111600000,2026-06-22T07:00:00Z,1782111630000,2026-06-22T07:00:30Z,30,Up,1,calendar_ridge_logistic-l2-10,0.49910058156849113,0.6949476372728481,0.2509002273850238,lgbm-depth2-leaves3,0.24199624777822104,1.4188330579943285,0.574569688382296,-0.7238854207214803
0x03ac4bee517ff19205849b127b85b59b557d5a7f62929e3fc9129629e98e104c,1782111600000,2026-06-22T07:00:00Z,1782111660000,2026-06-22T07:01:00Z,60,Up,1,calendar_ridge_logistic-l2-10,0.49911221863905697,0.6949243214617026,0.25088856951668786,lgbm-depth2-leaves3,0.5682778203319689,0.5651448595385675,0.18638404041731568,0.12977946192313505
0x03ac4bee517ff19205849b127b85b59b557d5a7f62929e3fc9129629e98e104c,1782111600000,2026-06-22T07:00:00Z,1782111690000,2026-06-22T07:01:30Z,90,Up,1,calendar_ridge_logistic-l2-10,0.4991238183628423,0.6949010810188496,0.2508769493314189,lgbm-depth2-leaves3,0.618448888992707,0.4805407276010746,0.14558125031089963,0.21436035341777504
0x03ac4bee517ff19205849b127b85b59b557d5a7f62929e3fc9129629e98e104c,1782111600000,2026-06-22T07:00:00Z,1782111720000,2026-06-22T07:02:00Z,120,Up,1,calendar_ridge_logistic-l2-10,0.4991353805252674,0.6948779163689501,0.2508653670415687,lgbm-depth2-leaves3,0.5838153338454819,0.5381705553272661,0.17320967634214768,0.15670736104168403
0x03ac4bee517ff19205849b127b85b59b557d5a7f62929e3fc9129629e98e104c,1782111600000,2026-06-22T07:00:00Z,1782111750000,2026-06-22T07:02:30Z,150,Up,1,calendar_ridge_logistic-l2-10,0.4991469053408685,0.6948548270769437,0.25085382242962895,lgbm-depth2-leaves3,0.547038976997928,0.6032352231610284,0.20517368835908356,0.09161960391591528
0x03ac4bee517ff19205849b127b85b59b557d5a7f62929e3fc9129629e98e104c,1782111600000,2026-06-22T07:00:00Z,1782111780000,2026-06-22T07:03:00Z,180,Up,1,calendar_ridge_logistic-l2-10,0.4991583923805155,0.6948318139973302,0.25084231592286965,lgbm-depth2-leaves3,0.4631721958591661,0.769656380735778,0.2881840912986695,-0.07482456673844784
0x03ac4bee517ff19205849b127b85b59b557d5a7f62929e3fc9129629e98e104c,1782111600000,2026-06-22T07:00:00Z,1782111810000,2026-06-22T07:03:30Z,210,Up,1,calendar_ridge_logistic-l2-10,0.4991698422267454,0.6948088759578489,0.25083084693518304,lgbm-depth2-leaves3,0.6409681864975254,0.4447754543422306,0.1289038431068757,0.2500334216156183
0x03ac4bee517ff19205849b127b85b59b557d5a7f62929e3fc9129629e98e104c,1782111600000,2026-06-22T07:00:00Z,1782111840000,2026-06-22T07:04:00Z,240,Up,1,calendar_ridge_logistic-l2-10,0.4991812541435292,0.6947860144278204,0.25081941620124826,lgbm-depth2-leaves3,0.7274617904825741,0.31819380298923855,0.07427707564696434,0.37659221143858185
0x94872482ca140eab1b91e5337e47989e62eb52431503f1e45694a3d1d94cd2e1,1782111900000,2026-06-22T07:05:00Z,1782111930000,2026-06-22T07:05:30Z,30,Down,0,calendar_ridge_logistic-l2-10,0.4992151825568413,0.6915787762629171,0.24921579849526035,lgbm-depth2-leaves3,0.48205495987346847,0.6578861424935032,0.2323769843386113,0.03369263376941389
0x94872482ca140eab1b91e5337e47989e62eb52431503f1e45694a3d1d94cd2e1,1782111900000,2026-06-22T07:05:00Z,1782111960000,2026-06-22T07:06:00Z,60,Down,0,calendar_ridge_logistic-l2-10,0.49922644367633945,0.6916012634584587,0.24922704206572532,lgbm-depth2-leaves3,0.4102602335667523,0.5280739132260045,0.16831345924624613,0.16352735023245424
0x94872482ca140eab1b91e5337e47989e62eb52431503f1e45694a3d1d94cd2e1,1782111900000,2026-06-22T07:05:00Z,1782111990000,2026-06-22T07:06:30Z,90,Down,0,calendar_ridge_logistic-l2-10,0.499237666590638,0.6916236748656067,0.24923824774286504,lgbm-depth2-leaves3,0.5684670020221458,0.8404112986644575,0.3231547323880464,-0.1487876237988508
0x94872482ca140eab1b91e5337e47989e62eb52431503f1e45694a3d1d94cd2e1,1782111900000,2026-06-22T07:05:00Z,1782112020000,2026-06-22T07:07:00Z,120,Down,0,calendar_ridge_logistic-l2-10,0.4992488516677185,0.691646011214113,0.24924941589153557,lgbm-depth2-leaves3,0.3719256118867573,0.465096667119249,0.13832866077733885,0.22654934409486394
0x94872482ca140eab1b91e5337e47989e62eb52431503f1e45694a3d1d94cd2e1,1782111900000,2026-06-22T07:05:00Z,1782112050000,2026-06-22T07:07:30Z,150,Down,0,calendar_ridge_logistic-l2-10,0.49925999853956143,0.6916682717639854,0.24926054614172288,lgbm-depth2-leaves3,0.24973481988592305,0.2873285614587198,0.06236748026345443,0.40433971030526555
0x94872482ca140eab1b91e5337e47989e62eb52431503f1e45694a3d1d94cd2e1,1782111900000,2026-06-22T07:05:00Z,1782112080000,2026-06-22T07:08:00Z,180,Down,0,calendar_ridge_logistic-l2-10,0.49927110720614526,0.6916904565101079,0.24927163849085018,lgbm-depth2-leaves3,0.4203804036374151,0.5453832589577726,0.17671968376235603,0.14630719755233523
0x94872482ca140eab1b91e5337e47989e62eb52431503f1e45694a3d1d94cd2e1,1782111900000,2026-06-22T07:05:00Z,1782112110000,2026-06-22T07:08:30Z,210,Down,0,calendar_ridge_logistic-l2-10,0.4992821784034628,0.6917125669172995,0.24928269367130723,lgbm-depth2-leaves3,0.6357918579192405,1.0100297558683429,0.40423128659639973,-0.31831718895104333
0x94872482ca140eab1b91e5337e47989e62eb52431503f1e45694a3d1d94cd2e1,1782111900000,2026-06-22T07:05:00Z,1782112140000,2026-06-22T07:09:00Z,240,Down,0,calendar_ridge_logistic-l2-10,0.49929321096638063,0.6917346006536411,0.24929371051711868,lgbm-depth2-leaves3,0.6586374902594924,1.0748102879484154,0.4338033435753229,-0.38307568729477426
0x64a54ba2d3ffbe5157b1f371e450995dffddb78e0678d3a40cdedf9d9c468192,1782112200000,2026-06-22T07:10:00Z,1782112230000,2026-06-22T07:10:30Z,30,Up,1,calendar_ridge_logistic-l2-10,0.4993259984055118,0.694496093122538,0.25067445587263754,lgbm-depth2-leaves3,0.5997498625990288,0.5112426063594351,0.16020017248949628,0.18325348676310294
0x64a54ba2d3ffbe5157b1f371e450995dffddb78e0678d3a40cdedf9d9c468192,1782112200000,2026-06-22T07:10:00Z,1782112260000,2026-06-22T07:11:00Z,60,Up,1,calendar_ridge_logistic-l2-10,0.49933687753465367,0.6944743057318091,0.25066356219675046,lgbm-depth2-leaves3,0.7917815907256467,0.2334696944848524,0.0433549059607421,0.4610046112469567
0x64a54ba2d3ffbe5157b1f371e450995dffddb78e0678d3a40cdedf9d9c468192,1782112200000,2026-06-22T07:10:00Z,1782112290000,2026-06-22T07:11:30Z,90,Up,1,calendar_ridge_logistic-l2-10,0.4993477186118685,0.6944525950190233,0.2506527068591409,lgbm-depth2-leaves3,0.6652948678492929,0.40752492630389087,0.11202752548802229,0.2869276687151325
0x64a54ba2d3ffbe5157b1f371e450995dffddb78e0678d3a40cdedf9d9c468192,1782112200000,2026-06-22T07:10:00Z,1782112320000,2026-06-22T07:12:00Z,120,Up,1,calendar_ridge_logistic-l2-10,0.49935852136148023,0.6944309615312573,0.2506418901333635,lgbm-depth2-leaves3,0.4005186644258473,0.9149949107484959,0.35937787170176977,-0.22056394921723865
0x64a54ba2d3ffbe5157b1f371e450995dffddb78e0678d3a40cdedf9d9c468192,1782112200000,2026-06-22T07:10:00Z,1782112350000,2026-06-22T07:12:30Z,150,Up,1,calendar_ridge_logistic-l2-10,0.4993692852620164,0.6944094063077716,0.2506311125390643,lgbm-depth2-leaves3,0.5760491301709414,0.5515623264880325,0.1797343400288154,0.1428470798197391
0x64a54ba2d3ffbe5157b1f371e450995dffddb78e0678d3a40cdedf9d9c468192,1782112200000,2026-06-22T07:10:00Z,1782112380000,2026-06-22T07:13:00Z,180,Up,1,calendar_ridge_logistic-l2-10,0.4993800104669126,0.6943879290362631,0.25062037392010855,lgbm-depth2-leaves3,0.7766510468153697,0.25276413268925707,0.04988475488867019,0.44162379634700605
0x64a54ba2d3ffbe5157b1f371e450995dffddb78e0678d3a40cdedf9d9c468192,1782112200000,2026-06-22T07:10:00Z,1782112410000,2026-06-22T07:13:30Z,210,Up,1,calendar_ridge_logistic-l2-10,0.4993906973441562,0.6943665289748467,0.2506096739055702,lgbm-depth2-leaves3,0.6964019496624387,0.36182827146186874,0.09217177616876839,0.332538257512978
0x64a54ba2d3ffbe5157b1f371e450995dffddb78e0678d3a40cdedf9d9c468192,1782112200000,2026-06-22T07:10:00Z,1782112440000,2026-06-22T07:14:00Z,240,Up,1,calendar_ridge_logistic-l2-10,0.499401345525731,0.6943452068554903,0.25059901286144853,lgbm-depth2-leaves3,0.3627930572974533,1.0139226973700883,0.4060326878283265,-0.31957749051459805
0x2d7f7f1eb1c101c1ac3f77cb413c2b33c708fd61d9aec4d1bfb819e9ce551d66,1782112500000,2026-06-22T07:15:00Z,1782112530000,2026-06-22T07:15:30Z,30,Up,1,calendar_ridge_logistic-l2-10,0.4994329756210768,0.6942818728376522,0.2505673458955695,lgbm-depth2-leaves3,0.6686308476741617,0.4025231683485722,0.10980551511314462,0.29175870448908
0x2d7f7f1eb1c101c1ac3f77cb413c2b33c708fd61d9aec4d1bfb819e9ce551d66,1782112500000,2026-06-22T07:15:00Z,1782112560000,2026-06-22T07:16:00Z,60,Up,1,calendar_ridge_logistic-l2-10,0.4994434685295928,0.6942608634153601,0.2505568411976848,lgbm-depth2-leaves3,0.7133808230034985,0.33773988754635037,0.08215055262215187,0.3565209758690097
0x2d7f7f1eb1c101c1ac3f77cb413c2b33c708fd61d9aec4d1bfb819e9ce551d66,1782112500000,2026-06-22T07:15:00Z,1782112590000,2026-06-22T07:16:30Z,90,Up,1,calendar_ridge_logistic-l2-10,0.4994539224667088,0.6942399324624703,0.25054637573396366,lgbm-depth2-leaves3,0.5296354378544197,0.635566362220325,0.22124282132240347,0.058673570242145257
0x2d7f7f1eb1c101c1ac3f77cb413c2b33c708fd61d9aec4d1bfb819e9ce551d66,1782112500000,2026-06-22T07:15:00Z,1782112620000,2026-06-22T07:17:00Z,120,Up,1,calendar_ridge_logistic-l2-10,0.49946433706439747,0.6942190807109087,0.2505359498703832,lgbm-depth2-leaves3,0.38171008303402404,0.9630939034571803,0.38228242142179336,-0.2688748227462716
0x2d7f7f1eb1c101c1ac3f77cb413c2b33c708fd61d9aec4d1bfb819e9ce551d66,1782112500000,2026-06-22T07:15:00Z,1782112650000,2026-06-22T07:17:30Z,150,Up,1,calendar_ridge_logistic-l2-10,0.49947471290521117,0.6941983069894001,0.2505255630213208,lgbm-depth2-leaves3,0.2505419653798613,1.384128846021697,0.561687345656681,-0.6899305390322968
0x2d7f7f1eb1c101c1ac3f77cb413c2b33c708fd61d9aec4d1bfb819e9ce551d66,1782112500000,2026-06-22T07:15:00Z,1782112680000,2026-06-22T07:18:00Z,180,Up,1,calendar_ridge_logistic-l2-10,0.499485049989133,0.6941776112931245,0.2505152151843807,lgbm-depth2-leaves3,0.5913022618199729,0.5254279509978237,0.16703384119346998,0.1687496602953008
0x2d7f7f1eb1c101c1ac3f77cb413c2b33c708fd61d9aec4d1bfb819e9ce551d66,1782112500000,2026-06-22T07:15:00Z,1782112710000,2026-06-22T07:18:30Z,210,Up,1,calendar_ridge_logistic-l2-10,0.4994953473044785,0.6941569956426598,0.2505049073698646,lgbm-depth2-leaves3,0.47852873621252323,0.7370390151117314,0.27193227895610816,-0.042882019469071664
0x2d7f7f1eb1c101c1ac3f77cb413c2b33c708fd61d9aec4d1bfb819e9ce551d66,1782112500000,2026-06-22T07:15:00Z,1782112740000,2026-06-22T07:19:00Z,240,Up,1,calendar_ridge_logistic-l2-10,0.499505605862907,0.6941364580077429,0.25049463856265575,lgbm-depth2-leaves3,0.4720110848834498,0.750752808749785,0.27877229448595164,-0.056616350742042076
0x7416074ed3e8f593e37e32a47d6f8a871038c2fa78dac06e6d17894502966eaf,1782112800000,2026-06-22T07:20:00Z,1782112830000,2026-06-22T07:20:30Z,30,Up,1,calendar_ridge_logistic-l2-10,0.49953606442232973,0.6940754824541937,0.25046415081389056,lgbm-depth2-leaves3,0.6597248591485769,0.4159324109582365,0.11578717148145581,0.2781430714959572
0x7416074ed3e8f593e37e32a47d6f8a871038c2fa78dac06e6d17894502966eaf,1782112800000,2026-06-22T07:20:00Z,1782112860000,2026-06-22T07:21:00Z,60,Up,1,calendar_ridge_logistic-l2-10,0.4995461655928505,0.6940552615550172,0.25045404037281865,lgbm-depth2-leaves3,0.501030301152345,0.6910886983841888,0.2489707603681195,0.002966563170828329
0x7416074ed3e8f593e37e32a47d6f8a871038c2fa78dac06e6d17894502966eaf,1782112800000,2026-06-22T07:20:00Z,1782112890000,2026-06-22T07:21:30Z,90,Up,1,calendar_ridge_logistic-l2-10,0.49955622736272826,0.6940351199360019,0.2504439695714253,lgbm-depth2-leaves3,0.47197030533807205,0.7508392077949898,0.27881535844476885,-0.05680408785898794
0x7416074ed3e8f593e37e32a47d6f8a871038c2fa78dac06e6d17894502966eaf,1782112800000,2026-06-22T07:20:00Z,1782112920000,2026-06-22T07:22:00Z,120,Up,1,calendar_ridge_logistic-l2-10,0.4995662497319444,0.6940150575924028,0.2504339384073506,lgbm-depth2-leaves3,0.7766510468153697,0.25276413268925707,0.04988475488867019,0.4412509249031457
0x7416074ed3e8f593e37e32a47d6f8a871038c2fa78dac06e6d17894502966eaf,1782112800000,2026-06-22T07:20:00Z,1782112950000,2026-06-22T07:22:30Z,150,Up,1,calendar_ridge_logistic-l2-10,0.4995762322713844,0.693995075378414,0.25042394730770345,lgbm-depth2-leaves3,0.6707064356333199,0.39942374052465807,0.1084342515333129,0.2945713348537559
0x7416074ed3e8f593e37e32a47d6f8a871038c2fa78dac06e6d17894502966eaf,1782112800000,2026-06-22T07:20:00Z,1782112980000,2026-06-22T07:23:00Z,180,Up,1,calendar_ridge_logistic-l2-10,0.4995861754101419,0.693975172430342,0.25041399584064933,lgbm-depth2-leaves3,0.2742997867031986,1.29353365864297,0.526640799579023,-0.599558486212628
0x7416074ed3e8f593e37e32a47d6f8a871038c2fa78dac06e6d17894502966eaf,1782112800000,2026-06-22T07:20:00Z,1782113010000,2026-06-22T07:23:30Z,210,Up,1,calendar_ridge_logistic-l2-10,0.49959607887254776,0.6939553492952458,0.25040408427972943,lgbm-depth2-leaves3,0.3056623400830182,1.1852742500751425,0.4821047859789903,-0.4913189007798967
0x7416074ed3e8f593e37e32a47d6f8a871038c2fa78dac06e6d17894502966eaf,1782112800000,2026-06-22T07:20:00Z,1782113040000,2026-06-22T07:24:00Z,240,Up,1,calendar_ridge_logistic-l2-10,0.49960594271969644,0.6939356058461017,0.2503942125614438,lgbm-depth2-leaves3,0.4516785774823322,0.7947844638745576,0.30065638239179876,-0.10084885802845589
0x27b1dfd240d7b50de0a1840fd52c4a858fc442b68845baab1d3231f478a8eaad,1782113100000,2026-06-22T07:25:00Z,1782113130000,2026-06-22T07:25:30Z,30,Up,1,calendar_ridge_logistic-l2-10,0.4996352149691333,0.6938770168874304,0.2503649180989854,lgbm-depth2-leaves3,0.5636100088715186,0.5733927402942927,0.1904362243571161,0.12048427659313776
0x27b1dfd240d7b50de0a1840fd52c4a858fc442b68845baab1d3231f478a8eaad,1782113100000,2026-06-22T07:25:00Z,1782113160000,2026-06-22T07:26:00Z,60,Up,1,calendar_ridge_logistic-l2-10,0.49964491974271447,0.6938575933579428,0.2503552063392747,lgbm-depth2-leaves3,0.6202902776430139,0.47756772076282533,0.14417947325241945,0.2162898725951175
0x27b1dfd240d7b50de0a1840fd52c4a858fc442b68845baab1d3231f478a8eaad,1782113100000,2026-06-22T07:25:00Z,1782113190000,2026-06-22T07:26:30Z,90,Up,1,calendar_ridge_logistic-l2-10,0.4996545846864297,0.6938382499205195,0.25034553462530906,lgbm-depth2-leaves3,0.7048848920503106,0.3497207631879707,0.08709292694015684,0.34411748673254877
0x27b1dfd240d7b50de0a1840fd52c4a858fc442b68845baab1d3231f478a8eaad,1782113100000,2026-06-22T07:25:00Z,1782113220000,2026-06-22T07:27:00Z,120,Up,1,calendar_ridge_logistic-l2-10,0.4996642091566002,0.6938189878587429,0.25033590359889035,lgbm-depth2-leaves3,0.5798538280404274,0.5449792278241579,0.17652280581228275,0.148839760034585
0x27b1dfd240d7b50de0a1840fd52c4a858fc442b68845baab1d3231f478a8eaad,1782113100000,2026-06-22T07:25:00Z,1782113250000,2026-06-22T07:27:30Z,150,Up,1,calendar_ridge_logistic-l2-10,0.4996737943183434,0.6937998048361615,0.2503263120918034,lgbm-depth2-leaves3,0.38683036768714,0.9497690084352675,0.37597699799068784,-0.2559692035991059
0x27b1dfd240d7b50de0a1840fd52c4a858fc442b68845baab1d3231f478a8eaad,1782113100000,2026-06-22T07:25:00Z,1782113280000,2026-06-22T07:28:00Z,180,Up,1,calendar_ridge_logistic-l2-10,0.49968333915997865,0.6937807028728779,0.25031676111410894,lgbm-depth2-leaves3,0.39018647444349785,0.9411305145320464,0.3718725359516507,-0.24734981165916858
0x27b1dfd240d7b50de0a1840fd52c4a858fc442b68845baab1d3231f478a8eaad,1782113100000,2026-06-22T07:25:00Z,1782113310000,2026-06-22T07:28:30Z,210,Up,1,calendar_ridge_logistic-l2-10,0.4996928437425937,0.6937616818420028,0.25030725060237274,lgbm-depth2-leaves3,0.3620517564386339,1.0159681037887287,0.40697796146303217,-0.3222064219467259
0x27b1dfd240d7b50de0a1840fd52c4a858fc442b68845baab1d3231f478a8eaad,1782113100000,2026-06-22T07:25:00Z,1782113340000,2026-06-22T07:29:00Z,240,Up,1,calendar_ridge_logistic-l2-10,0.49970230858764453,0.6937427406953922,0.25029778003253245,lgbm-depth2-leaves3,0.48345743793554946,0.7267919970524083,0.2668162184241068,-0.033049256357016055
0x615a1e513ecc6ac47f1ef9729d03833623e3dc08b8f79903138e2cfb0489d0f3,1782113400000,2026-06-22T07:30:00Z,1782113430000,2026-06-22T07:30:30Z,30,Up,1,calendar_ridge_logistic-l2-10,0.4997303804896422,0.6936865650223092,0.25026969220503814,lgbm-depth2-leaves3,0.37929349494131576,0.969444980602249,0.3852765654221663,-0.27575841557993985
0x615a1e513ecc6ac47f1ef9729d03833623e3dc08b8f79903138e2cfb0489d0f3,1782113400000,2026-06-22T07:30:00Z,1782113460000,2026-06-22T07:31:00Z,60,Up,1,calendar_ridge_logistic-l2-10,0.4997396840540817,0.6936679480276241,0.25026038371030995,lgbm-depth2-leaves3,0.3908602371282357,0.9394052326970876,0.3710512507114692,-0.24573728466946354
0x615a1e513ecc6ac47f1ef9729d03833623e3dc08b8f79903138e2cfb0489d0f3,1782113400000,2026-06-22T07:30:00Z,1782113490000,2026-06-22T07:31:30Z,90,Up,1,calendar_ridge_logistic-l2-10,0.49974894745180426,0.6936494117533117,0.2502511155755778,lgbm-depth2-leaves3,0.7877975024706562,0.2385141987084729,0.045029899957691175,0.45513521304483884
0x615a1e513ecc6ac47f1ef9729d03833623e3dc08b8f79903138e2cfb0489d0f3,1782113400000,2026-06-22T07:30:00Z,1782113520000,2026-06-22T07:32:00Z,120,Up,1,calendar_ridge_logistic-l2-10,0.49975817031478603,0.6936309569312938,0.2502418881668107,lgbm-depth2-leaves3,0.7675175684804859,0.2645939092544486,0.05404808096522556,0.42903704767684525
0x615a1e513ecc6ac47f1ef9729d03833623e3dc08b8f79903138e2cfb0489d0f3,1782113400000,2026-06-22T07:30:00Z,1782113550000,2026-06-22T07:32:30Z,150,Up,1,calendar_ridge_logistic-l2-10,0.49976735264302546,0.6936125835570701,0.2502327014817672,lgbm-depth2-leaves3,0.4637396721415024,0.7684319356232989,0.2875751392349034,-0.0748193520662288
0x615a1e513ecc6ac47f1ef9729d03833623e3dc08b8f79903138e2cfb0489d0f3,1782113400000,2026-06-22T07:30:00Z,1782113580000,2026-06-22T07:33:00Z,180,Up,1,calendar_ridge_logistic-l2-10,0.499776494957972,0.6935942905827925,0.25022355499653187,lgbm-depth2-leaves3,0.38171008303402404,0.9630939034571803,0.38228242142179336,-0.26949961287438773
0x615a1e513ecc6ac47f1ef9729d03833623e3dc08b8f79903138e2cfb0489d0f3,1782113400000,2026-06-22T07:30:00Z,1782113610000,2026-06-22T07:33:30Z,210,Up,1,calendar_ridge_logistic-l2-10,0.4997855961555926,0.693576080213068,0.2502144498134159,lgbm-depth2-leaves3,0.24973481988592305,1.3873556445382738,0.5628978404916083,-0.6937795643252057
0x615a1e513ecc6ac47f1ef9729d03833623e3dc08b8f79903138e2cfb0489d0f3,1782113400000,2026-06-22T07:30:00Z,1782113640000,2026-06-22T07:34:00Z,240,Up,1,calendar_ridge_logistic-l2-10,0.4997946573399082,0.6935579502344412,0.25020538482569993,lgbm-depth2-leaves3,0.2543346890599661,1.36910420586899,0.5560167559392976,-0.6755462556345487
0x3b83b95afd71c0815b6825d589623969a746d2ec4cee7636599b59b1966d14e3,1782113700000,2026-06-22T07:35:00Z,1782113730000,2026-06-22T07:35:30Z,30,Up,1,calendar_ridge_logistic-l2-10,0.49982151485756493,0.6935042145738743,0.2501785169993812,lgbm-depth2-leaves3,0.478528781163023,0.7370389211769387,0.27193223207532236,-0.043534706603064355
0x3b83b95afd71c0815b6825d589623969a746d2ec4cee7636599b59b1966d14e3,1782113700000,2026-06-22T07:35:00Z,1782113760000,2026-06-22T07:36:00Z,60,Up,1,calendar_ridge_logistic-l2-10,0.49983041307575693,0.6934864119408906,0.25016961568396795,lgbm-depth2-leaves3,0.415134987826493,0.8791515397697977,0.34206708246471657,-0.1856651278289071
0x3b83b95afd71c0815b6825d589623969a746d2ec4cee7636599b59b1966d14e3,1782113700000,2026-06-22T07:35:00Z,1782113790000,2026-06-22T07:36:30Z,90,Up,1,calendar_ridge_logistic-l2-10,0.4998392708514977,0.6934686905357436,0.25016075498236146,lgbm-depth2-leaves3,0.49355816112337336,0.7061145726995394,0.25648333616473906,-0.012645882163795807
0x3b83b95afd71c0815b6825d589623969a746d2ec4cee7636599b59b1966d14e3,1782113700000,2026-06-22T07:35:00Z,1782113820000,2026-06-22T07:37:00Z,120,Up,1,calendar_ridge_logistic-l2-10,0.4998480874487593,0.6934510518266239,0.25015193562866395,lgbm-depth2-leaves3,0.5588907992366385,0.5818011751131674,0.19457732699809152,0.1116498767134565
0x3b83b95afd71c0815b6825d589623969a746d2ec4cee7636599b59b1966d14e3,1782113700000,2026-06-22T07:35:00Z,1782113850000,2026-06-22T07:37:30Z,150,Up,1,calendar_ridge_logistic-l2-10,0.4998568630209934,0.69343349550217,0.25014315746720134,lgbm-depth2-leaves3,0.6953528842452488,0.3633358151618287,0.0928098651376888,0.3300976803403413
0x3b83b95afd71c0815b6825d589623969a746d2ec4cee7636599b59b1966d14e3,1782113700000,2026-06-22T07:35:00Z,1782113880000,2026-06-22T07:38:00Z,180,Up,1,calendar_ridge_logistic-l2-10,0.499865597936199,0.6934160208218523,0.25013442012771575,lgbm-depth2-leaves3,0.7775353357788659,0.2516261880143801,0.04949052682702194,0.4417898328074722
0x3b83b95afd71c0815b6825d589623969a746d2ec4cee7636599b59b1966d14e3,1782113700000,2026-06-22T07:35:00Z,1782113910000,2026-06-22T07:38:30Z,210,Up,1,calendar_ridge_logistic-l2-10,0.4998742918263589,0.6933986285176157,0.25012572397618604,lgbm-depth2-leaves3,0.37595877105974507,0.978275793041249,0.38942745541726365,-0.2848771645236333
0x3b83b95afd71c0815b6825d589623969a746d2ec4cee7636599b59b1966d14e3,1782113700000,2026-06-22T07:35:00Z,1782113940000,2026-06-22T07:39:00Z,240,Up,1,calendar_ridge_logistic-l2-10,0.49988294469147276,0.693381318585168,0.2501170690104725,lgbm-depth2-leaves3,0.4647321806676801,0.7662939948742704,0.2865116384127771,-0.07291267628910236
0xae4beb0c6ebb85c75215b6ee2b4e6e6e43fe62a636d91ba64cab2edffe1428be,1782114000000,2026-06-22T07:40:00Z,1782114030000,2026-06-22T07:40:30Z,30,Down,0,calendar_ridge_logistic-l2-10,0.4999085761186432,0.6929643495118464,0.2499085844769693,lgbm-depth2-leaves3,0.4731375471373648,0.6408157647679247,0.22385913851116207,0.0521485847439217
0xae4beb0c6ebb85c75215b6ee2b4e6e6e43fe62a636d91ba64cab2edffe1428be,1782114000000,2026-06-22T07:40:00Z,1782114060000,2026-06-22T07:41:00Z,60,Down,0,calendar_ridge_logistic-l2-10,0.49991706433218663,0.6929813229794476,0.24991707121051163,lgbm-depth2-leaves3,0.5683022832788276,0.8400296654752936,0.3229674851799288,-0.14704834249584597
0xae4beb0c6ebb85c75215b6ee2b4e6e6e43fe62a636d91ba64cab2edffe1428be,1782114000000,2026-06-22T07:40:00Z,1782114090000,2026-06-22T07:41:30Z,90,Down,0,calendar_ridge_logistic-l2-10,0.49992551182756184,0.6929982153109426,0.24992551737604968,lgbm-depth2-leaves3,0.4634437064732221,0.6225837950593447,0.21478006906963804,0.07041442025159794
0xae4beb0c6ebb85c75215b6ee2b4e6e6e43fe62a636d91ba64cab2edffe1428be,1782114000000,2026-06-22T07:40:00Z,1782114120000,2026-06-22T07:42:00Z,120,Down,0,calendar_ridge_logistic-l2-10,0.4999339176541869,0.6930150246013025,0.2499339220210633,lgbm-depth2-leaves3,0.31546583127650224,0.37901671771497364,0.09951869070297457,0.31399830688632885
0xae4beb0c6ebb85c75215b6ee2b4e6e6e43fe62a636d91ba64cab2edffe1428be,1782114000000,2026-06-22T07:40:00Z,1782114150000,2026-06-22T07:42:30Z,150,Down,0,calendar_ridge_logistic-l2-10,0.4999422827626317,0.693031752747255,0.2499422860939112,lgbm-depth2-leaves3,0.23215483841626045,0.26416717868217376,0.05389586900008,0.42886457406508127
0xae4beb0c6ebb85c75215b6ee2b4e6e6e43fe62a636d91ba64cab2edffe1428be,1782114000000,2026-06-22T07:40:00Z,1782114180000,2026-06-22T07:43:00Z,180,Down,0,calendar_ridge_logistic-l2-10,0.4999506062023202,0.6930483978437588,0.24995060864206742,lgbm-depth2-leaves3,0.3937546659884064,0.500470533235784,0.1550427369876415,0.19257786460797477
0xae4beb0c6ebb85c75215b6ee2b4e6e6e43fe62a636d91ba64cab2edffe1428be,1782114000000,2026-06-22T07:40:00Z,1782114210000,2026-06-22T07:43:30Z,210,Down,0,calendar_ridge_logistic-l2-10,0.49995888812669687,0.693064960193526,0.249958889816883,lgbm-depth2-leaves3,0.47852873621252323,0.6511011090557453,0.22898975138115465,0.04196385113778078
0xae4beb0c6ebb85c75215b6ee2b4e6e6e43fe62a636d91ba64cab2edffe1428be,1782114000000,2026-06-22T07:40:00Z,1782114240000,2026-06-22T07:44:00Z,240,Down,0,calendar_ridge_logistic-l2-10,0.499967129118325,0.6930814409574904,0.2499671301988199,lgbm-depth2-leaves3,0.44564264465799686,0.5899457544437499,0.19859736673777365,0.1031356865137405
0xb040dcea3a6ce98199cb27cda955e4530448d41b045859c07b1e005899aac07e,1782114300000,2026-06-22T07:45:00Z,1782114330000,2026-06-22T07:45:30Z,30,Up,1,calendar_ridge_logistic-l2-10,0.49999152121619617,0.6931641382713342,0.2500084788556936,lgbm-depth2-leaves3,0.3861591478866917,0.9515056942650986,0.3768005917231924,-0.2583415559937644
0xb040dcea3a6ce98199cb27cda955e4530448d41b045859c07b1e005899aac07e,1782114300000,2026-06-22T07:45:00Z,1782114360000,2026-06-22T07:46:00Z,60,Up,1,calendar_ridge_logistic-l2-10,0.49999959608542033,0.6931479883894309,0.2500004039147428,lgbm-depth2-leaves3,0.4143822527282068,0.8809664153820138,0.3429481459196898,-0.1878184269925829
0xb040dcea3a6ce98199cb27cda955e4530448d41b045859c07b1e005899aac07e,1782114300000,2026-06-22T07:45:00Z,1782114390000,2026-06-22T07:46:30Z,90,Up,1,calendar_ridge_logistic-l2-10,0.5000076295927643,0.6931319214908368,0.24999237046544634,lgbm-depth2-leaves3,0.5775406779767859,0.5489764010117912,0.17847187876431372,0.14415552047904556
0xb040dcea3a6ce98199cb27cda955e4530448d41b045859c07b1e005899aac07e,1782114300000,2026-06-22T07:45:00Z,1782114420000,2026-06-22T07:47:00Z,120,Up,1,calendar_ridge_logistic-l2-10,0.5000156211556576,0.693115938736661,0.24998437908836293,lgbm-depth2-leaves3,0.5569555592394975,0.5852698281634175,0.19628837648878644,0.10784611057324345
0xb040dcea3a6ce98199cb27cda955e4530448d41b045859c07b1e005899aac07e,1782114300000,2026-06-22T07:45:00Z,1782114450000,2026-06-22T07:47:30Z,150,Up,1,calendar_ridge_logistic-l2-10,0.5000235707741001,0.693100040122873,0.2499764297814813,lgbm-depth2-leaves3,0.4361282350600856,0.8298189617667731,0.3179513672964541,-0.1367189216439001
0xb040dcea3a6ce98199cb27cda955e4530448d41b045859c07b1e005899aac07e,1782114300000,2026-06-22T07:45:00Z,1782114480000,2026-06-22T07:48:00Z,180,Up,1,calendar_ridge_logistic-l2-10,0.5000314789695481,0.6930842246026169,0.2499685220213774,lgbm-depth2-leaves3,0.3908602371282357,0.9394052326970876,0.3710512507114692,-0.24632100809447077
0xb040dcea3a6ce98199cb27cda955e4530448d41b045859c07b1e005899aac07e,1782114300000,2026-06-22T07:45:00Z,1782114510000,2026-06-22T07:48:30Z,210,Up,1,calendar_ridge_logistic-l2-10,0.5000393454350879,0.6930684927857337,0.24996065611297538,lgbm-depth2-leaves3,0.3668845693096736,1.002708005442703,0.40083514857819746,-0.30963951265696943
0xb040dcea3a6ce98199cb27cda955e4530448d41b045859c07b1e005899aac07e,1782114300000,2026-06-22T07:45:00Z,1782114540000,2026-06-22T07:49:00Z,240,Up,1,calendar_ridge_logistic-l2-10,0.5000471702630733,0.6930528444835863,0.2499528319619604,lgbm-depth2-leaves3,0.48140792232154356,0.7310402969311378,0.26893774303085827,-0.03798745244755153
0xbcb4b50b34a58cbdb54d8dfb33bb1c4244218198e99071e06afe9b3c54015faf,1782114600000,2026-06-22T07:50:00Z,1782114630000,2026-06-22T07:50:30Z,30,Down,0,calendar_ridge_logistic-l2-10,0.5000703121234998,0.6932878146954614,0.25007031706729455,lgbm-depth2-leaves3,0.3719256118867573,0.465096667119249,0.13832866077733885,0.2281911475762124
0xbcb4b50b34a58cbdb54d8dfb33bb1c4244218198e99071e06afe9b3c54015faf,1782114600000,2026-06-22T07:50:00Z,1782114660000,2026-06-22T07:51:00Z,60,Down,0,calendar_ridge_logistic-l2-10,0.5000779693583012,0.6933031314362534,0.250077975437522,lgbm-depth2-leaves3,0.31453730819440845,0.3776612062521103,0.09893371824618429,0.31564192518414314
0xbcb4b50b34a58cbdb54d8dfb33bb1c4244218198e99071e06afe9b3c54015faf,1782114600000,2026-06-22T07:50:00Z,1782114690000,2026-06-22T07:51:30Z,90,Down,0,calendar_ridge_logistic-l2-10,0.5000855845875243,0.693318364386109,0.2500855919122459,lgbm-depth2-leaves3,0.44564264465799686,0.5899457544437499,0.19859736673777365,0.1033726099423592
0xbcb4b50b34a58cbdb54d8dfb33bb1c4244218198e99071e06afe9b3c54015faf,1782114600000,2026-06-22T07:50:00Z,1782114720000,2026-06-22T07:52:00Z,120,Down,0,calendar_ridge_logistic-l2-10,0.5000931575966077,0.6933335131119924,0.2500931662749455,lgbm-depth2-leaves3,0.3850662425635107,0.486240728462301,0.14827601116198044,0.20709278464969144
0xbcb4b50b34a58cbdb54d8dfb33bb1c4244218198e99071e06afe9b3c54015faf,1782114600000,2026-06-22T07:50:00Z,1782114750000,2026-06-22T07:52:30Z,150,Down,0,calendar_ridge_logistic-l2-10,0.500100689121568,0.6933485790824023,0.2501006992598672,lgbm-depth2-leaves3,0.6999426251367626,1.2037815730676742,0.4899196784833426,-0.5104329939852719
0xbcb4b50b34a58cbdb54d8dfb33bb1c4244218198e99071e06afe9b3c54015faf,1782114600000,2026-06-22T07:50:00Z,1782114780000,2026-06-22T07:53:00Z,180,Down,0,calendar_ridge_logistic-l2-10,0.5001081780583781,0.6933635600850626,0.25010818976087046,lgbm-depth2-leaves3,0.7124301626049296,1.246289535564734,0.5075567365892865,-0.5529259754796715
0xbcb4b50b34a58cbdb54d8dfb33bb1c4244218198e99071e06afe9b3c54015faf,1782114600000,2026-06-22T07:50:00Z,1782114810000,2026-06-22T07:53:30Z,210,Down,0,calendar_ridge_logistic-l2-10,0.5001156249284933,0.6933784571593029,0.25011563829761735,lgbm-depth2-leaves3,0.23100704094317465,0.26267346549132814,0.05336425296532157,0.43070499166797477
0xbcb4b50b34a58cbdb54d8dfb33bb1c4244218198e99071e06afe9b3c54015faf,1782114600000,2026-06-22T07:50:00Z,1782114840000,2026-06-22T07:54:00Z,240,Down,0,calendar_ridge_logistic-l2-10,0.5001230300999252,0.6933932710375735,0.25012304523633067,lgbm-depth2-leaves3,0.22282098598805788,0.25208456388672035,0.049649191796690285,0.4413087071508532
0x7b53b9154067313e3a4e9279fd1948b5973ba96fb718385c209b33932f9ca715,1782114900000,2026-06-22T07:55:00Z,1782114930000,2026-06-22T07:55:30Z,30,Up,1,calendar_ridge_logistic-l2-10,0.5001449103860297,0.692857401777813,0.24985511061299026,lgbm-depth2-leaves3,0.6819590161600971,0.3827857165512638,0.10115006740185335,0.31007168522654915
0x7b53b9154067313e3a4e9279fd1948b5973ba96fb718385c209b33932f9ca715,1782114900000,2026-06-22T07:55:00Z,1782114960000,2026-06-22T07:56:00Z,60,Up,1,calendar_ridge_logistic-l2-10,0.5001521462789893,0.6928429342895573,0.2498478768695009,lgbm-depth2-leaves3,0.5488901258616896,0.5998569925447562,0.20350011854508224,0.09298594174480113
0x7b53b9154067313e3a4e9279fd1948b5973ba96fb718385c209b33932f9ca715,1782114900000,2026-06-22T07:55:00Z,1782114990000,2026-06-22T07:56:30Z,90,Up,1,calendar_ridge_logistic-l2-10,0.5001593401052468,0.6928285511172045,0.24984068528402237,lgbm-depth2-leaves3,0.4683565379363546,0.7585254399147591,0.2826447707550188,-0.06569688879755453
0x7b53b9154067313e3a4e9279fd1948b5973ba96fb718385c209b33932f9ca715,1782114900000,2026-06-22T07:55:00Z,1782115020000,2026-06-22T07:57:00Z,120,Up,1,calendar_ridge_logistic-l2-10,0.5001664912211315,0.692814253544032,0.24983353649819517,lgbm-depth2-leaves3,0.4787864616204747,0.7365005813445431,0.27166355259010494,-0.04368632780051107
0x7b53b9154067313e3a4e9279fd1948b5973ba96fb718385c209b33932f9ca715,1782114900000,2026-06-22T07:55:00Z,1782115050000,2026-06-22T07:57:30Z,150,Up,1,calendar_ridge_logistic-l2-10,0.5001736004237634,0.692800039972685,0.2498264297133438,lgbm-depth2-leaves3,0.4676692225343196,0.7599940224144953,0.2833760566372158,-0.0671939824418103
0x7b53b9154067313e3a4e9279fd1948b5973ba96fb718385c209b33932f9ca715,1782114900000,2026-06-22T07:55:00Z,1782115080000,2026-06-22T07:58:00Z,180,Up,1,calendar_ridge_logistic-l2-10,0.5001806669160226,0.692785911993248,0.24981936572451197,lgbm-depth2-leaves3,0.4133371419586556,0.8834916946775143,0.3441733090052387,-0.1907057826842663
0x7b53b9154067313e3a4e9279fd1948b5973ba96fb718385c209b33932f9ca715,1782114900000,2026-06-22T07:55:00Z,1782115110000,2026-06-22T07:58:30Z,210,Up,1,calendar_ridge_logistic-l2-10,0.5001876906979054,0.6927718696021039,0.2498123445298927,lgbm-depth2-leaves3,0.45946181076112486,0.7776994510621841,0.29218153402564206,-0.08492758146008017
0x7b53b9154067313e3a4e9279fd1948b5973ba96fb718385c209b33932f9ca715,1782114900000,2026-06-22T07:55:00Z,1782115140000,2026-06-22T07:59:00Z,240,Up,1,calendar_ridge_logistic-l2-10,0.5001946723519771,0.6927579116309726,0.2498053655453475,lgbm-depth2-leaves3,0.5990006639862522,0.512492572376063,0.16080046748346663,0.1802653392549095
0x5c71a07db24b75851f8f627bd1934f80763fb1a5bb67a4c6746e132260379841,1782115200000,2026-06-22T08:00:00Z,1782115230000,2026-06-22T08:00:30Z,30,Down,0,calendar_ridge_logistic-l2-10,0.5002152806777852,0.6935778346336711,0.2502153270235554,lgbm-depth2-leaves3,0.5968680489644876,0.9084913487019665,0.356251467874674,-0.2149135140682954
0x5c71a07db24b75851f8f627bd1934f80763fb1a5bb67a4c6746e132260379841,1782115200000,2026-06-22T08:00:00Z,1782115260000,2026-06-22T08:01:00Z,60,Down,0,calendar_ridge_logistic-l2-10,0.5002220921652539,0.6935914635695352,0.2502221414901838,lgbm-depth2-leaves3,0.23100704094317465,0.26267346549132814,0.05336425296532157,0.430917998078207
0x5c71a07db24b75851f8f627bd1934f80763fb1a5bb67a4c6746e132260379841,1782115200000,2026-06-22T08:00:00Z,1782115290000,2026-06-22T08:01:30Z,90,Down,0,calendar_ridge_logistic-l2-10,0.50022886066669,0.6936050066797115,0.2502289130438948,lgbm-depth2-leaves3,0.3480783767798538,0.42783093406631123,0.12115855638169788,0.26577407261340025
0x5c71a07db24b75851f8f627bd1934f80763fb1a5bb67a4c6746e132260379841,1782115200000,2026-06-22T08:00:00Z,1782115320000,2026-06-22T08:02:00Z,120,Down,0,calendar_ridge_logistic-l2-10,0.5002355869792017,0.6936184655556782,0.25023564248042646,lgbm-depth2-leaves3,0.432564084282837,0.5666274598493657,0.1871116870114493,0.1269910057063125
0x5c71a07db24b75851f8f627bd1934f80763fb1a5bb67a4c6746e132260379841,1782115200000,2026-06-22T08:00:00Z,1782115350000,2026-06-22T08:02:30Z,150,Down,0,calendar_ridge_logistic-l2-10,0.5002422699376701,0.6936318378626646,0.25024232863239276,lgbm-depth2-leaves3,0.5062838536937225,0.7057945295604366,0.2563233405109666,-0.012162691697772066
0x5c71a07db24b75851f8f627bd1934f80763fb1a5bb67a4c6746e132260379841,1782115200000,2026-06-22T08:00:00Z,1782115380000,2026-06-22T08:03:00Z,180,Down,0,calendar_ridge_logistic-l2-10,0.5002489107072156,0.6936451259285965,0.25024897266375573,lgbm-depth2-leaves3,0.432564084282837,0.5666274598493657,0.1871116870114493,0.12701766607923082
0x5c71a07db24b75851f8f627bd1934f80763fb1a5bb67a4c6746e132260379841,1782115200000,2026-06-22T08:00:00Z,1782115410000,2026-06-22T08:03:30Z,210,Down,0,calendar_ridge_logistic-l2-10,0.5002555080616108,0.6936583272964049,0.2502555733459803,lgbm-depth2-leaves3,0.4631781316160336,0.6220889557342463,0.21453398160731976,0.07156937156215859
0x5c71a07db24b75851f8f627bd1934f80763fb1a5bb67a4c6746e132260379841,1782115200000,2026-06-22T08:00:00Z,1782115440000,2026-06-22T08:04:00Z,240,Down,0,calendar_ridge_logistic-l2-10,0.5002620632270852,0.6936714444163986,0.2502621319042202,lgbm-depth2-leaves3,0.5767635236551651,0.8598242104112389,0.33265616221912225,-0.1661527659948403
0x52796d79d8d230a57386a2c077c19291fba412d4a29444f0c3cd2b0614c26be0,1782115500000,2026-06-22T08:05:00Z,1782115530000,2026-06-22T08:05:30Z,30,Up,1,calendar_ridge_logistic-l2-10,0.5002813899116733,0.6925845590377739,0.24971868926860913,lgbm-depth2-leaves3,0.2556288246401417,1.3640287903795745,0.5540884467066169,-0.6714442313418005
0x52796d79d8d230a57386a2c077c19291fba412d4a29444f0c3cd2b0614c26be0,1782115500000,2026-06-22T08:05:00Z,1782115560000,2026-06-22T08:06:00Z,60,Up,1,calendar_ridge_logistic-l2-10,0.5002877730107812,0.6925718001014713,0.24971230980252454,lgbm-depth2-leaves3,0.49630397747651095,0.7005666821623209,0.25370968310598313,-0.007994882060849529
0x52796d79d8d230a57386a2c077c19291fba412d4a29444f0c3cd2b0614c26be0,1782115500000,2026-06-22T08:05:00Z,1782115590000,2026-06-22T08:06:30Z,90,Up,1,calendar_ridge_logistic-l2-10,0.5002941138598649,0.692559125778326,0.24970597264309768,lgbm-depth2-leaves3,0.5655864230938841,0.569892169118783,0.1887151558003659,0.12266695665954297
0x52796d79d8d230a57386a2c077c19291fba412d4a29444f0c3cd2b0614c26be0,1782115500000,2026-06-22T08:05:00Z,1782115620000,2026-06-22T08:07:00Z,120,Up,1,calendar_ridge_logistic-l2-10,0.5003004112937959,0.6925465383939805,0.24969967895314957,lgbm-depth2-leaves3,0.49063113459530105,0.7120626868898993,0.25945664104367033,-0.01951614849591876
0x52796d79d8d230a57386a2c077c19291fba412d4a29444f0c3cd2b0614c26be0,1782115500000,2026-06-22T08:05:00Z,1782115650000,2026-06-22T08:07:30Z,150,Up,1,calendar_ridge_logistic-l2-10,0.5003066652514786,0.69253403806727,0.24969342879209785,lgbm-depth2-leaves3,0.6805001077522427,0.3849272985478769,0.10208018114632854,0.3076067395193931
0x52796d79d8d230a57386a2c077c19291fba412d4a29444f0c3cd2b0614c26be0,1782115500000,2026-06-22T08:05:00Z,1782115680000,2026-06-22T08:08:00Z,180,Up,1,calendar_ridge_logistic-l2-10,0.5003128769591346,0.6925216223440225,0.24968722093285695,lgbm-depth2-leaves3,0.7889268629375409,0.23708165832944583,0.04455186918938765,0.45543996401457665
0x52796d79d8d230a57386a2c077c19291fba412d4a29444f0c3cd2b0614c26be0,1782115500000,2026-06-22T08:05:00Z,1782115710000,2026-06-22T08:08:30Z,210,Up,1,calendar_ridge_logistic-l2-10,0.5003190451905377,0.692509293671977,0.2496810565992959,lgbm-depth2-leaves3,0.4961258252594782,0.7009257044699042,0.25388918397044186,-0.00841641079792721
0x52796d79d8d230a57386a2c077c19291fba412d4a29444f0c3cd2b0614c26be0,1782115500000,2026-06-22T08:05:00Z,1782115740000,2026-06-22T08:09:00Z,240,Up,1,calendar_ridge_logistic-l2-10,0.5003251703748012,0.6924970511902473,0.24967493536097146,lgbm-depth2-leaves3,0.4991223401407609,0.6949040426572568,0.2508784301460676,-0.0024069914670095116
0x384a6210349567d10465fef2bd52c05d45fc709f6aa884bef07d1f90c57affd5,1782115800000,2026-06-22T08:10:00Z,1782115830000,2026-06-22T08:10:30Z,30,Up,1,calendar_ridge_logistic-l2-10,0.500343205829847,0.6924610043729865,0.2496569119603946,lgbm-depth2-leaves3,0.5465500295650842,0.6041294301482784,0.20561687568742595,0.08833157422470816
0x384a6210349567d10465fef2bd52c05d45fc709f6aa884bef07d1f90c57affd5,1782115800000,2026-06-22T08:10:00Z,1782115860000,2026-06-22T08:11:00Z,60,Up,1,calendar_ridge_logistic-l2-10,0.5003491586422416,0.6924491069855256,0.24965096326951583,lgbm-depth2-leaves3,0.4257728992381334,0.8538491752412647,0.329736763249379,-0.16140006825573905
0x384a6210349567d10465fef2bd52c05d45fc709f6aa884bef07d1f90c57affd5,1782115800000,2026-06-22T08:10:00Z,1782115890000,2026-06-22T08:11:30Z,90,Up,1,calendar_ridge_logistic-l2-10,0.5003550679172893,0.6924372967525098,0.24964505815593654,lgbm-depth2-leaves3,0.4650403194905545,0.7656311685719148,0.28618185977076793,-0.07319387181940507
0x384a6210349567d10465fef2bd52c05d45fc709f6aa884bef07d1f90c57affd5,1782115800000,2026-06-22T08:10:00Z,1782115920000,2026-06-22T08:12:00Z,120,Up,1,calendar_ridge_logistic-l2-10,0.5003609337160865,0.6924255735487485,0.24963919655706093,lgbm-depth2-leaves3,0.3261965973934474,1.1202550198936265,0.454011025364168,-0.4278294463448781
0x384a6210349567d10465fef2bd52c05d45fc709f6aa884bef07d1f90c57affd5,1782115800000,2026-06-22T08:10:00Z,1782115950000,2026-06-22T08:12:30Z,150,Up,1,calendar_ridge_logistic-l2-10,0.5003667563455454,0.6924139367578076,0.2496333781646716,lgbm-depth2-leaves3,0.4684199027485269,0.758390157237875,0.2825773997938855,-0.06597622048006735
0x384a6210349567d10465fef2bd52c05d45fc709f6aa884bef07d1f90c57affd5,1782115800000,2026-06-22T08:10:00Z,1782115980000,2026-06-22T08:13:00Z,180,Up,1,calendar_ridge_logistic-l2-10,0.5003725354987572,0.6924023869900331,0.24962760328394068,lgbm-depth2-leaves3,0.5744458461678656,0.554349448681375,0.18109633784378387,0.13805293830865806
0x384a6210349567d10465fef2bd52c05d45fc709f6aa884bef07d1f90c57affd5,1782115800000,2026-06-22T08:10:00Z,1782116010000,2026-06-22T08:13:30Z,210,Up,1,calendar_ridge_logistic-l2-10,0.500378271482627,0.6923909236290646,0.24962187160668753,lgbm-depth2-leaves3,0.4906311796130338,0.7120625951351623,0.25945659518240943,-0.01967167150609772
0x384a6210349567d10465fef2bd52c05d45fc709f6aa884bef07d1f90c57affd5,1782115800000,2026-06-22T08:10:00Z,1782116040000,2026-06-22T08:14:00Z,240,Up,1,calendar_ridge_logistic-l2-10,0.5003839642971613,0.6923795466719198,0.24961618313142023,lgbm-depth2-leaves3,0.4735860049823693,0.7474217461395649,0.2771116941504222,-0.0550421994676451
0x6bb84d524bb9f58f9226476dc61557ea010a6d1891b97c4ae1dca8e64e908bc1,1782116100000,2026-06-22T08:15:00Z,1782116130000,2026-06-22T08:15:30Z,30,Down,0,calendar_ridge_logistic-l2-10,0.5004006999462179,0.6939489017449424,0.2504008605066648,lgbm-depth2-leaves3,0.7486054383197229,1.380731615198882,0.5604101022818645,-0.6867827134539396
0x6bb84d524bb9f58f9226476dc61557ea010a6d1891b97c4ae1dca8e64e908bc1,1782116100000,2026-06-22T08:15:00Z,1782116160000,2026-06-22T08:16:00Z,60,Down,0,calendar_ridge_logistic-l2-10,0.5004062185502749,0.693959947866376,0.2504063835637855,lgbm-depth2-leaves3,0.4655371942950054,0.626493138019725,0.2167248792720656,0.0674668098466511
0x6bb84d524bb9f58f9226476dc61557ea010a6d1891b97c4ae1dca8e64e908bc1,1782116100000,2026-06-22T08:15:00Z,1782116190000,2026-06-22T08:16:30Z,90,Down,0,calendar_ridge_logistic-l2-10,0.5004116939238996,0.6939709075777102,0.2504118634157866,lgbm-depth2-leaves3,0.3891959476846392,0.49297907122063545,0.15147348569414443,0.20099183635707474
0x6bb84d524bb9f58f9226476dc61557ea010a6d1891b97c4ae1dca8e64e908bc1,1782116100000,2026-06-22T08:15:00Z,1782116220000,2026-06-22T08:17:00Z,120,Down,0,calendar_ridge_logistic-l2-10,0.5004171257601814,0.6939817802617684,0.25041729975408117,lgbm-depth2-leaves3,0.2721890787918151,0.31771398813460094,0.07408689461353692,0.37626779212716743
0x6bb84d524bb9f58f9226476dc61557ea010a6d1891b97c4ae1dca8e64e908bc1,1782116100000,2026-06-22T08:15:00Z,1782116250000,2026-06-22T08:17:30Z,150,Down,0,calendar_ridge_logistic-l2-10,0.5004225135689165,0.6939925649344743,0.2504226920866325,lgbm-depth2-leaves3,0.37070348811062903,0.4631527313068625,0.13742107609738727,0.23083983362761173
0x6bb84d524bb9f58f9226476dc61557ea010a6d1891b97c4ae1dca8e64e908bc1,1782116100000,2026-06-22T08:15:00Z,1782116280000,2026-06-22T08:18:00Z,180,Down,0,calendar_ridge_logistic-l2-10,0.5004278582083216,0.6940032633108818,0.250428041270968,lgbm-depth2-leaves3,0.3926500292355987,0.49865009597218624,0.15417404545871652,0.19535316733869557
0x6bb84d524bb9f58f9226476dc61557ea010a6d1891b97c4ae1dca8e64e908bc1,1782116100000,2026-06-22T08:15:00Z,1782116310000,2026-06-22T08:18:30Z,210,Down,0,calendar_ridge_logistic-l2-10,0.500433158820178,0.6940138736702949,0.25043334644674153,lgbm-depth2-leaves3,0.5076356647677418,0.7085363177738132,0.25769396814418716,-0.014522444103518328
0x6bb84d524bb9f58f9226476dc61557ea010a6d1891b97c4ae1dca8e64e908bc1,1782116100000,2026-06-22T08:15:00Z,1782116340000,2026-06-22T08:19:00Z,240,Down,0,calendar_ridge_logistic-l2-10,0.5004384162016084,0.6940243976055549,0.2504386084103743,lgbm-depth2-leaves3,0.4558705630616759,0.6085681248799778,0.2078179702661694,0.0854562727255771
0x4ebdc63660338d618d05d38c2ba6e92a8102903fb9fa8c2a4266b613ad250df0,1782116400000,2026-06-22T08:20:00Z,1782116430000,2026-06-22T08:20:30Z,30,Up,1,calendar_ridge_logistic-l2-10,0.5004538446335193,0.6922399029936974,0.2495463613414321,lgbm-depth2-leaves3,0.7577300610500998,0.2774280767522222,0.05869472331878839,0.4148118262414752
0x4ebdc63660338d618d05d38c2ba6e92a8102903fb9fa8c2a4266b613ad250df0,1782116400000,2026-06-22T08:20:00Z,1782116460000,2026-06-22T08:21:00Z,60,Up,1,calendar_ridge_logistic-l2-10,0.5004589270699058,0.6922297473906713,0.2495412835441497,lgbm-depth2-leaves3,0.7475738661253541,0.29092216104042673,0.06371895306290062,0.4013075863502446
0x4ebdc63660338d618d05d38c2ba6e92a8102903fb9fa8c2a4266b613ad250df0,1782116400000,2026-06-22T08:20:00Z,1782116490000,2026-06-22T08:21:30Z,90,Up,1,calendar_ridge_logistic-l2-10,0.5004639650496493,0.6922196807216338,0.249536250213918,lgbm-depth2-leaves3,0.5938855697025998,0.5210686217759705,0.16492893049578197,0.1711510589456633
0x4ebdc63660338d618d05d38c2ba6e92a8102903fb9fa8c2a4266b613ad250df0,1782116400000,2026-06-22T08:20:00Z,1782116520000,2026-06-22T08:22:00Z,120,Up,1,calendar_ridge_logistic-l2-10,0.5004689601669757,0.6922096997984358,0.2495312597566625,lgbm-depth2-leaves3,0.4130773695309082,0.8841203681402662,0.344478174156758,-0.19191066834183035
0x4ebdc63660338d618d05d38c2ba6e92a8102903fb9fa8c2a4266b613ad250df0,1782116400000,2026-06-22T08:20:00Z,1782116550000,2026-06-22T08:22:30Z,150,Up,1,calendar_ridge_logistic-l2-10,0.5004739108276622,0.6921998078039374,0.24952631376381035,lgbm-depth2-leaves3,0.49493360865686764,0.7033316493343847,0.25509205966437415,-0.011131841530447328
0x4ebdc63660338d618d05d38c2ba6e92a8102903fb9fa8c2a4266b613ad250df0,1782116400000,2026-06-22T08:20:00Z,1782116580000,2026-06-22T08:23:00Z,180,Up,1,calendar_ridge_logistic-l2-10,0.5004788181968293,0.6921900024074891,0.24952141107003634,lgbm-depth2-leaves3,0.3208562906990186,1.1367619486227623,0.46123617788309584,-0.4445719462152732
0x4ebdc63660338d618d05d38c2ba6e92a8102903fb9fa8c2a4266b613ad250df0,1782116400000,2026-06-22T08:20:00Z,1782116610000,2026-06-22T08:23:30Z,210,Up,1,calendar_ridge_logistic-l2-10,0.5004836814773614,0.6921802851992344,0.2495165524704101,lgbm-depth2-leaves3,0.25576180624115535,1.3635087120051157,0.5538904890494276,-0.6713284268058813
0x4ebdc63660338d618d05d38c2ba6e92a8102903fb9fa8c2a4266b613ad250df0,1782116400000,2026-06-22T08:20:00Z,1782116640000,2026-06-22T08:24:00Z,240,Up,1,calendar_ridge_logistic-l2-10,0.5004885006692654,0.6921706561765902,0.24951173796363846,lgbm-depth2-leaves3,0.45240085931753304,0.7931866352779327,0.2998648188761762,-0.10101597910134241
0x5183f253093b5b6eeb4147f076fdeddf8a02ddc4589a52d63c4c1823b1497cb0,1782116700000,2026-06-22T08:25:00Z,1782116730000,2026-06-22T08:25:30Z,30,Down,0,calendar_ridge_logistic-l2-10,0.5005026141049971,0.694152914350661,0.25050286672593564,lgbm-depth2-leaves3,0.4055408280782706,0.5201032415397716,0.1644633632384094,0.17404967281088934
0x5183f253093b5b6eeb4147f076fdeddf8a02ddc4589a52d63c4c1823b1497cb0,1782116700000,2026-06-22T08:25:00Z,1782116760000,2026-06-22T08:26:00Z,60,Down,0,calendar_ridge_logistic-l2-10,0.5005072572492987,0.6941622100267012,0.25050751455921566,lgbm-depth2-leaves3,0.38861347919429895,0.4920259162098734,0.15102043621149783,0.2021362938168278
0x5183f253093b5b6eeb4147f076fdeddf8a02ddc4589a52d63c4c1823b1497cb0,1782116700000,2026-06-22T08:25:00Z,1782116790000,2026-06-22T08:26:30Z,90,Down,0,calendar_ridge_logistic-l2-10,0.5005118571020958,0.694171419117412,0.25051211909978877,lgbm-depth2-leaves3,0.3944265700806816,0.5015794517987365,0.15557231918561085,0.19259196731867545
0x5183f253093b5b6eeb4147f076fdeddf8a02ddc4589a52d63c4c1823b1497cb0,1782116700000,2026-06-22T08:25:00Z,1782116820000,2026-06-22T08:27:00Z,120,Down,0,calendar_ridge_logistic-l2-10,0.50051641237606,0.6941805390430817,0.25051667905780217,lgbm-depth2-leaves3,0.3984841464889063,0.5083023872878111,0.15878961500299213,0.18587815175527067
0x5183f253093b5b6eeb4147f076fdeddf8a02ddc4589a52d63c4c1823b1497cb0,1782116700000,2026-06-22T08:25:00Z,1782116850000,2026-06-22T08:27:30Z,150,Down,0,calendar_ridge_logistic-l2-10,0.5005209239294144,0.6941895715195062,0.25052119529115463,lgbm-depth2-leaves3,0.45711663776372213,0.6108607846330241,0.20895562052040995,0.08332878688648215
0x5183f253093b5b6eeb4147f076fdeddf8a02ddc4589a52d63c4c1823b1497cb0,1782116700000,2026-06-22T08:25:00Z,1782116880000,2026-06-22T08:28:00Z,180,Down,0,calendar_ridge_logistic-l2-10,0.5005253913330511,0.6941985156851967,0.2505256673691039,lgbm-depth2-leaves3,0.40374760326181286,0.5170912171009779,0.16301212713965824,0.1771072985842188
0x5183f253093b5b6eeb4147f076fdeddf8a02ddc4589a52d63c4c1823b1497cb0,1782116700000,2026-06-22T08:25:00Z,1782116910000,2026-06-22T08:28:30Z,210,Down,0,calendar_ridge_logistic-l2-10,0.5005298145258678,0.6942073714154486,0.2505300952292996,lgbm-depth2-leaves3,0.26058567897267954,0.30189686422340556,0.0679048960856524,0.3923105071920431
0x5183f253093b5b6eeb4147f076fdeddf8a02ddc4589a52d63c4c1823b1497cb0,1782116700000,2026-06-22T08:25:00Z,1782116940000,2026-06-22T08:29:00Z,240,Down,0,calendar_ridge_logistic-l2-10,0.5005341939980806,0.6942161396893927,0.25053447936130824,lgbm-depth2-leaves3,0.3525088476597024,0.4346501498411109,0.12426248767837128,0.2595659898482818
0x19ba3f8e37b8224562957188d7f1daefa0b63fc6a718fe2a8d05032e18fb5c1a,1782117000000,2026-06-22T08:30:00Z,1782117030000,2026-06-22T08:30:30Z,30,Down,0,calendar_ridge_logistic-l2-10,0.5005469853947072,0.6942417501721734,0.25054728458772924,lgbm-depth2-leaves3,0.4493401071085919,0.5966379146896402,0.20190653185636084,0.09760383548253315
0x19ba3f8e37b8224562957188d7f1daefa0b63fc6a718fe2a8d05032e18fb5c1a,1782117000000,2026-06-22T08:30:00Z,1782117060000,2026-06-22T08:31:00Z,60,Down,0,calendar_ridge_logistic-l2-10,0.5005511881458773,0.694250164915362,0.2505514919542495,lgbm-depth2-leaves3,0.3947731066166382,0.5021518608718913,0.1558458057077516,0.1920983040434706
0x19ba3f8e37b8224562957188d7f1daefa0b63fc6a718fe2a8d05032e18fb5c1a,1782117000000,2026-06-22T08:30:00Z,1782117090000,2026-06-22T08:31:30Z,90,Down,0,calendar_ridge_logistic-l2-10,0.5005553462571364,0.6942584903502603,0.2505556546666017,lgbm-depth2-leaves3,0.6210957452464674,0.9704717317951539,0.3857599247632647,-0.27621324144489356
0x19ba3f8e37b8224562957188d7f1daefa0b63fc6a718fe2a8d05032e18fb5c1a,1782117000000,2026-06-22T08:30:00Z,1782117120000,2026-06-22T08:32:00Z,120,Down,0,calendar_ridge_logistic-l2-10,0.500559460586696,0.694266728192983,0.25055977358284404,lgbm-depth2-leaves3,0.6755120444052661,1.125506860338136,0.45631652213658225,-0.431240132145153
0x19ba3f8e37b8224562957188d7f1daefa0b63fc6a718fe2a8d05032e18fb5c1a,1782117000000,2026-06-22T08:30:00Z,1782117150000,2026-06-22T08:32:30Z,150,Down,0,calendar_ridge_logistic-l2-10,0.5005635302763477,0.6942748767230112,0.25056384784272007,lgbm-depth2-leaves3,0.7537183667610495,1.4012795473265933,0.5680913763929439,-0.7070046706035821
0x19ba3f8e37b8224562957188d7f1daefa0b63fc6a718fe2a8d05032e18fb5c1a,1782117000000,2026-06-22T08:30:00Z,1782117180000,2026-06-22T08:33:00Z,180,Down,0,calendar_ridge_logistic-l2-10,0.500567555755199,0.6942829367973513,0.2505678778747342,lgbm-depth2-leaves3,0.5746233441448618,0.8547802534736377,0.3301919876362243,-0.16049731667628642
0x19ba3f8e37b8224562957188d7f1daefa0b63fc6a718fe2a8d05032e18fb5c1a,1782117000000,2026-06-22T08:30:00Z,1782117210000,2026-06-22T08:33:30Z,210,Down,0,calendar_ridge_logistic-l2-10,0.5005715370232496,0.6942909084138635,0.2505718636778186,lgbm-depth2-leaves3,0.37753301480089063,0.47406468787444733,0.1425311772646495,0.2202262205394162
0x19ba3f8e37b8224562957188d7f1daefa0b63fc6a718fe2a8d05032e18fb5c1a,1782117000000,2026-06-22T08:30:00Z,1782117240000,2026-06-22T08:34:00Z,240,Down,0,calendar_ridge_logistic-l2-10,0.500575474019406,0.6942987914481037,0.2505758051897531,lgbm-depth2-leaves3,0.5212370720336549,0.7365497352668164,0.27168808526221755,-0.04225094381871275
0xe2e7d3eef7422d5301db1bf8cea68404f7638fd2e139b1d78e6e8ac15630da39,1782117300000,2026-06-22T08:35:00Z,1782117330000,2026-06-22T08:35:30Z,30,Down,0,calendar_ridge_logistic-l2-10,0.5005869375602863,0.6943217452115856,0.25058728205598596,lgbm-depth2-leaves3,0.2605614478659361,0.30186409408489434,0.06789226811399293,0.3924576511266913
0xe2e7d3eef7422d5301db1bf8cea68404f7638fd2e139b1d78e6e8ac15630da39,1782117300000,2026-06-22T08:35:00Z,1782117360000,2026-06-22T08:36:00Z,60,Down,0,calendar_ridge_logistic-l2-10,0.5005906971008643,0.6943292731579123,0.25059104602392934,lgbm-depth2-leaves3,0.35733421798435033,0.4421304690123687,0.1276877433424872,0.2521988041455436
0xe2e7d3eef7422d5301db1bf8cea68404f7638fd2e139b1d78e6e8ac15630da39,1782117300000,2026-06-22T08:35:00Z,1782117390000,2026-06-22T08:36:30Z,90,Down,0,calendar_ridge_logistic-l2-10,0.5005944120015511,0.6943367117748585,0.25059476532717867,lgbm-depth2-leaves3,0.2524756069376539,0.29098834139040985,0.06374393209853672,0.4033483703844486
0xe2e7d3eef7422d5301db1bf8cea68404f7638fd2e139b1d78e6e8ac15630da39,1782117300000,2026-06-22T08:35:00Z,1782117420000,2026-06-22T08:37:00Z,120,Down,0,calendar_ridge_logistic-l2-10,0.5005980829983561,0.6943440625342122,0.250598440701629,lgbm-depth2-leaves3,0.31473236744777894,0.37794581256922594,0.09905646311928373,0.3163982499649863
0xe2e7d3eef7422d5301db1bf8cea68404f7638fd2e139b1d78e6e8ac15630da39,1782117300000,2026-06-22T08:35:00Z,1782117450000,2026-06-22T08:37:30Z,150,Down,0,calendar_ridge_logistic-l2-10,0.5006017089261651,0.6943513231009997,0.2506020709797969,lgbm-depth2-leaves3,0.31709009976217717,0.38139234577382836,0.10054613136718747,0.3129589773271713
0xe2e7d3eef7422d5301db1bf8cea68404f7638fd2e139b1d78e6e8ac15630da39,1782117300000,2026-06-22T08:35:00Z,1782117480000,2026-06-22T08:38:00Z,180,Down,0,calendar_ridge_logistic-l2-10,0.5006052909500992,0.6943584958063224,0.2506056573272335,lgbm-depth2-leaves3,0.4772723338791301,0.6486946654103392,0.22778888068643183,0.04566383039598321
0xe2e7d3eef7422d5301db1bf8cea68404f7638fd2e139b1d78e6e8ac15630da39,1782117300000,2026-06-22T08:35:00Z,1782117510000,2026-06-22T08:38:30Z,210,Down,0,calendar_ridge_logistic-l2-10,0.5006088282119432,0.6943655789297664,0.25060919888373484,lgbm-depth2-leaves3,0.515773409404863,0.7252023194326775,0.26602220984911645,-0.030836740502911186
0xe2e7d3eef7422d5301db1bf8cea68404f7638fd2e139b1d78e6e8ac15630da39,1782117300000,2026-06-22T08:35:00Z,1782117540000,2026-06-22T08:39:00Z,240,Down,0,calendar_ridge_logistic-l2-10,0.5006123208339054,0.6943725727141439,0.25061269577070905,lgbm-depth2-leaves3,0.4294861838057801,0.5612178922796133,0.1844583820800523,0.1331546804345306
0x34601392798399224232c4277e3889741684bd688d4017d625c29126a909e5b3,1782117600000,2026-06-22T08:40:00Z,1782117630000,2026-06-22T08:40:30Z,30,Up,1,calendar_ridge_logistic-l2-10,0.500622451499543,0.6919030518100877,0.2493779359463263,lgbm-depth2-leaves3,0.7381037915772174,0.30367082527688116,0.06858962398622959,0.38823222653320655
0x34601392798399224232c4277e3889741684bd688d4017d625c29126a909e5b3,1782117600000,2026-06-22T08:40:00Z,1782117660000,2026-06-22T08:41:00Z,60,Up,1,calendar_ridge_logistic-l2-10,0.5006257663605018,0.6918964303531908,0.2493746252230361,lgbm-depth2-leaves3,0.7011925161346625,0.35497279893174216,0.08928591241393394,0.33692363142144865
0x34601392798399224232c4277e3889741684bd688d4017d625c29126a909e5b3,1782117600000,2026-06-22T08:40:00Z,1782117690000,2026-06-22T08:41:30Z,90,Up,1,calendar_ridge_logistic-l2-10,0.5006290364593873,0.6918898983517936,0.24937135922747997,lgbm-depth2-leaves3,0.7918448752821184,0.2333897708944555,0.04332855594631683,0.4585001274573381
0x34601392798399224232c4277e3889741684bd688d4017d625c29126a909e5b3,1782117600000,2026-06-22T08:40:00Z,1782117720000,2026-06-22T08:42:00Z,120,Up,1,calendar_ridge_logistic-l2-10,0.5006322617961949,0.6918834558041524,0.24936813795878401,lgbm-depth2-leaves3,0.5620121581380029,0.576231795624937,0.1918333496189298,0.11565166017921547
0x34601392798399224232c4277e3889741684bd688d4017d625c29126a909e5b3,1782117600000,2026-06-22T08:40:00Z,1782117750000,2026-06-22T08:42:30Z,150,Up,1,calendar_ridge_logistic-l2-10,0.5006354431680475,0.6918771011163165,0.2493649606199723,lgbm-depth2-leaves3,0.7093666508524009,0.343382748105121,0.08446774363675023,0.3484943530111955
0x34601392798399224232c4277e3889741684bd688d4017d625c29126a909e5b3,1782117600000,2026-06-22T08:40:00Z,1782117780000,2026-06-22T08:43:00Z,180,Up,1,calendar_ridge_logistic-l2-10,0.5006385789807145,0.6918708374710054,0.2493618288024001,lgbm-depth2-leaves3,0.566181877887599,0.5688399133732541,0.18819816307313006,0.12303092409775129
0x34601392798399224232c4277e3889741684bd688d4017d625c29126a909e5b3,1782117600000,2026-06-22T08:40:00Z,1782117810000,2026-06-22T08:43:30Z,210,Up,1,calendar_ridge_logistic-l2-10,0.5006416711964323,0.6918646609470656,0.249358740545492,lgbm-depth2-leaves3,0.6185159100139213,0.4804323639332747,0.14553011091250662,0.21143229701379085
0x34601392798399224232c4277e3889741684bd688d4017d625c29126a909e5b3,1782117600000,2026-06-22T08:40:00Z,1782117840000,2026-06-22T08:44:00Z,240,Up,1,calendar_ridge_logistic-l2-10,0.5006447182209784,0.6918585747272221,0.249355697440606,lgbm-depth2-leaves3,0.6938653908271546,0.3654772986324244,0.0937183989334108,0.3263812760947977
0xe06038edc7d6ad744181fce7a10eec69c76d3921a3eda967ab2df4bbc671b50b,1782117900000,2026-06-22T08:45:00Z,1782117930000,2026-06-22T08:45:30Z,30,Down,0,calendar_ridge_logistic-l2-10,0.5006535101947648,0.6944550558456165,0.25065393727033947,lgbm-depth2-leaves3,0.6686798647656113,1.104670195083653,0.44713276154295617,-0.41021513923803654
0xe06038edc7d6ad744181fce7a10eec69c76d3921a3eda967ab2df4bbc671b50b,1782117900000,2026-06-22T08:45:00Z,1782117960000,2026-06-22T08:46:00Z,60,Down,0,calendar_ridge_logistic-l2-10,0.5006563787848741,0.6944608005507612,0.25065680961798337,lgbm-depth2-leaves3,0.6214409129530711,0.9713831098419777,0.3861888082919465,-0.27692230929121653
0xe06038edc7d6ad744181fce7a10eec69c76d3921a3eda967ab2df4bbc671b50b,1782117900000,2026-06-22T08:45:00Z,1782117990000,2026-06-22T08:46:30Z,90,Down,0,calendar_ridge_logistic-l2-10,0.500659202551828,0.6944664555242466,0.2506596370998324,lgbm-depth2-leaves3,0.38750139405956524,0.4902086125814618,0.15015733039810647,0.20425784294278476
0xe06038edc7d6ad744181fce7a10eec69c76d3921a3eda967ab2df4bbc671b50b,1782117900000,2026-06-22T08:45:00Z,1782118020000,2026-06-22T08:47:00Z,120,Down,0,calendar_ridge_logistic-l2-10,0.5006619814956225,0.6944720207645422,0.250662419715123,lgbm-depth2-leaves3,0.24440784948249025,0.2802535318186025,0.05973519688865561,0.41421848894593966
0xe06038edc7d6ad744181fce7a10eec69c76d3921a3eda967ab2df4bbc671b50b,1782117900000,2026-06-22T08:45:00Z,1782118050000,2026-06-22T08:47:30Z,150,Down,0,calendar_ridge_logistic-l2-10,0.5006647151871584,0.694477495410809,0.25066515703343845,lgbm-depth2-leaves3,0.2329592168225614,0.2652153066980507,0.054269996702581175,0.42926218871275834
0xe06038edc7d6ad744181fce7a10eec69c76d3921a3eda967ab2df4bbc671b50b,1782117900000,2026-06-22T08:45:00Z,1782118080000,2026-06-22T08:48:00Z,180,Down,0,calendar_ridge_logistic-l2-10,0.5006674048526552,0.6944828819172758,0.2506678502818925,lgbm-depth2-leaves3,0.2457826380623843,0.282074674086573,0.060409105172904994,0.4124082078307028
0xe06038edc7d6ad744181fce7a10eec69c76d3921a3eda967ab2df4bbc671b50b,1782117900000,2026-06-22T08:45:00Z,1782118110000,2026-06-22T08:48:30Z,210,Down,0,calendar_ridge_logistic-l2-10,0.5006700496338983,0.6944881785637858,0.2506704986004102,lgbm-depth2-leaves3,0.370422954119515,0.46270704080200387,0.1372131649386283,0.23178113776178189
0xe06038edc7d6ad744181fce7a10eec69c76d3921a3eda967ab2df4bbc671b50b,1782117900000,2026-06-22T08:45:00Z,1782118140000,2026-06-22T08:49:00Z,240,Down,0,calendar_ridge_logistic-l2-10,0.5006726491628885,0.6944933846119207,0.2506731016197848,lgbm-depth2-leaves3,0.580911967824986,0.8696742804716933,0.3374587143622976,-0.1751808958597726
0x91aa71208dce1c8c310b9e61b79bdc43ef91c2cba547ff900b8ffeffefdc18bf,1782118200000,2026-06-22T08:50:00Z,1782118230000,2026-06-22T08:50:30Z,30,Down,0,calendar_ridge_logistic-l2-10,0.5006800993264409,0.6945083051227242,0.2506805618615347,lgbm-depth2-leaves3,0.49871849942963703,0.6905874583053122,0.24872014167334888,0.003920846817412005
0x91aa71208dce1c8c310b9e61b79bdc43ef91c2cba547ff900b8ffeffefdc18bf,1782118200000,2026-06-22T08:50:00Z,1782118260000,2026-06-22T08:51:00Z,60,Down,0,calendar_ridge_logistic-l2-10,0.500682519747555,0.6945131525701768,0.25068298558076074,lgbm-depth2-leaves3,0.4141124122580043,0.5346273375986286,0.17148908998614334,0.1598858149715482
0x91aa71208dce1c8c310b9e61b79bdc43ef91c2cba547ff900b8ffeffefdc18bf,1782118200000,2026-06-22T08:50:00Z,1782118290000,2026-06-22T08:51:30Z,90,Down,0,calendar_ridge_logistic-l2-10,0.5006848952233307,0.6945179100271461,0.25068536430479765,lgbm-depth2-leaves3,0.3261965973934474,0.3948168981462811,0.10640422015106282,0.299701011880865
0x91aa71208dce1c8c310b9e61b79bdc43ef91c2cba547ff900b8ffeffefdc18bf,1782118200000,2026-06-22T08:50:00Z,1782118320000,2026-06-22T08:52:00Z,120,Down,0,calendar_ridge_logistic-l2-10,0.500687226611978,0.6945225792111299,0.2506876988923942,lgbm-depth2-leaves3,0.4613278296744719,0.6186481114329208,0.21282336643215854,0.07587446777820916
0x91aa71208dce1c8c310b9e61b79bdc43ef91c2cba547ff900b8ffeffefdc18bf,1782118200000,2026-06-22T08:50:00Z,1782118350000,2026-06-22T08:52:30Z,150,Down,0,calendar_ridge_logistic-l2-10,0.5006895126872823,0.6945271576650762,0.2506899881150283,lgbm-depth2-leaves3,0.48171066692979597,0.6572216346075517,0.23204516663394884,0.03730552305752455
0x91aa71208dce1c8c310b9e61b79bdc43ef91c2cba547ff900b8ffeffefdc18bf,1782118200000,2026-06-22T08:50:00Z,1782118380000,2026-06-22T08:53:00Z,180,Down,0,calendar_ridge_logistic-l2-10,0.5006917538172496,0.6945316461247698,0.2506922323405933,lgbm-depth2-leaves3,0.48179464563287144,0.6573836782808615,0.23212608056050418,0.03714796784390828
0x91aa71208dce1c8c310b9e61b79bdc43ef91c2cba547ff900b8ffeffefdc18bf,1782118200000,2026-06-22T08:50:00Z,1782118410000,2026-06-22T08:53:30Z,210,Down,0,calendar_ridge_logistic-l2-10,0.5006939504309874,0.6945360454484069,0.2506944319981881,lgbm-depth2-leaves3,0.4926684000399596,0.678590445870378,0.24272215239793365,0.01594559957802888
0x91aa71208dce1c8c310b9e61b79bdc43ef91c2cba547ff900b8ffeffefdc18bf,1782118200000,2026-06-22T08:50:00Z,1782118440000,2026-06-22T08:54:00Z,240,Down,0,calendar_ridge_logistic-l2-10,0.500696101670287,0.6945403539160004,0.25069658622782237,lgbm-depth2-leaves3,0.5044419552994626,0.7020707883785573,0.25446168626634497,-0.0075304344625568564
0x002b9e682f7f7dd7d5f1dc5c6006b993eff0a84e32f5a5cef7535aa1edde7916,1782118500000,2026-06-22T08:55:00Z,1782118530000,2026-06-22T08:55:30Z,30,Up,1,calendar_ridge_logistic-l2-10,0.5007022050651443,0.6917437556911974,0.24929828802680923,lgbm-depth2-leaves3,0.5086617697996729,0.6759719827204538,0.2414132564563896,0.015771772970743614
0x002b9e682f7f7dd7d5f1dc5c6006b993eff0a84e32f5a5cef7535aa1edde7916,1782118500000,2026-06-22T08:55:00Z,1782118560000,2026-06-22T08:56:00Z,60,Up,1,calendar_ridge_logistic-l2-10,0.5007041773202371,0.6917398167207106,0.24929631854546125,lgbm-depth2-leaves3,0.6131692887988224,0.489114216737031,0.1496379991284089,0.20262559998367963
0x002b9e682f7f7dd7d5f1dc5c6006b993eff0a84e32f5a5cef7535aa1edde7916,1782118500000,2026-06-22T08:55:00Z,1782118590000,2026-06-22T08:56:30Z,90,Up,1,calendar_ridge_logistic-l2-10,0.5007061037717915,0.6917359692436259,0.24929439481074506,lgbm-depth2-leaves3,0.5157570296456555,0.6621194971757122,0.23449125433759857,0.029616472067913735
0x002b9e682f7f7dd7d5f1dc5c6006b993eff0a84e32f5a5cef7535aa1edde7916,1782118500000,2026-06-22T08:55:00Z,1782118620000,2026-06-22T08:57:00Z,120,Up,1,calendar_ridge_logistic-l2-10,0.5007079856460251,0.69173221080992,0.24929251559764984,lgbm-depth2-leaves3,0.5339899101532896,0.627378335044479,0.21716540383893915,0.06435387576544094
0x002b9e682f7f7dd7d5f1dc5c6006b993eff0a84e32f5a5cef7535aa1edde7916,1782118500000,2026-06-22T08:55:00Z,1782118650000,2026-06-22T08:57:30Z,150,Up,1,calendar_ridge_logistic-l2-10,0.5007098229429444,0.691728541418576,0.24929068090566592,lgbm-depth2-leaves3,0.5607355710583125,0.5785058374183416,0.19295323853346683,0.11322270400023438
0x002b9e682f7f7dd7d5f1dc5c6006b993eff0a84e32f5a5cef7535aa1edde7916,1782118500000,2026-06-22T08:55:00Z,1782118680000,2026-06-22T08:58:00Z,180,Up,1,calendar_ridge_logistic-l2-10,0.5007116148043341,0.6917249627826048,0.2492888915912956,lgbm-depth2-leaves3,0.5514322179183958,0.5952363527950573,0.20121305512160956,0.09648860998754749
0x002b9e682f7f7dd7d5f1dc5c6006b993eff0a84e32f5a5cef7535aa1edde7916,1782118500000,2026-06-22T08:55:00Z,1782118710000,2026-06-22T08:58:30Z,210,Up,1,calendar_ridge_logistic-l2-10,0.5007133620884071,0.6917214731870518,0.24928714679706207,lgbm-depth2-leaves3,0.4810925316899038,0.7316956538021159,0.26926496066799355,-0.03997418061506408
0x002b9e682f7f7dd7d5f1dc5c6006b993eff0a84e32f5a5cef7535aa1edde7916,1782118500000,2026-06-22T08:55:00Z,1782118740000,2026-06-22T08:59:00Z,240,Up,1,calendar_ridge_logistic-l2-10,0.500715063568949,0.6917180750799115,0.24928544774695863,lgbm-depth2-leaves3,0.4500232574940688,0.7984560142331555,0.30247441729743535,-0.10673793915324403
0x74d7e0e06d2b5d882b47889f31b065310d046e98fb3a01d88e532fa99e56e876,1782118800000,2026-06-22T09:00:00Z,1782118830000,2026-06-22T09:00:30Z,30,Up,1,calendar_ridge_logistic-l2-10,0.5007198186708486,0.6917085785025824,0.24928069946807033,lgbm-depth2-leaves3,0.5076356647677418,0.6779912840503572,0.24242263860870353,0.013717294452225137
0x74d7e0e06d2b5d882b47889f31b065310d046e98fb3a01d88e532fa99e56e876,1782118800000,2026-06-22T09:00:00Z,1782118860000,2026-06-22T09:01:00Z,60,Up,1,calendar_ridge_logistic-l2-10,0.5007213403715272,0.6917055394809388,0.24927917996040444,lgbm-depth2-leaves3,0.4029129913123293,0.9090346427965391,0.3565128959435906,-0.2173291033156003
0x74d7e0e06d2b5d882b47889f31b065310d046e98fb3a01d88e532fa99e56e876,1782118800000,2026-06-22T09:00:00Z,1782118890000,2026-06-22T09:01:30Z,90,Up,1,calendar_ridge_logistic-l2-10,0.500722817862909,0.6917025887594839,0.24927770460275397,lgbm-depth2-leaves3,0.4837414364238482,0.7262047372778374,0.26652290446571164,-0.03450214851835354
0x74d7e0e06d2b5d882b47889f31b065310d046e98fb3a01d88e532fa99e56e876,1782118800000,2026-06-22T09:00:00Z,1782118920000,2026-06-22T09:02:00Z,120,Up,1,calendar_ridge_logistic-l2-10,0.5007242494896608,0.6916997296433139,0.2492762750476625,lgbm-depth2-leaves3,0.6229299368182832,0.47332122748473,0.14218183254786387,0.21837850215858395
0x74d7e0e06d2b5d882b47889f31b065310d046e98fb3a01d88e532fa99e56e876,1782118800000,2026-06-22T09:00:00Z,1782118950000,2026-06-22T09:02:30Z,150,Up,1,calendar_ridge_logistic-l2-10,0.5007256364169094,0.6916969598047665,0.24927489013130016,lgbm-depth2-leaves3,0.6018256317346076,0.5077875239108641,0.15854282754354435,0.1839094358939024
0x74d7e0e06d2b5d882b47889f31b065310d046e98fb3a01d88e532fa99e56e876,1782118800000,2026-06-22T09:00:00Z,1782118980000,2026-06-22T09:03:00Z,180,Up,1,calendar_ridge_logistic-l2-10,0.5007269779086402,0.691694280712992,0.24927355058823947,lgbm-depth2-leaves3,0.39330855127821174,0.9331608574003343,0.36807451395214225,-0.24146657668734228
0x74d7e0e06d2b5d882b47889f31b065310d046e98fb3a01d88e532fa99e56e876,1782118800000,2026-06-22T09:00:00Z,1782119010000,2026-06-22T09:03:30Z,210,Up,1,calendar_ridge_logistic-l2-10,0.5007282747008654,0.6916916908973775,0.24927225568317446,lgbm-depth2-leaves3,0.4652354749636173,0.7652116037996419,0.285973097237388,-0.07351991290226445
0x74d7e0e06d2b5d882b47889f31b065310d046e98fb3a01d88e532fa99e56e876,1782118800000,2026-06-22T09:00:00Z,1782119040000,2026-06-22T09:04:00Z,240,Up,1,calendar_ridge_logistic-l2-10,0.5007295267935918,0.6916891903572159,0.24927100541575073,lgbm-depth2-leaves3,0.7711185026389813,0.25991321730857253,0.05238673983422201,0.43177597304864335
0x056b5f48af4d9a9cf07b3dab24335fd0a29e3cc1ce08b0e5d27252dc88ef7392,1782119100000,2026-06-22T09:05:00Z,1782119130000,2026-06-22T09:05:30Z,30,Down,0,calendar_ridge_logistic-l2-10,0.5007329301770548,0.6946141163384202,0.2507334673636992,lgbm-depth2-leaves3,0.6547841695451049,1.0635854620326457,0.42874230868687263,-0.3689713456942255
0x056b5f48af4d9a9cf07b3dab24335fd0a29e3cc1ce08b0e5d27252dc88ef7392,1782119100000,2026-06-22T09:05:00Z,1782119160000,2026-06-22T09:06:00Z,60,Down,0,calendar_ridge_logistic-l2-10,0.5007340018775512,0.6946162628882558,0.2507345406363075,lgbm-depth2-leaves3,0.38861347919429895,0.4920259162098734,0.15102043621149783,0.20259034667838244
0x056b5f48af4d9a9cf07b3dab24335fd0a29e3cc1ce08b0e5d27252dc88ef7392,1782119100000,2026-06-22T09:05:00Z,1782119190000,2026-06-22T09:06:30Z,90,Down,0,calendar_ridge_logistic-l2-10,0.5007350283883449,0.6946183189302312,0.2507355686550766,lgbm-depth2-leaves3,0.24440784948249025,0.2802535318186025,0.05973519688865561,0.41436478711162866
0x056b5f48af4d9a9cf07b3dab24335fd0a29e3cc1ce08b0e5d27252dc88ef7392,1782119100000,2026-06-22T09:05:00Z,1782119220000,2026-06-22T09:07:00Z,120,Down,0,calendar_ridge_logistic-l2-10,0.5007360094025246,0.6946202838490604,0.2507365511123652,lgbm-depth2-leaves3,0.47199085803442764,0.6386416810970313,0.22277537006807524,0.05597860275202904
0x056b5f48af4d9a9cf07b3dab24335fd0a29e3cc1ce08b0e5d27252dc88ef7392,1782119100000,2026-06-22T09:05:00Z,1782119250000,2026-06-22T09:07:30Z,150,Down,0,calendar_ridge_logistic-l2-10,0.50073694565611,0.6946221591184187,0.2507374887450101,lgbm-depth2-leaves3,0.3954548711720249,0.5032789569115459,0.1563845551336828,0.19134320220687284
0x056b5f48af4d9a9cf07b3dab24335fd0a29e3cc1ce08b0e5d27252dc88ef7392,1782119100000,2026-06-22T09:05:00Z,1782119280000,2026-06-22T09:08:00Z,180,Down,0,calendar_ridge_logistic-l2-10,0.5007378367810934,0.6946239440006985,0.25073838118420894,lgbm-depth2-leaves3,0.24179312122457072,0.2767990034332373,0.058463913471519954,0.41782494056746117
0x056b5f48af4d9a9cf07b3dab24335fd0a29e3cc1ce08b0e5d27252dc88ef7392,1782119100000,2026-06-22T09:05:00Z,1782119310000,2026-06-22T09:08:30Z,210,Down,0,calendar_ridge_logistic-l2-10,0.5007386823483648,0.6946256376359261,0.2507392279999766,lgbm-depth2-leaves3,0.3462192100711158,0.4249831673064933,0.1198677414222674,0.2696424703294328
0x056b5f48af4d9a9cf07b3dab24335fd0a29e3cc1ce08b0e5d27252dc88ef7392,1782119100000,2026-06-22T09:05:00Z,1782119340000,2026-06-22T09:09:00Z,240,Down,0,calendar_ridge_logistic-l2-10,0.5007394835230515,0.694627242357344,0.2507400303589324,lgbm-depth2-leaves3,0.7502845168139205,1.387433076465872,0.5629268561706982,-0.692805834108528
0xd7bce02d49ebde78663ae7b6f807f99fbd58513dc3f7dcc4ab351eea91b5c81d,1782119400000,2026-06-22T09:10:00Z,1782119430000,2026-06-22T09:10:30Z,30,Up,1,calendar_ridge_logistic-l2-10,0.5007415345218572,0.6916652101769994,0.2492590153515899,lgbm-depth2-leaves3,0.5152620442348373,0.663079683968348,0.2349708857593888,0.0285855262086514
0xd7bce02d49ebde78663ae7b6f807f99fbd58513dc3f7dcc4ab351eea91b5c81d,1782119400000,2026-06-22T09:10:00Z,1782119460000,2026-06-22T09:11:00Z,60,Up,1,calendar_ridge_logistic-l2-10,0.5007421545697339,0.6916639719184366,0.24925839622367146,lgbm-depth2-leaves3,0.41684765634142823,0.8750344564480771,0.3400666559144849,-0.18337048452964044
0xd7bce02d49ebde78663ae7b6f807f99fbd58513dc3f7dcc4ab351eea91b5c81d,1782119400000,2026-06-22T09:10:00Z,1782119490000,2026-06-22T09:11:30Z,90,Up,1,calendar_ridge_logistic-l2-10,0.5007427302250285,0.6916628223148764,0.2492578214231587,lgbm-depth2-leaves3,0.4932313023865147,0.7067770417689799,0.2568145128808681,-0.015114219454103517
0xd7bce02d49ebde78663ae7b6f807f99fbd58513dc3f7dcc4ab351eea91b5c81d,1782119400000,2026-06-22T09:10:00Z,1782119520000,2026-06-22T09:12:00Z,120,Up,1,calendar_ridge_logistic-l2-10,0.5007432602615146,0.6916617638148251,0.24925729217430173,lgbm-depth2-leaves3,0.6389079856104495,0.4479948324529695,0.13038744285590337,0.24366693136185563
0xd7bce02d49ebde78663ae7b6f807f99fbd58513dc3f7dcc4ab351eea91b5c81d,1782119400000,2026-06-22T09:10:00Z,1782119550000,2026-06-22T09:12:30Z,150,Up,1,calendar_ridge_logistic-l2-10,0.5007437451083048,0.6916607955610434,0.24925680804848135,lgbm-depth2-leaves3,0.7297547235737953,0.31504679640309224,0.07303250943067577,0.3766139991579512
0xd7bce02d49ebde78663ae7b6f807f99fbd58513dc3f7dcc4ab351eea91b5c81d,1782119400000,2026-06-22T09:10:00Z,1782119580000,2026-06-22T09:13:00Z,180,Up,1,calendar_ridge_logistic-l2-10,0.500744185501411,0.6916599160834327,0.24925636831064954,lgbm-depth2-leaves3,0.6111646993049715,0.49238879917054584,0.1511928910665932,0.19927111691288685
0xd7bce02d49ebde78663ae7b6f807f99fbd58513dc3f7dcc4ab351eea91b5c81d,1782119400000,2026-06-22T09:10:00Z,1782119610000,2026-06-22T09:13:30Z,210,Up,1,calendar_ridge_logistic-l2-10,0.5007445802757103,0.6916591277085395,0.24925597412407663,lgbm-depth2-leaves3,0.43973308688075474,0.8215873568641837,0.3138990139361679,-0.12992822915564417
0xd7bce02d49ebde78663ae7b6f807f99fbd58513dc3f7dcc4ab351eea91b5c81d,1782119400000,2026-06-22T09:10:00Z,1782119640000,2026-06-22T09:14:00Z,240,Up,1,calendar_ridge_logistic-l2-10,0.5007449297992153,0.6916584297012186,0.2492556251211905,lgbm-depth2-leaves3,0.473050776937861,0.7485525454318889,0.2776754836857919,-0.05689411573067027
0xb9366115d5f84ec4a61781e848d7baca975c58cf94a44154f3333ba3d1fd3032,1782119700000,2026-06-22T09:15:00Z,1782119730000,2026-06-22T09:15:30Z,30,Down,0,calendar_ridge_logistic-l2-10,0.5007456265208202,0.6946395466260745,0.2507461824797288,lgbm-depth2-leaves3,0.3299346897484171,0.40038009336035846,0.10885689949938425,0.29425945326571606
0xb9366115d5f84ec4a61781e848d7baca975c58cf94a44154f3333ba3d1fd3032,1782119700000,2026-06-22T09:15:00Z,1782119760000,2026-06-22T09:16:00Z,60,Down,0,calendar_ridge_logistic-l2-10,0.5007457958382491,0.6946398857667343,0.25074635204968143,lgbm-depth2-leaves3,0.3873005282396684,0.48988072140149286,0.15000169917472617,0.20475916436524144
0xb9366115d5f84ec4a61781e848d7baca975c58cf94a44154f3333ba3d1fd3032,1782119700000,2026-06-22T09:15:00Z,1782119790000,2026-06-22T09:16:30Z,90,Down,0,calendar_ridge_logistic-l2-10,0.5007459198437845,0.6946401341483197,0.2507464762401978,lgbm-depth2-leaves3,0.5762644860418168,0.8586458062212295,0.33208075787303926,-0.16400567207290984
0xb9366115d5f84ec4a61781e848d7baca975c58cf94a44154f3333ba3d1fd3032,1782119700000,2026-06-22T09:15:00Z,1782119820000,2026-06-22T09:17:00Z,120,Down,0,calendar_ridge_logistic-l2-10,0.5007459981694129,0.6946402910336367,0.25074655468268164,lgbm-depth2-leaves3,0.6389357549527119,1.01869937236308,0.40823889895699195,-0.3240590813294433
0xb9366115d5f84ec4a61781e848d7baca975c58cf94a44154f3333ba3d1fd3032,1782119700000,2026-06-22T09:15:00Z,1782119850000,2026-06-22T09:17:30Z,150,Down,0,calendar_ridge_logistic-l2-10,0.5007460324093685,0.6946403596158747,0.25074658897372437,lgbm-depth2-leaves3,0.3702022639587158,0.46235656504812,0.1370497162401587,0.23228379456775466
0xb9366115d5f84ec4a61781e848d7baca975c58cf94a44154f3333ba3d1fd3032,1782119700000,2026-06-22T09:15:00Z,1782119880000,2026-06-22T09:18:00Z,180,Down,0,calendar_ridge_logistic-l2-10,0.5007460205403131,0.6946403358422925,0.2507465770869597,lgbm-depth2-leaves3,0.565384629566939,0.8332938449350827,0.31965977935054485,-0.13865350909279028
0xb9366115d5f84ec4a61781e848d7baca975c58cf94a44154f3333ba3d1fd3032,1782119700000,2026-06-22T09:15:00Z,1782119910000,2026-06-22T09:18:30Z,210,Down,0,calendar_ridge_logistic-l2-10,0.5007459641564732,0.6946402229061136,0.25074652061899594,lgbm-depth2-leaves3,0.5069589486420425,0.7071628399315151,0.2570073756082451,-0.012522617025401472
0xb9366115d5f84ec4a61781e848d7baca975c58cf94a44154f3333ba3d1fd3032,1782119700000,2026-06-22T09:15:00Z,1782119940000,2026-06-22T09:19:00Z,240,Down,0,calendar_ridge_logistic-l2-10,0.5007458624607393,0.6946400192107676,0.25074641877154963,lgbm-depth2-leaves3,0.24440784948249025,0.2802535318186025,0.05973519688865561,0.41438648739216505
0xa12472c57ac891949f4b552bf5fdc9e7d7d00e4ef93b7d798d712fe48b0afcfc,1782120000000,2026-06-22T09:20:00Z,1782120030000,2026-06-22T09:20:30Z,30,Down,0,calendar_ridge_logistic-l2-10,0.5007452050969273,0.6946387025198686,0.2507457604275638,lgbm-depth2-leaves3,0.49335011638151155,0.6799350787957448,0.24339433733365098,0.014703623724123815
0xa12472c57ac891949f4b552bf5fdc9e7d7d00e4ef93b7d798d712fe48b0afcfc,1782120000000,2026-06-22T09:20:00Z,1782120060000,2026-06-22T09:21:00Z,60,Down,0,calendar_ridge_logistic-l2-10,0.5007449224605088,0.6946381364034458,0.250745477369981,lgbm-depth2-leaves3,0.3984841464889063,0.5083023872878111,0.15878961500299213,0.18633574911563477
0xa12472c57ac891949f4b552bf5fdc9e7d7d00e4ef93b7d798d712fe48b0afcfc,1782120000000,2026-06-22T09:20:00Z,1782120090000,2026-06-22T09:21:30Z,90,Down,0,calendar_ridge_logistic-l2-10,0.5007445953093097,0.6946374811249988,0.2507451497314844,lgbm-depth2-leaves3,0.39892822102432296,0.5090409190065892,0.15914372552963107,0.18559656211840958
0xa12472c57ac891949f4b552bf5fdc9e7d7d00e4ef93b7d798d712fe48b0afcfc,1782120000000,2026-06-22T09:20:00Z,1782120120000,2026-06-22T09:22:00Z,120,Down,0,calendar_ridge_logistic-l2-10,0.5007442227240089,0.6946367348433194,0.2507447765914718,lgbm-depth2-leaves3,0.4287821859545741,0.5599846813887515,0.18385416299198298,0.134652053454568
0xa12472c57ac891949f4b552bf5fdc9e7d7d00e4ef93b7d798d712fe48b0afcfc,1782120000000,2026-06-22T09:20:00Z,1782120150000,2026-06-22T09:22:30Z,150,Down,0,calendar_ridge_logistic-l2-10,0.5007438048268126,0.6946358978033884,0.25074435807243295,lgbm-depth2-leaves3,0.5987129040887683,0.9130781579421164,0.3584571415224067,-0.21844226013872803
0xa12472c57ac891949f4b552bf5fdc9e7d7d00e4ef93b7d798d712fe48b0afcfc,1782120000000,2026-06-22T09:20:00Z,1782120180000,2026-06-22T09:23:00Z,180,Down,0,calendar_ridge_logistic-l2-10,0.500743342353731,0.6946349714796455,0.25074389491158583,lgbm-depth2-leaves3,0.6441548519708223,1.0332596202063684,0.41493547331755204,-0.33862464872672293
0xa12472c57ac891949f4b552bf5fdc9e7d7d00e4ef93b7d798d712fe48b0afcfc,1782120000000,2026-06-22T09:20:00Z,1782120210000,2026-06-22T09:23:30Z,210,Down,0,calendar_ridge_logistic-l2-10,0.500742834078541,0.6946339534162437,0.25074338588100925,lgbm-depth2-leaves3,0.3834843534764459,0.4836715770995447,0.1470602493612477,0.21096237631669895
0xa12472c57ac891949f4b552bf5fdc9e7d7d00e4ef93b7d798d712fe48b0afcfc,1782120000000,2026-06-22T09:20:00Z,1782120240000,2026-06-22T09:24:00Z,240,Down,0,calendar_ridge_logistic-l2-10,0.5007422812274679,0.6946328460695599,0.25074283220888854,lgbm-depth2-leaves3,0.4805977163548833,0.6550765830648165,0.23097416496552886,0.03955626300474335
0x12d073635da4b8bfeb54c0ba927daaeaf451fb8370abe421e243e0c3e08d8bfc,1782120300000,2026-06-22T09:25:00Z,1782120330000,2026-06-22T09:25:30Z,30,Down,0,calendar_ridge_logistic-l2-10,0.5007402698477145,0.6946288173372517,0.2507408178471619,lgbm-depth2-leaves3,0.5567789977764579,0.8136867569833265,0.3100028523649569,-0.1190579396460748
0x12d073635da4b8bfeb54c0ba927daaeaf451fb8370abe421e243e0c3e08d8bfc,1782120300000,2026-06-22T09:25:00Z,1782120360000,2026-06-22T09:26:00Z,60,Down,0,calendar_ridge_logistic-l2-10,0.5007395365475552,0.6946273485634322,0.2507400834618604,lgbm-depth2-leaves3,0.5025072888255954,0.6981743733965345,0.25251357532285035,-0.003547024833102319
0x12d073635da4b8bfeb54c0ba927daaeaf451fb8370abe421e243e0c3e08d8bfc,1782120300000,2026-06-22T09:25:00Z,1782120390000,2026-06-22T09:26:30Z,90,Down,0,calendar_ridge_logistic-l2-10,0.5007387578132958,0.6946257887891079,0.2507393035764025,lgbm-depth2-leaves3,0.3078077667070384,0.3678915681660582,0.09474562124517458,0.32673422062304963
0x12d073635da4b8bfeb54c0ba927daaeaf451fb8370abe421e243e0c3e08d8bfc,1782120300000,2026-06-22T09:25:00Z,1782120420000,2026-06-22T09:27:00Z,120,Down,0,calendar_ridge_logistic-l2-10,0.5007379340740374,0.6946241388741752,0.25073847862073506,lgbm-depth2-leaves3,0.32145813481035435,0.3878090990467799,0.10333533243575195,0.3068150398273953
0x12d073635da4b8bfeb54c0ba927daaeaf451fb8370abe421e243e0c3e08d8bfc,1782120300000,2026-06-22T09:25:00Z,1782120450000,2026-06-22T09:27:30Z,150,Down,0,calendar_ridge_logistic-l2-10,0.5007370652686843,0.6946223986967083,0.25073760853389465,lgbm-depth2-leaves3,0.33034432565517585,0.400991617587021,0.10912737349257287,0.29363078110968727
0x12d073635da4b8bfeb54c0ba927daaeaf451fb8370abe421e243e0c3e08d8bfc,1782120300000,2026-06-22T09:25:00Z,1782120480000,2026-06-22T09:28:00Z,180,Down,0,calendar_ridge_logistic-l2-10,0.5007361513972335,0.6946205682571726,0.25073669331611315,lgbm-depth2-leaves3,0.49143036565927434,0.6761531321793167,0.24150380429200807,0.018467436077855837
0x12d073635da4b8bfeb54c0ba927daaeaf451fb8370abe421e243e0c3e08d8bfc,1782120300000,2026-06-22T09:25:00Z,1782120510000,2026-06-22T09:28:30Z,210,Down,0,calendar_ridge_logistic-l2-10,0.5007351920916745,0.694618646818959,0.25073573259908616,lgbm-depth2-leaves3,0.543657976661526,0.7845126994346993,0.2955639955877044,-0.08989405261574024
0x12d073635da4b8bfeb54c0ba927daaeaf451fb8370abe421e243e0c3e08d8bfc,1782120300000,2026-06-22T09:25:00Z,1782120540000,2026-06-22T09:29:00Z,240,Down,0,calendar_ridge_logistic-l2-10,0.5007341880880264,0.6946166358567948,0.25073472712017497,lgbm-depth2-leaves3,0.4123075736987049,0.5315515524615525,0.16999753532931297,0.16306508339524228
0x663a47380d7af073c72de69bba42a99fea98d78104d232ecc164349c35f9e83e,1782120600000,2026-06-22T09:30:00Z,1782120630000,2026-06-22T09:30:30Z,30,Up,1,calendar_ridge_logistic-l2-10,0.5007308237421138,0.6916866002426472,0.24926971036122827,lgbm-depth2-leaves3,0.3873005282396684,0.9485543285592665,0.37540064269538936,-0.2568677283166193
0x663a47380d7af073c72de69bba42a99fea98d78104d232ecc164349c35f9e83e,1782120600000,2026-06-22T09:30:00Z,1782120660000,2026-06-22T09:31:00Z,60,Up,1,calendar_ridge_logistic-l2-10,0.5007296394129565,0.6916889654466685,0.2492708929607165,lgbm-depth2-leaves3,0.5463140027412627,0.6045613719461855,0.20583098410865494,0.08712759350048294
0x663a47380d7af073c72de69bba42a99fea98d78104d232ecc164349c35f9e83e,1782120600000,2026-06-22T09:30:00Z,1782120690000,2026-06-22T09:31:30Z,90,Up,1,calendar_ridge_logistic-l2-10,0.5007284095885906,0.6916914215143333,0.2492721209919382,lgbm-depth2-leaves3,0.5726187376683407,0.5575351630178025,0.18265474339220258,0.1341562584965308
0x663a47380d7af073c72de69bba42a99fea98d78104d232ecc164349c35f9e83e,1782120600000,2026-06-22T09:30:00Z,1782120720000,2026-06-22T09:32:00Z,120,Up,1,calendar_ridge_logistic-l2-10,0.5007271350050231,0.6916939669764346,0.24927339372029245,lgbm-depth2-leaves3,0.3944265700806816,0.9303222901640765,0.3667191790242476,-0.23862832318764193
0x663a47380d7af073c72de69bba42a99fea98d78104d232ecc164349c35f9e83e,1782120600000,2026-06-22T09:30:00Z,1782120750000,2026-06-22T09:32:30Z,150,Up,1,calendar_ridge_logistic-l2-10,0.5007258153553531,0.6916966024465673,0.24927471145257696,lgbm-depth2-leaves3,0.5113194451272423,0.6707607468600107,0.2388086847107464,0.02093585558655653
0x663a47380d7af073c72de69bba42a99fea98d78104d232ecc164349c35f9e83e,1782120600000,2026-06-22T09:30:00Z,1782120780000,2026-06-22T09:33:00Z,180,Up,1,calendar_ridge_logistic-l2-10,0.5007244505784759,0.6916993280474755,0.24927607425016474,lgbm-depth2-leaves3,0.6106467154912534,0.49323669408866166,0.151595980157749,0.1984626339588138
0x663a47380d7af073c72de69bba42a99fea98d78104d232ecc164349c35f9e83e,1782120600000,2026-06-22T09:30:00Z,1782120810000,2026-06-22T09:33:30Z,210,Up,1,calendar_ridge_logistic-l2-10,0.500723041042395,0.6917021430449521,0.24927748174595404,lgbm-depth2-leaves3,0.3868463525874675,0.949727686524162,0.37595739533529227,-0.2580255434792098
0x663a47380d7af073c72de69bba42a99fea98d78104d232ecc164349c35f9e83e,1782120600000,2026-06-22T09:30:00Z,1782120840000,2026-06-22T09:34:00Z,240,Up,1,calendar_ridge_logistic-l2-10,0.500721586011101,0.6917050489096495,0.24927893467527046,lgbm-depth2-leaves3,0.7749657244086025,0.25493647717635887,0.05064042519094506,0.4367685717332906
0x06d0b256d36099ed20524ae55479bb9c230d3a91e5691e53248733c9405334bb,1782120900000,2026-06-22T09:35:00Z,1782120930000,2026-06-22T09:35:30Z,30,Down,0,calendar_ridge_logistic-l2-10,0.5007168703625227,0.6945819500746867,0.25071738426563933,lgbm-depth2-leaves3,0.5115207942572966,0.7164583759739969,0.2616535229576155,-0.02187642589931016
0x06d0b256d36099ed20524ae55479bb9c230d3a91e5691e53248733c9405334bb,1782120900000,2026-06-22T09:35:00Z,1782120960000,2026-06-22T09:36:00Z,60,Down,0,calendar_ridge_logistic-l2-10,0.5007152358652973,0.6945786763919746,0.2507157474276403,lgbm-depth2-leaves3,0.32614511811654695,0.39474050003035216,0.10637063807125637,0.2998381763616224
0x06d0b256d36099ed20524ae55479bb9c230d3a91e5691e53248733c9405334bb,1782120900000,2026-06-22T09:35:00Z,1782120990000,2026-06-22T09:36:30Z,90,Down,0,calendar_ridge_logistic-l2-10,0.5007135561797587,0.6945753122141868,0.2507140653421803,lgbm-depth2-leaves3,0.4111945477140135,0.5296594516137637,0.1690809560697321,0.16491586060042307
0x06d0b256d36099ed20524ae55479bb9c230d3a91e5691e53248733c9405334bb,1782120900000,2026-06-22T09:35:00Z,1782121020000,2026-06-22T09:37:00Z,120,Down,0,calendar_ridge_logistic-l2-10,0.5007118313059009,0.6945718575422251,0.250712338009709,lgbm-depth2-leaves3,0.38406396355631883,0.4846121577821218,0.1475051281025894,0.20995969976010326
0x06d0b256d36099ed20524ae55479bb9c230d3a91e5691e53248733c9405334bb,1782120900000,2026-06-22T09:35:00Z,1782121050000,2026-06-22T09:37:30Z,150,Down,0,calendar_ridge_logistic-l2-10,0.5007100612437269,0.694568312377033,0.2507105654306967,lgbm-depth2-leaves3,0.40997801450138294,0.527595479219663,0.16808197237449615,0.16697283315737
0x06d0b256d36099ed20524ae55479bb9c230d3a91e5691e53248733c9405334bb,1782120900000,2026-06-22T09:35:00Z,1782121080000,2026-06-22T09:38:00Z,180,Down,0,calendar_ridge_logistic-l2-10,0.5007082467903478,0.694564678316057,0.2507087484038638,lgbm-depth2-leaves3,0.37432820617765433,0.46892933638924994,0.1401216059401805,0.225635341926807
0x06d0b256d36099ed20524ae55479bb9c230d3a91e5691e53248733c9405334bb,1782120900000,2026-06-22T09:35:00Z,1782121110000,2026-06-22T09:38:30Z,210,Down,0,calendar_ridge_logistic-l2-10,0.5007063867195379,0.694560952904345,0.2507068857017355,lgbm-depth2-leaves3,0.25576180624115535,0.29539414248537676,0.0654141015317383,0.3991668104189683
0x06d0b256d36099ed20524ae55479bb9c230d3a91e5691e53248733c9405334bb,1782120900000,2026-06-22T09:35:00Z,1782121140000,2026-06-22T09:39:00Z,240,Down,0,calendar_ridge_logistic-l2-10,0.5007044826255304,0.694557139335883,0.2507049789213,lgbm-depth2-leaves3,0.3945844161690143,0.5018401413465926,0.15569686148344186,0.19271699798929043
0x901245563dbdf32c10d459c2a572c1f5b0465786c67301541e9693946c87cfdf,1782121200000,2026-06-22T09:40:00Z,1782121230000,2026-06-22T09:40:30Z,30,Up,1,calendar_ridge_logistic-l2-10,0.5006984174598877,0.69175132030654,0.24930207032706053,lgbm-depth2-leaves3,0.6089246399827841,0.49606076279977807,0.15293993721259502,0.1956905575067619
0x901245563dbdf32c10d459c2a572c1f5b0465786c67301541e9693946c87cfdf,1782121200000,2026-06-22T09:40:00Z,1782121260000,2026-06-22T09:41:00Z,60,Up,1,calendar_ridge_logistic-l2-10,0.5006963332263863,0.6917554829676684,0.2493041516535759,lgbm-depth2-leaves3,0.5375773537903517,0.6206826153063884,0.2138347037275336,0.07107286766128007
0x901245563dbdf32c10d459c2a572c1f5b0465786c67301541e9693946c87cfdf,1782121200000,2026-06-22T09:40:00Z,1782121290000,2026-06-22T09:41:30Z,90,Up,1,calendar_ridge_logistic-l2-10,0.5006942037434584,0.6917597360194984,0.249306278175379,lgbm-depth2-leaves3,0.5717266936395865,0.5590942101115112,0.1834180249408806,0.1326655259079872
0x901245563dbdf32c10d459c2a572c1f5b0465786c67301541e9693946c87cfdf,1782121200000,2026-06-22T09:40:00Z,1782121320000,2026-06-22T09:42:00Z,120,Up,1,calendar_ridge_logistic-l2-10,0.5006920298082103,0.6917640778711742,0.2493084490970452,lgbm-depth2-leaves3,0.5417900385097367,0.612876735417964,0.20995636880890856,0.07888734245321027
0x901245563dbdf32c10d459c2a572c1f5b0465786c67301541e9693946c87cfdf,1782121200000,2026-06-22T09:40:00Z,1782121350000,2026-06-22T09:42:30Z,150,Up,1,calendar_ridge_logistic-l2-10,0.5006898106235311,0.6917685101158775,0.2493106652151652,lgbm-depth2-leaves3,0.5685232983646274,0.5647129844595644,0.18617214405414031,0.12705552565631306
0x901245563dbdf32c10d459c2a572c1f5b0465786c67301541e9693946c87cfdf,1782121200000,2026-06-22T09:40:00Z,1782121380000,2026-06-22T09:43:00Z,180,Up,1,calendar_ridge_logistic-l2-10,0.5006875469254316,0.6917730312848104,0.24931292579534306,lgbm-depth2-leaves3,0.6370427881027431,0.4509184543899711,0.13173793766823028,0.2408545768948393
0x901245563dbdf32c10d459c2a572c1f5b0465786c67301541e9693946c87cfdf,1782121200000,2026-06-22T09:40:00Z,1782121410000,2026-06-22T09:43:30Z,210,Up,1,calendar_ridge_logistic-l2-10,0.5006852379778933,0.691777642849201,0.24931523157319302,lgbm-depth2-leaves3,0.5133069875667416,0.66688119648157,0.23687008835135978,0.024896446367630998
0x901245563dbdf32c10d459c2a572c1f5b0465786c67301541e9693946c87cfdf,1782121200000,2026-06-22T09:40:00Z,1782121440000,2026-06-22T09:44:00Z,240,Up,1,calendar_ridge_logistic-l2-10,0.5006828840878271,0.6917823441973153,0.24931758224285028,lgbm-depth2-leaves3,0.5490216374629419,0.5996174257484538,0.20338148347660626,0.09216491844886154
0xedcfc5e8fcf58a51e1f7f4d3ad109c060b1b89847c6a82d16f6c92f9a169e8ea,1782121500000,2026-06-22T09:45:00Z,1782121530000,2026-06-22T09:45:30Z,30,Down,0,calendar_ridge_logistic-l2-10,0.5006754731528739,0.694499040216338,0.2506759294168541,lgbm-depth2-leaves3,0.38926020892750784,0.4930842843790099,0.15152351025428706,0.2014147558373281
0xedcfc5e8fcf58a51e1f7f4d3ad109c060b1b89847c6a82d16f6c92f9a169e8ea,1782121500000,2026-06-22T09:45:00Z,1782121560000,2026-06-22T09:46:00Z,60,Down,0,calendar_ridge_logistic-l2-10,0.5006729404730788,0.6944939680173255,0.25067339332195904,lgbm-depth2-leaves3,0.3160920520748989,0.3799319494730301,0.09991418538492058,0.31456201854429544
0xedcfc5e8fcf58a51e1f7f4d3ad109c060b1b89847c6a82d16f6c92f9a169e8ea,1782121500000,2026-06-22T09:45:00Z,1782121590000,2026-06-22T09:46:30Z,90,Down,0,calendar_ridge_logistic-l2-10,0.5006703624216385,0.6944888049789206,0.2506708118074149,lgbm-depth2-leaves3,0.43440865493594155,0.5698834667374015,0.18871087948325393,0.12460533824151909
0xedcfc5e8fcf58a51e1f7f4d3ad109c060b1b89847c6a82d16f6c92f9a169e8ea,1782121500000,2026-06-22T09:45:00Z,1782121620000,2026-06-22T09:47:00Z,120,Down,0,calendar_ridge_logistic-l2-10,0.5006677398567614,0.6944835528212422,0.2506681857332777,lgbm-depth2-leaves3,0.487914038552264,0.6692627745825482,0.23806010901638017,0.025220778238693953
0xedcfc5e8fcf58a51e1f7f4d3ad109c060b1b89847c6a82d16f6c92f9a169e8ea,1782121500000,2026-06-22T09:45:00Z,1782121650000,2026-06-22T09:47:30Z,150,Down,0,calendar_ridge_logistic-l2-10,0.5006650727784511,0.694478211545702,0.2506655151002517,lgbm-depth2-leaves3,0.5507419706943908,0.8001578807890142,0.3033167182843412,-0.10567966924331218
0xedcfc5e8fcf58a51e1f7f4d3ad109c060b1b89847c6a82d16f6c92f9a169e8ea,1782121500000,2026-06-22T09:45:00Z,1782121680000,2026-06-22T09:48:00Z,180,Down,0,calendar_ridge_logistic-l2-10,0.5006623606964955,0.6944727801720035,0.25066279941818775,lgbm-depth2-leaves3,0.5746233441448618,0.8547802534736377,0.3301919876362243,-0.1603074733016342
0xedcfc5e8fcf58a51e1f7f4d3ad109c060b1b89847c6a82d16f6c92f9a169e8ea,1782121500000,2026-06-22T09:45:00Z,1782121710000,2026-06-22T09:48:30Z,210,Down,0,calendar_ridge_logistic-l2-10,0.5006596041010986,0.6944672596833179,0.25066003917866875,lgbm-depth2-leaves3,0.6995101881438079,1.202341429554366,0.48931450331698556,-0.507874169871048
0xedcfc5e8fcf58a51e1f7f4d3ad109c060b1b89847c6a82d16f6c92f9a169e8ea,1782121500000,2026-06-22T09:45:00Z,1782121740000,2026-06-22T09:49:00Z,240,Down,0,calendar_ridge_logistic-l2-10,0.5006568025020556,0.6944616490994223,0.2506572338915823,lgbm-depth2-leaves3,0.5645974955980338,0.8314843782414889,0.31877033203557187,-0.1370227291420666
0xa829291647f19f35c40842f41d41f80f6ffe78be68ec81d393c45d392f99bb58,1782121800000,2026-06-22T09:50:00Z,1782121830000,2026-06-22T09:50:30Z,30,Up,1,calendar_ridge_logistic-l2-10,0.5006480483803594,0.6918519230075812,0.2493523715863439,lgbm-depth2-leaves3,0.4774643908466016,0.7392656959853845,0.2730434628333131,-0.04741377297780325
0xa829291647f19f35c40842f41d41f80f6ffe78be68ec81d393c45d392f99bb58,1782121800000,2026-06-22T09:50:00Z,1782121860000,2026-06-22T09:51:00Z,60,Up,1,calendar_ridge_logistic-l2-10,0.500645068054021,0.6918578759623943,0.24935534805877332,lgbm-depth2-leaves3,0.49604035102740557,0.7010980026883417,0.25397532779258053,-0.009240126725947317
0xa829291647f19f35c40842f41d41f80f6ffe78be68ec81d393c45d392f99bb58,1782121800000,2026-06-22T09:50:00Z,1782121890000,2026-06-22T09:51:30Z,90,Up,1,calendar_ridge_logistic-l2-10,0.5006420431531349,0.6918639179874084,0.24935836906627562,lgbm-depth2-leaves3,0.47678338084215377,0.7406930194547564,0.2737556305629667,-0.04882910146734798
0xa829291647f19f35c40842f41d41f80f6ffe78be68ec81d393c45d392f99bb58,1782121800000,2026-06-22T09:50:00Z,1782121920000,2026-06-22T09:52:00Z,120,Up,1,calendar_ridge_logistic-l2-10,0.5006389736165927,0.6918700492062986,0.24936143467069,lgbm-depth2-leaves3,0.4517514378260507,0.7946231667233851,0.30057648592580266,-0.10275311751708649
0xa829291647f19f35c40842f41d41f80f6ffe78be68ec81d393c45d392f99bb58,1782121800000,2026-06-22T09:50:00Z,1782121950000,2026-06-22T09:52:30Z,150,Up,1,calendar_ridge_logistic-l2-10,0.500635859076391,0.6918762703557774,0.24936454524037407,lgbm-depth2-leaves3,0.45959372532466586,0.777412385570998,0.2920389417084728,-0.08553611521522064
0xa829291647f19f35c40842f41d41f80f6ffe78be68ec81d393c45d392f99bb58,1782121800000,2026-06-22T09:50:00Z,1782121980000,2026-06-22T09:53:00Z,180,Up,1,calendar_ridge_logistic-l2-10,0.5006327006976475,0.6918825791102321,0.24936769961252528,lgbm-depth2-leaves3,0.603685147851599,0.5047024953515294,0.15706546203340896,0.18718008375870265
0xa829291647f19f35c40842f41d41f80f6ffe78be68ec81d393c45d392f99bb58,1782121800000,2026-06-22T09:50:00Z,1782122010000,2026-06-22T09:53:30Z,210,Up,1,calendar_ridge_logistic-l2-10,0.5006294973152355,0.6918889777986443,0.24937089895163436,lgbm-depth2-leaves3,0.6454904234518856,0.43774490466624283,0.1256770398643234,0.2541440731324015
0xa829291647f19f35c40842f41d41f80f6ffe78be68ec81d393c45d392f99bb58,1782121800000,2026-06-22T09:50:00Z,1782122040000,2026-06-22T09:54:00Z,240,Up,1,calendar_ridge_logistic-l2-10,0.5006262488680593,0.6918954665447786,0.24937414331958546,lgbm-depth2-leaves3,0.5033967908858149,0.6863765711804328,0.24661474730250704,0.005518895364345799
0x629298e8c671ad0d154e4200a85168a7ae11c6745f4908197f9ce7bdcb05c861,1782122100000,2026-06-22T09:55:00Z,1782122130000,2026-06-22T09:55:30Z,30,Up,1,calendar_ridge_logistic-l2-10,0.5006161564723827,0.691915626289558,0.2493842231764158,lgbm-depth2-leaves3,0.3851723873252902,0.9540642856221606,0.37801299330728305,-0.26214865933260256
0x629298e8c671ad0d154e4200a85168a7ae11c6745f4908197f9ce7bdcb05c861,1782122100000,2026-06-22T09:55:00Z,1782122160000,2026-06-22T09:56:00Z,60,Up,1,calendar_ridge_logistic-l2-10,0.500612730218555,0.6919224703865936,0.24938764521976572,lgbm-depth2-leaves3,0.48719291305467066,0.7190951089675544,0.2629711084213546,-0.02717263858096075
0x629298e8c671ad0d154e4200a85168a7ae11c6745f4908197f9ce7bdcb05c861,1782122100000,2026-06-22T09:55:00Z,1782122190000,2026-06-22T09:56:30Z,90,Up,1,calendar_ridge_logistic-l2-10,0.5006092592679592,0.6919294038152084,0.2493911119288964,lgbm-depth2-leaves3,0.41008342807530346,0.8913946568731674,0.34800156183138575,-0.19946525305795904
0x629298e8c671ad0d154e4200a85168a7ae11c6745f4908197f9ce7bdcb05c861,1782122100000,2026-06-22T09:55:00Z,1782122220000,2026-06-22T09:57:00Z,120,Up,1,calendar_ridge_logistic-l2-10,0.5006057444177024,0.6919364249849748,0.24939462250859712,lgbm-depth2-leaves3,0.3926500292355987,0.9348365747041093,0.368873986987519,-0.24290014971913454
0x629298e8c671ad0d154e4200a85168a7ae11c6745f4908197f9ce7bdcb05c861,1782122100000,2026-06-22T09:55:00Z,1782122250000,2026-06-22T09:57:30Z,150,Up,1,calendar_ridge_logistic-l2-10,0.5006021845026669,0.6919435362251731,0.24939817812350834,lgbm-depth2-leaves3,0.40479344908726583,0.9043783442246464,0.3542708382494333,-0.21243480799947323
0x629298e8c671ad0d154e4200a85168a7ae11c6745f4908197f9ce7bdcb05c861,1782122100000,2026-06-22T09:55:00Z,1782122280000,2026-06-22T09:58:00Z,180,Up,1,calendar_ridge_logistic-l2-10,0.5005985806879691,0.6919507352102781,0.24940177761087087,lgbm-depth2-leaves3,0.3926500292355987,0.9348365747041093,0.368873986987519,-0.24288583949383125
0x629298e8c671ad0d154e4200a85168a7ae11c6745f4908197f9ce7bdcb05c861,1782122100000,2026-06-22T09:55:00Z,1782122310000,2026-06-22T09:58:30Z,210,Up,1,calendar_ridge_logistic-l2-10,0.5005949317473833,0.6919580243917209,0.2494054221964007,lgbm-depth2-leaves3,0.38861347919429895,0.9451700560878684,0.37379347782289984,-0.2532120316961475
0x629298e8c671ad0d154e4200a85168a7ae11c6745f4908197f9ce7bdcb05c861,1782122100000,2026-06-22T09:55:00Z,1782122340000,2026-06-22T09:59:00Z,240,Up,1,calendar_ridge_logistic-l2-10,0.5005912389071345,0.6919654013219205,0.24940911065631077,lgbm-depth2-leaves3,0.40718372795974683,0.898490775350401,0.3514311323957035,-0.20652537402848048
0xc633b205925679699ef2c87462fd30445696d85277190b71fef032bd392f838c,1782122400000,2026-06-22T10:00:00Z,1782122430000,2026-06-22T10:00:30Z,30,Up,1,calendar_ridge_logistic-l2-10,0.5005798122912987,0.6919882278225923,0.24942052389099448,lgbm-depth2-leaves3,0.448161086823633,0.8026025423937696,0.30452618609567395,-0.11061431457117732
0xc633b205925679699ef2c87462fd30445696d85277190b71fef032bd392f838c,1782122400000,2026-06-22T10:00:00Z,1782122460000,2026-06-22T10:01:00Z,60,Up,1,calendar_ridge_logistic-l2-10,0.5005759417068263,0.6919959600549785,0.24942439000202338,lgbm-depth2-leaves3,0.4287821859545741,0.8468062140377394,0.3262897910828347,-0.15481025398276083
0xc633b205925679699ef2c87462fd30445696d85277190b71fef032bd392f838c,1782122400000,2026-06-22T10:00:00Z,1782122490000,2026-06-22T10:01:30Z,90,Up,1,calendar_ridge_logistic-l2-10,0.5005720267935739,0.6920037809033956,0.24942830042107864,lgbm-depth2-leaves3,0.7044679202582984,0.35031248415455457,0.08733921015645547,0.3416912967488411
0xc633b205925679699ef2c87462fd30445696d85277190b71fef032bd392f838c,1782122400000,2026-06-22T10:00:00Z,1782122520000,2026-06-22T10:02:00Z,120,Up,1,calendar_ridge_logistic-l2-10,0.5005680679195412,0.6920116896347583,0.24943225478161998,lgbm-depth2-leaves3,0.6653501935667562,0.4074417700677173,0.11199049294580755,0.28456991956704103
0xc633b205925679699ef2c87462fd30445696d85277190b71fef032bd392f838c,1782122400000,2026-06-22T10:00:00Z,1782122550000,2026-06-22T10:02:30Z,150,Up,1,calendar_ridge_logistic-l2-10,0.5005640644716199,0.6920196874759859,0.2494362536971082,lgbm-depth2-leaves3,0.5212370720336549,0.6515503080305964,0.22921394119490776,0.04046937944538942
0xc633b205925679699ef2c87462fd30445696d85277190b71fef032bd392f838c,1782122400000,2026-06-22T10:00:00Z,1782122580000,2026-06-22T10:03:00Z,180,Up,1,calendar_ridge_logistic-l2-10,0.5005600164498059,0.6920277744292241,0.2494402971686182,lgbm-depth2-leaves3,0.6909336140963331,0.3697115320491874,0.09552203089555433,0.32231624238003675
0xc633b205925679699ef2c87462fd30445696d85277190b71fef032bd392f838c,1782122400000,2026-06-22T10:00:00Z,1782122610000,2026-06-22T10:03:30Z,210,Up,1,calendar_ridge_logistic-l2-10,0.5005559246512096,0.6920359489041842,0.24944438440100825,lgbm-depth2-leaves3,0.5640286366378237,0.5726502545925048,0.1900710296718748,0.11938569431167934
0xc633b205925679699ef2c87462fd30445696d85277190b71fef032bd392f838c,1782122400000,2026-06-22T10:00:00Z,1782122640000,2026-06-22T10:04:00Z,240,Up,1,calendar_ridge_logistic-l2-10,0.5005517882787202,0.6920442124954762,0.24944851619158437,lgbm-depth2-leaves3,0.4287821859545741,0.8468062140377394,0.3262897910828347,-0.15476200154226316
0x842e3c7fc51e5d21dd02bb84524c23e4308d27262dedb071577198c3708d05ce,1782122700000,2026-06-22T10:05:00Z,1782122730000,2026-06-22T10:05:30Z,30,Up,1,calendar_ridge_logistic-l2-10,0.5005390329685729,0.6920696953185671,0.24946125758796828,lgbm-depth2-leaves3,0.31615900395484026,1.1515100148740787,0.4676385078720361,-0.45944031955551157
0x842e3c7fc51e5d21dd02bb84524c23e4308d27262dedb071577198c3708d05ce,1782122700000,2026-06-22T10:05:00Z,1782122760000,2026-06-22T10:06:00Z,60,Up,1,calendar_ridge_logistic-l2-10,0.5005347203856151,0.6920783112331157,0.2494655655402757,lgbm-depth2-leaves3,0.48503303050124597,0.7235382862373543,0.2651909796747306,-0.03145997500423858
0x842e3c7fc51e5d21dd02bb84524c23e4308d27262dedb071577198c3708d05ce,1782122700000,2026-06-22T10:05:00Z,1782122790000,2026-06-22T10:06:30Z,90,Up,1,calendar_ridge_logistic-l2-10,0.5005303629225496,0.6920870168870001,0.24946991836228002,lgbm-depth2-leaves3,0.6921798319087287,0.36790948442505383,0.09475325588373854,0.3241775324619463
0x842e3c7fc51e5d21dd02bb84524c23e4308d27262dedb071577198c3708d05ce,1782122700000,2026-06-22T10:05:00Z,1782122820000,2026-06-22T10:07:00Z,120,Up,1,calendar_ridge_logistic-l2-10,0.5005259618666923,0.6920958097106372,0.24947431476919293,lgbm-depth2-leaves3,0.7468382287634323,0.2919066785290865,0.06409088241563624,0.4001891311815507
0x842e3c7fc51e5d21dd02bb84524c23e4308d27262dedb071577198c3708d05ce,1782122700000,2026-06-22T10:05:00Z,1782122850000,2026-06-22T10:07:30Z,150,Up,1,calendar_ridge_logistic-l2-10,0.5005215167889389,0.6921046905636402,0.2494787551908223,lgbm-depth2-leaves3,0.7169865397280737,0.3326982116018654,0.08009661869508922,0.3594064789617748
0x842e3c7fc51e5d21dd02bb84524c23e4308d27262dedb071577198c3708d05ce,1782122700000,2026-06-22T10:05:00Z,1782122880000,2026-06-22T10:08:00Z,180,Up,1,calendar_ridge_logistic-l2-10,0.5005170270150736,0.6921136607953922,0.2494832403018607,lgbm-depth2-leaves3,0.7444521043581639,0.2951067615558953,0.06530472696697076,0.39700689923949684
0x842e3c7fc51e5d21dd02bb84524c23e4308d27262dedb071577198c3708d05ce,1782122700000,2026-06-22T10:05:00Z,1782122910000,2026-06-22T10:08:30Z,210,Up,1,calendar_ridge_logistic-l2-10,0.5005124938324155,0.692122717836296,0.24948776881751278,lgbm-depth2-leaves3,0.4055408280782706,0.9025337247287524,0.35338170708186817,-0.2104110068924564
0x842e3c7fc51e5d21dd02bb84524c23e4308d27262dedb071577198c3708d05ce,1782122700000,2026-06-22T10:05:00Z,1782122940000,2026-06-22T10:09:00Z,240,Up,1,calendar_ridge_logistic-l2-10,0.5005079163827522,0.6921318634033926,0.2494923415962997,lgbm-depth2-leaves3,0.38406396355631883,0.9569461685046987,0.3793772009899518,-0.2648143051013061
0x20956516677b9288c15461b4fddc1c6b212191862e61ca685169baede5160549,1782123000000,2026-06-22T10:10:00Z,1782123030000,2026-06-22T10:10:30Z,30,Down,0,calendar_ridge_logistic-l2-10,0.5004938388234853,0.6941353462818833,0.2504940827002689,lgbm-depth2-leaves3,0.3845022403950392,0.48532397332369986,0.14784197286880452,0.20881137295818347
0x20956516677b9288c15461b4fddc1c6b212191862e61ca685169baede5160549,1782123000000,2026-06-22T10:10:00Z,1782123060000,2026-06-22T10:11:00Z,60,Down,0,calendar_ridge_logistic-l2-10,0.5004890854708925,0.6941258302231325,0.2504893246754904,lgbm-depth2-leaves3,0.3794102335304556,0.47708501684028815,0.14395212530763485,0.2170408133828443
0x20956516677b9288c15461b4fddc1c6b212191862e61ca685169baede5160549,1782123000000,2026-06-22T10:10:00Z,1782123090000,2026-06-22T10:11:30Z,90,Down,0,calendar_ridge_logistic-l2-10,0.5004842879741893,0.6941162258811144,0.25048452250903125,lgbm-depth2-leaves3,0.3208562906990186,0.38692252536276184,0.10294875928113313,0.3071937005183526
0x20956516677b9288c15461b4fddc1c6b212191862e61ca685169baede5160549,1782123000000,2026-06-22T10:10:00Z,1782123120000,2026-06-22T10:12:00Z,120,Down,0,calendar_ridge_logistic-l2-10,0.5004794468235767,0.694106534239717,0.25047967669283333,lgbm-depth2-leaves3,0.47740737523979065,0.6489530385856996,0.2279178019333463,0.045153495654017384
0x20956516677b9288c15461b4fddc1c6b212191862e61ca685169baede5160549,1782123000000,2026-06-22T10:10:00Z,1782123150000,2026-06-22T10:12:30Z,150,Down,0,calendar_ridge_logistic-l2-10,0.5004745617128543,0.6940967546884969,0.25047478692167363,lgbm-depth2-leaves3,0.40374760326181286,0.5170912171009779,0.16301212713965824,0.1770055375875189
0x20956516677b9288c15461b4fddc1c6b212191862e61ca685169baede5160549,1782123000000,2026-06-22T10:10:00Z,1782123180000,2026-06-22T10:13:00Z,180,Down,0,calendar_ridge_logistic-l2-10,0.5004696331322264,0.694086888211364,0.25046985368750524,lgbm-depth2-leaves3,0.3984841464889063,0.5083023872878111,0.15878961500299213,0.18578450092355292
0x20956516677b9288c15461b4fddc1c6b212191862e61ca685169baede5160549,1782123000000,2026-06-22T10:10:00Z,1782123210000,2026-06-22T10:13:30Z,210,Down,0,calendar_ridge_logistic-l2-10,0.5004646604074766,0.6940769334612057,0.2504648763167709,lgbm-depth2-leaves3,0.5803998237675991,0.8684529824591278,0.3368639554294601,-0.17437604899792214
0x20956516677b9288c15461b4fddc1c6b212191862e61ca685169baede5160549,1782123000000,2026-06-22T10:10:00Z,1782123240000,2026-06-22T10:14:00Z,240,Down,0,calendar_ridge_logistic-l2-10,0.5004596435386095,0.6940668904406678,0.2504598548107921,lgbm-depth2-leaves3,0.5525903188752331,0.8042805915264091,0.3053560605146318,-0.11021370108574124
0x344a1fe73820b0193138d1957bf07f426bab5ae47ac5dbfdd4e72615ab7d686a,1782123300000,2026-06-22T10:15:00Z,1782123330000,2026-06-22T10:15:30Z,30,Down,0,calendar_ridge_logistic-l2-10,0.5004442503594762,0.6940360762296214,0.25044444771785807,lgbm-depth2-leaves3,0.4613278296744719,0.6186481114329208,0.21282336643215854,0.07538796479670062
0x344a1fe73820b0193138d1957bf07f426bab5ae47ac5dbfdd4e72615ab7d686a,1782123300000,2026-06-22T10:15:00Z,1782123360000,2026-06-22T10:16:00Z,60,Down,0,calendar_ridge_logistic-l2-10,0.5004390588763462,0.6940256840838831,0.2504392516490431,lgbm-depth2-leaves3,0.38861347919429895,0.4920259162098734,0.15102043621149783,0.2019997678740097
0x344a1fe73820b0193138d1957bf07f426bab5ae47ac5dbfdd4e72615ab7d686a,1782123300000,2026-06-22T10:15:00Z,1782123390000,2026-06-22T10:16:30Z,90,Down,0,calendar_ridge_logistic-l2-10,0.5004338234330951,0.6940152040495441,0.25043401163586615,lgbm-depth2-leaves3,0.49170064392583307,0.6766847213524967,0.24176952323707887,0.0173304826970474
0x344a1fe73820b0193138d1957bf07f426bab5ae47ac5dbfdd4e72615ab7d686a,1782123300000,2026-06-22T10:15:00Z,1782123420000,2026-06-22T10:17:00Z,120,Down,0,calendar_ridge_logistic-l2-10,0.500428544826831,0.6940046377249529,0.2504287284774996,lgbm-depth2-leaves3,0.6498720675254352,1.049456669929435,0.4223337041497839,-0.35545203220448207
0x344a1fe73820b0193138d1957bf07f426bab5ae47ac5dbfdd4e72615ab7d686a,1782123300000,2026-06-22T10:15:00Z,1782123450000,2026-06-22T10:17:30Z,150,Down,0,calendar_ridge_logistic-l2-10,0.5004232224444469,0.6939939838855931,0.2504234015616844,lgbm-depth2-leaves3,0.46674165401114814,0.6287492705785622,0.21784777158906232,0.06524471330703085
0x344a1fe73820b0193138d1957bf07f426bab5ae47ac5dbfdd4e72615ab7d686a,1782123300000,2026-06-22T10:15:00Z,1782123480000,2026-06-22T10:18:00Z,180,Down,0,calendar_ridge_logistic-l2-10,0.500417856040835,0.6939832420436369,0.25041803064450585,lgbm-depth2-leaves3,0.3926500292355987,0.49865009597218624,0.15417404545871652,0.1953331460714507
0x344a1fe73820b0193138d1957bf07f426bab5ae47ac5dbfdd4e72615ab7d686a,1782123300000,2026-06-22T10:15:00Z,1782123510000,2026-06-22T10:18:30Z,210,Down,0,calendar_ridge_logistic-l2-10,0.500412446658211,0.6939724142880742,0.2504126167704569,lgbm-depth2-leaves3,0.4039364589427733,0.517408005087372,0.16316466286322678,0.17656440920070227
0x344a1fe73820b0193138d1957bf07f426bab5ae47ac5dbfdd4e72615ab7d686a,1782123300000,2026-06-22T10:15:00Z,1782123540000,2026-06-22T10:19:00Z,240,Down,0,calendar_ridge_logistic-l2-10,0.50040699325436,0.6939614985355688,0.2504071588978691,lgbm-depth2-leaves3,0.3851723873252902,0.48641335506226246,0.14835776795786337,0.2075481434733063
0x31f7df029d572b0322e7dbe72dfdad1955165c77664a5ec35e64900ad8b7bbdc,1782123600000,2026-06-22T10:20:00Z,1782123630000,2026-06-22T10:20:30Z,30,Up,1,calendar_ridge_logistic-l2-10,0.5003902914527121,0.6923669021509111,0.249609860874706,lgbm-depth2-leaves3,0.26884273665949215,1.3136286924220943,0.5345909437355808,-0.6212617902711832
0x31f7df029d572b0322e7dbe72dfdad1955165c77664a5ec35e64900ad8b7bbdc,1782123600000,2026-06-22T10:20:00Z,1782123660000,2026-06-22T10:21:00Z,60,Up,1,calendar_ridge_logistic-l2-10,0.5003846643552724,0.6923781476310404,0.24961548361139382,lgbm-depth2-leaves3,0.48533340973477024,0.7229191814730848,0.2648816991352379,-0.03054103384204432
0x31f7df029d572b0322e7dbe72dfdad1955165c77664a5ec35e64900ad8b7bbdc,1782123600000,2026-06-22T10:20:00Z,1782123690000,2026-06-22T10:21:30Z,90,Up,1,calendar_ridge_logistic-l2-10,0.5003789938497122,0.6923894799881135,0.24962114978662595,lgbm-depth2-leaves3,0.47740737523979065,0.7393851164330377,0.2731030514537649,-0.046995636444924216
0x31f7df029d572b0322e7dbe72dfdad1955165c77664a5ec35e64900ad8b7bbdc,1782123600000,2026-06-22T10:20:00Z,1782123720000,2026-06-22T10:22:00Z,120,Up,1,calendar_ridge_logistic-l2-10,0.5003732798749239,0.6924008993472065,0.24962685946294116,lgbm-depth2-leaves3,0.6295180017475079,0.4628008290082741,0.13725691102915952,0.22960007033893243
0x31f7df029d572b0322e7dbe72dfdad1955165c77664a5ec35e64900ad8b7bbdc,1782123600000,2026-06-22T10:20:00Z,1782123750000,2026-06-22T10:22:30Z,150,Up,1,calendar_ridge_logistic-l2-10,0.5003675224309133,0.6924124057112867,0.2496326126418239,lgbm-depth2-leaves3,0.48101522041999484,0.7318563660922015,0.2693452014357065,-0.0394439603809148
0x31f7df029d572b0322e7dbe72dfdad1955165c77664a5ec35e64900ad8b7bbdc,1782123600000,2026-06-22T10:20:00Z,1782123780000,2026-06-22T10:23:00Z,180,Up,1,calendar_ridge_logistic-l2-10,0.5003617219467841,0.6924239982257693,0.2496384088959827,lgbm-depth2-leaves3,0.5440500183977243,0.6087140907688786,0.20789038572311558,0.08370990745689066
0x31f7df029d572b0322e7dbe72dfdad1955165c77664a5ec35e64900ad8b7bbdc,1782123600000,2026-06-22T10:20:00Z,1782123810000,2026-06-22T10:23:30Z,210,Up,1,calendar_ridge_logistic-l2-10,0.5003558779934257,0.6924356777512594,0.24964424865572046,lgbm-depth2-leaves3,0.5782778878132463,0.5477007510815148,0.17784953990725688,0.14473492666974452
0x31f7df029d572b0322e7dbe72dfdad1955165c77664a5ec35e64900ad8b7bbdc,1782123600000,2026-06-22T10:20:00Z,1782123840000,2026-06-22T10:24:00Z,240,Up,1,calendar_ridge_logistic-l2-10,0.5003499903257393,0.692447444780659,0.24965013216748877,lgbm-depth2-leaves3,0.5744458461678656,0.554349448681375,0.18109633784378387,0.13809799609928397
0x7539a116373feac541dd4b7358ae7bdf4c5a23442beb8cfeabdf9b4e91377291,1782123900000,2026-06-22T10:25:00Z,1782123930000,2026-06-22T10:25:30Z,30,Up,1,calendar_ridge_logistic-l2-10,0.500331987941274,0.6924834250118579,0.24966812227471916,lgbm-depth2-leaves3,0.38750139405956524,0.948035832622135,0.37515454227897593,-0.2555524076102771
0x7539a116373feac541dd4b7358ae7bdf4c5a23442beb8cfeabdf9b4e91377291,1782123900000,2026-06-22T10:25:00Z,1782123960000,2026-06-22T10:26:00Z,60,Up,1,calendar_ridge_logistic-l2-10,0.5003259281138036,0.6924955366983258,0.24967417811533177,lgbm-depth2-leaves3,0.5762644860418168,0.5511885465198837,0.17955178578940567,0.14130699017844206
0x7539a116373feac541dd4b7358ae7bdf4c5a23442beb8cfeabdf9b4e91377291,1782123900000,2026-06-22T10:25:00Z,1782123990000,2026-06-22T10:26:30Z,90,Up,1,calendar_ridge_logistic-l2-10,0.5003198245720022,0.6925077359042587,0.24968027771575466,lgbm-depth2-leaves3,0.3944265700806816,0.9303222901640765,0.3667191790242476,-0.2378145542598178
0x7539a116373feac541dd4b7358ae7bdf4c5a23442beb8cfeabdf9b4e91377291,1782123900000,2026-06-22T10:25:00Z,1782124020000,2026-06-22T10:27:00Z,120,Up,1,calendar_ridge_logistic-l2-10,0.5003136785420877,0.6925200201819597,0.24968641985214002,lgbm-depth2-leaves3,0.37432820617765433,0.9826223097705534,0.3914651935848719,-0.29010228958859374
0x7539a116373feac541dd4b7358ae7bdf4c5a23442beb8cfeabdf9b4e91377291,1782123900000,2026-06-22T10:25:00Z,1782124050000,2026-06-22T10:27:30Z,150,Up,1,calendar_ridge_logistic-l2-10,0.5003074887367409,0.6925323921076181,0.24969260581258232,lgbm-depth2-leaves3,0.5132989362270037,0.6668968818376574,0.23687792547776618,0.025635510269960693
0x7539a116373feac541dd4b7358ae7bdf4c5a23442beb8cfeabdf9b4e91377291,1782123900000,2026-06-22T10:25:00Z,1782124080000,2026-06-22T10:28:00Z,180,Up,1,calendar_ridge_logistic-l2-10,0.5003012564432837,0.6925448491113916,0.24969883431216092,lgbm-depth2-leaves3,0.5483695917923909,0.6008057817875809,0.20397002561777167,0.09173906732381065
0x7539a116373feac541dd4b7358ae7bdf4c5a23442beb8cfeabdf9b4e91377291,1782123900000,2026-06-22T10:25:00Z,1782124110000,2026-06-22T10:28:30Z,210,Up,1,calendar_ridge_logistic-l2-10,0.5002949809875011,0.6925573925440929,0.24970510602628185,lgbm-depth2-leaves3,0.49507206573657614,0.7030519396636375,0.2549522187995285,-0.010494547119544673
0x7539a116373feac541dd4b7358ae7bdf4c5a23442beb8cfeabdf9b4e91377291,1782123900000,2026-06-22T10:25:00Z,1782124140000,2026-06-22T10:29:00Z,240,Up,1,calendar_ridge_logistic-l2-10,0.5002886623693988,0.6925700224089609,0.24971142095656468,lgbm-depth2-leaves3,0.5762644860418168,0.5511885465198837,0.17955178578940567,0.14138147588907723
0x3379a1a8e7be440231537fc4025894d1028913f4cc335a33bf3383b1a782bd8a,1782124200000,2026-06-22T10:30:00Z,1782124230000,2026-06-22T10:30:30Z,30,Down,0,calendar_ridge_logistic-l2-10,0.5002693680550883,0.6936860618405614,0.25026944061423734,lgbm-depth2-leaves3,0.3834843534764459,0.4836715770995447,0.1470602493612477,0.21001448474101664
0x3379a1a8e7be440231537fc4025894d1028913f4cc335a33bf3383b1a782bd8a,1782124200000,2026-06-22T10:30:00Z,1782124260000,2026-06-22T10:31:00Z,60,Down,0,calendar_ridge_logistic-l2-10,0.500262877584808,0.6936730739872725,0.2502629466894326,lgbm-depth2-leaves3,0.3944265700806816,0.5015794517987365,0.15557231918561085,0.19209362218853598
0x3379a1a8e7be440231537fc4025894d1028913f4cc335a33bf3383b1a782bd8a,1782124200000,2026-06-22T10:30:00Z,1782124290000,2026-06-22T10:31:30Z,90,Down,0,calendar_ridge_logistic-l2-10,0.5002563443202165,0.6936600006701366,0.250256410032627,lgbm-depth2-leaves3,0.49321298265952207,0.6796644477920845,0.24325904626390202,0.013995552878052098
0x3379a1a8e7be440231537fc4025894d1028913f4cc335a33bf3383b1a782bd8a,1782124200000,2026-06-22T10:30:00Z,1782124320000,2026-06-22T10:32:00Z,120,Down,0,calendar_ridge_logistic-l2-10,0.5002497686904166,0.6936468427511426,0.2502498310748153,lgbm-depth2-leaves3,0.7524553504020167,1.396164310827857,0.5661890543486218,-0.7025174680767143
0x3379a1a8e7be440231537fc4025894d1028913f4cc335a33bf3383b1a782bd8a,1782124200000,2026-06-22T10:30:00Z,1782124350000,2026-06-22T10:32:30Z,150,Down,0,calendar_ridge_logistic-l2-10,0.5002431500212012,0.693633598884562,0.250243209143134,lgbm-depth2-leaves3,0.5787629905985964,0.8645596360073257,0.334966599286631,-0.17092603712276366
0x3379a1a8e7be440231537fc4025894d1028913f4cc335a33bf3383b1a782bd8a,1782124200000,2026-06-22T10:30:00Z,1782124380000,2026-06-22T10:33:00Z,180,Down,0,calendar_ridge_logistic-l2-10,0.5002364883736703,0.6936202691960696,0.2502365443004212,lgbm-depth2-leaves3,0.40479344908726583,0.5188467892860306,0.16385773642396487,0.174773479910039
0x3379a1a8e7be440231537fc4025894d1028913f4cc335a33bf3383b1a782bd8a,1782124200000,2026-06-22T10:30:00Z,1782124410000,2026-06-22T10:33:30Z,210,Down,0,calendar_ridge_logistic-l2-10,0.500229784728941,0.693606855652236,0.25022983752996264,lgbm-depth2-leaves3,0.33410638091347805,0.40662535230143726,0.1116270737671021,0.28698150335079875
0x3379a1a8e7be440231537fc4025894d1028913f4cc335a33bf3383b1a782bd8a,1782124200000,2026-06-22T10:30:00Z,1782124440000,2026-06-22T10:34:00Z,240,Down,0,calendar_ridge_logistic-l2-10,0.5002230378607954,0.6935933558029078,0.2502230876066827,lgbm-depth2-leaves3,0.4652354749636173,0.6259287690951346,0.21644404716462257,0.0676645867077732
0x2bad209f20eb609af0c0110ff846e5df2703a6c3660aa59f1367ce64dcfb2a79,1782124500000,2026-06-22T10:35:00Z,1782124530000,2026-06-22T10:35:30Z,30,Down,0,calendar_ridge_logistic-l2-10,0.5002024604538193,0.6935521834701919,0.2502025014440547,lgbm-depth2-leaves3,0.48101522041999484,0.6558807226817196,0.2313756422756962,0.03767146078847228
0x2bad209f20eb609af0c0110ff846e5df2703a6c3660aa59f1367ce64dcfb2a79,1782124500000,2026-06-22T10:35:00Z,1782124560000,2026-06-22T10:36:00Z,60,Down,0,calendar_ridge_logistic-l2-10,0.5001955430222508,0.6935383430985385,0.25019558125932434,lgbm-depth2-leaves3,0.3851723873252902,0.48641335506226246,0.14835776795786337,0.207124988036276
0x2bad209f20eb609af0c0110ff846e5df2703a6c3660aa59f1367ce64dcfb2a79,1782124500000,2026-06-22T10:35:00Z,1782124590000,2026-06-22T10:36:30Z,90,Down,0,calendar_ridge_logistic-l2-10,0.5001885833483909,0.6935244184019753,0.25018861891207017,lgbm-depth2-leaves3,0.3160920520748989,0.3799319494730301,0.09991418538492058,0.3135924689289452
0x2bad209f20eb609af0c0110ff846e5df2703a6c3660aa59f1367ce64dcfb2a79,1782124500000,2026-06-22T10:35:00Z,1782124620000,2026-06-22T10:37:00Z,120,Down,0,calendar_ridge_logistic-l2-10,0.5001815811871307,0.6935104088936317,0.25018161415885826,lgbm-depth2-leaves3,0.4685947807708075,0.6322304240464091,0.21958106856564116,0.061279984847222635
0x2bad209f20eb609af0c0110ff846e5df2703a6c3660aa59f1367ce64dcfb2a79,1782124500000,2026-06-22T10:35:00Z,1782124650000,2026-06-22T10:37:30Z,150,Down,0,calendar_ridge_logistic-l2-10,0.5001745365995782,0.693496314699333,0.2501745670626028,lgbm-depth2-leaves3,0.4191717792822089,0.5433002272618407,0.17570498054661285,0.15019608743749235
0x2bad209f20eb609af0c0110ff846e5df2703a6c3660aa59f1367ce64dcfb2a79,1782124500000,2026-06-22T10:35:00Z,1782124680000,2026-06-22T10:38:00Z,180,Down,0,calendar_ridge_logistic-l2-10,0.5001674497086349,0.6934821360685486,0.2501674777480398,lgbm-depth2-leaves3,0.4246338887902066,0.5527487256544076,0.18031393950909352,0.140733410414141
0x2bad209f20eb609af0c0110ff846e5df2703a6c3660aa59f1367ce64dcfb2a79,1782124500000,2026-06-22T10:35:00Z,1782124710000,2026-06-22T10:38:30Z,210,Down,0,calendar_ridge_logistic-l2-10,0.5001603201462929,0.6934678722686206,0.25016034584884217,lgbm-depth2-leaves3,0.4631781316160336,0.6220889557342463,0.21453398160731976,0.07137891653437434
0x2bad209f20eb609af0c0110ff846e5df2703a6c3660aa59f1367ce64dcfb2a79,1782124500000,2026-06-22T10:35:00Z,1782124740000,2026-06-22T10:39:00Z,240,Down,0,calendar_ridge_logistic-l2-10,0.5001531482805668,0.6934535240394514,0.2501531717349626,lgbm-depth2-leaves3,0.3944265700806816,0.5015794517987365,0.15557231918561085,0.19187407224071484
0xea10980e48f2a8055af42a8f756007dcfda99ee40ecf47f040e7133efd22ce7a,1782124800000,2026-06-22T10:40:00Z,1782124830000,2026-06-22T10:40:30Z,30,Down,0,calendar_ridge_logistic-l2-10,0.5001312977216676,0.693409810487501,0.25013131496075935,lgbm-depth2-leaves3,0.3845022403950392,0.48532397332369986,0.14784197286880452,0.2080858371638012
0xea10980e48f2a8055af42a8f756007dcfda99ee40ecf47f040e7133efd22ce7a,1782124800000,2026-06-22T10:40:00Z,1782124860000,2026-06-22T10:41:00Z,60,Down,0,calendar_ridge_logistic-l2-10,0.5001239568264126,0.6933951249484401,0.25012397219170746,lgbm-depth2-leaves3,0.48614577942331155,0.6658156713091178,0.23633771885109908,0.02757945363932235
0xea10980e48f2a8055af42a8f756007dcfda99ee40ecf47f040e7133efd22ce7a,1782124800000,2026-06-22T10:40:00Z,1782124890000,2026-06-22T10:41:30Z,90,Down,0,calendar_ridge_logistic-l2-10,0.5001165736277834,0.6933803549985587,0.2501165872171941,lgbm-depth2-leaves3,0.38861347919429895,0.4920259162098734,0.15102043621149783,0.20135443878868525
0xea10980e48f2a8055af42a8f756007dcfda99ee40ecf47f040e7133efd22ce7a,1782124800000,2026-06-22T10:40:00Z,1782124920000,2026-06-22T10:42:00Z,120,Down,0,calendar_ridge_logistic-l2-10,0.5001091486777886,0.6933655017458583,0.2501091605912224,lgbm-depth2-leaves3,0.3794102335304556,0.47708501684028815,0.14395212530763485,0.21628048490557017
0xea10980e48f2a8055af42a8f756007dcfda99ee40ecf47f040e7133efd22ce7a,1782124800000,2026-06-22T10:40:00Z,1782124950000,2026-06-22T10:42:30Z,150,Down,0,calendar_ridge_logistic-l2-10,0.5001016809953152,0.6933505632314291,0.25010169133433996,lgbm-depth2-leaves3,0.5006414363788784,0.6944308769034041,0.2506418478195065,-0.0010803136719750306
0xea10980e48f2a8055af42a8f756007dcfda99ee40ecf47f040e7133efd22ce7a,1782124800000,2026-06-22T10:40:00Z,1782124980000,2026-06-22T10:43:00Z,180,Down,0,calendar_ridge_logistic-l2-10,0.5000941715614832,0.693335541421705,0.25009418042976617,lgbm-depth2-leaves3,0.5744458461678656,0.8543630680161368,0.32998803017951517,-0.16102752659443187
0xea10980e48f2a8055af42a8f756007dcfda99ee40ecf47f040e7133efd22ce7a,1782124800000,2026-06-22T10:40:00Z,1782125010000,2026-06-22T10:43:30Z,210,Down,0,calendar_ridge_logistic-l2-10,0.5000866203762933,0.6933204363204444,0.25008662787938285,lgbm-depth2-leaves3,0.3851723873252902,0.48641335506226246,0.14835776795786337,0.2069070812581819
0xea10980e48f2a8055af42a8f756007dcfda99ee40ecf47f040e7133efd22ce7a,1782124800000,2026-06-22T10:40:00Z,1782125040000,2026-06-22T10:44:00Z,240,Down,0,calendar_ridge_logistic-l2-10,0.5000790268266416,0.6933052467050235,0.25007903307188095,lgbm-depth2-leaves3,0.3944265700806816,0.5015794517987365,0.15557231918561085,0.19172579490628694
0xc3ba19e240314ed0dbb41d4223d0622f387f5728689169c0740bf9f6b9ecdb8b,1782125100000,2026-06-22T10:45:00Z,1782125130000,2026-06-22T10:45:30Z,30,Up,1,calendar_ridge_logistic-l2-10,0.5000559138539636,0.69303535910427,0.24994408927239542,lgbm-depth2-leaves3,0.7466708987883435,0.29213075479712153,0.06417563352070571,0.4009046043071485
0xc3ba19e240314ed0dbb41d4223d0622f387f5728689169c0740bf9f6b9ecdb8b,1782125100000,2026-06-22T10:45:00Z,1782125160000,2026-06-22T10:46:00Z,60,Up,1,calendar_ridge_logistic-l2-10,0.5000481528087181,0.6930508795795974,0.24995184950997493,lgbm-depth2-leaves3,0.6721335394646523,0.3972982387596335,0.10749641594397673,0.29575264081996394
0xc3ba19e240314ed0dbb41d4223d0622f387f5728689169c0740bf9f6b9ecdb8b,1782125100000,2026-06-22T10:45:00Z,1782125190000,2026-06-22T10:46:30Z,90,Up,1,calendar_ridge_logistic-l2-10,0.5000403497670342,0.6930664842819092,0.24995965186106955,lgbm-depth2-leaves3,0.6402583957912319,0.44588344068706454,0.12941402179869796,0.24718304359484466
0xc3ba19e240314ed0dbb41d4223d0622f387f5728689169c0740bf9f6b9ecdb8b,1782125100000,2026-06-22T10:45:00Z,1782125220000,2026-06-22T10:47:00Z,120,Up,1,calendar_ridge_logistic-l2-10,0.5000325049129122,0.6930821728471681,0.24996749614365718,lgbm-depth2-leaves3,0.6441548519708223,0.43981612841121975,0.12662576937590736,0.25326604443594836
0xc3ba19e240314ed0dbb41d4223d0622f387f5728689169c0740bf9f6b9ecdb8b,1782125100000,2026-06-22T10:45:00Z,1782125250000,2026-06-22T10:47:30Z,150,Up,1,calendar_ridge_logistic-l2-10,0.5000246186754698,0.6930979444211244,0.24997538193060942,lgbm-depth2-leaves3,0.40374760326181286,0.9069653406565423,0.3555169206160326,-0.21386739623541795
0xc3ba19e240314ed0dbb41d4223d0622f387f5728689169c0740bf9f6b9ecdb8b,1782125100000,2026-06-22T10:45:00Z,1782125280000,2026-06-22T10:48:00Z,180,Up,1,calendar_ridge_logistic-l2-10,0.5000166906256005,0.6931137998658858,0.2499833096529765,lgbm-depth2-leaves3,0.4039364589427733,0.9064976932353793,0.3552917449776802,-0.21338389336949348
0xc3ba19e240314ed0dbb41d4223d0622f387f5728689169c0740bf9f6b9ecdb8b,1782125100000,2026-06-22T10:45:00Z,1782125310000,2026-06-22T10:48:30Z,210,Up,1,calendar_ridge_logistic-l2-10,0.500008720518201,0.6931297396756364,0.24999127955784645,lgbm-depth2-leaves3,0.41823263852285814,0.8717174497846302,0.3384532628800755,-0.17858771010899377
0xc3ba19e240314ed0dbb41d4223d0622f387f5728689169c0740bf9f6b9ecdb8b,1782125100000,2026-06-22T10:45:00Z,1782125340000,2026-06-22T10:49:00Z,240,Up,1,calendar_ridge_logistic-l2-10,0.5000007090274928,0.693145762505965,0.24999929097300988,lgbm-depth2-leaves3,0.48432585134404427,0.7249973522157118,0.26591982759204474,-0.031851589709746775
0x27ac92f020064b2daa39d0e0c15883d4f004cfa29d89662a279fe0e2d4de7eb3,1782125400000,2026-06-22T10:50:00Z,1782125430000,2026-06-22T10:50:30Z,30,Up,1,calendar_ridge_logistic-l2-10,0.49997634431840854,0.693194493042346,0.2500236562411827,lgbm-depth2-leaves3,0.7275451261511352,0.3180792527864876,0.07423165828400083,0.37511524025585846
0x27ac92f020064b2daa39d0e0c15883d4f004cfa29d89662a279fe0e2d4de7eb3,1782125400000,2026-06-22T10:50:00Z,1782125460000,2026-06-22T10:51:00Z,60,Up,1,calendar_ridge_logistic-l2-10,0.4999681666209845,0.6932108493447904,0.25003183439237947,lgbm-depth2-leaves3,0.5748054495547941,0.553723644037947,0.18079040572830077,0.13948720530684333
0x27ac92f020064b2daa39d0e0c15883d4f004cfa29d89662a279fe0e2d4de7eb3,1782125400000,2026-06-22T10:50:00Z,1782125490000,2026-06-22T10:51:30Z,90,Up,1,calendar_ridge_logistic-l2-10,0.49995994766317725,0.6932272884421415,0.25004005394101236,lgbm-depth2-leaves3,0.5507492837724307,0.5964755937591217,0.201826206030984,0.0967516946830198
0x27ac92f020064b2daa39d0e0c15883d4f004cfa29d89662a279fe0e2d4de7eb3,1782125400000,2026-06-22T10:50:00Z,1782125520000,2026-06-22T10:52:00Z,120,Up,1,calendar_ridge_logistic-l2-10,0.4999516868318729,0.6932438115648246,0.25004831550228923,lgbm-depth2-leaves3,0.4656434565024606,0.764335052507793,0.2855369155786378,-0.07109124094296837
0x27ac92f020064b2daa39d0e0c15883d4f004cfa29d89662a279fe0e2d4de7eb3,1782125400000,2026-06-22T10:50:00Z,1782125550000,2026-06-22T10:52:30Z,150,Up,1,calendar_ridge_logistic-l2-10,0.4999433853533063,0.693260416264253,0.2500566178519119,lgbm-depth2-leaves3,0.40575748857606714,0.9019996166244965,0.35312416238342303,-0.2087392003602434
0x27ac92f020064b2daa39d0e0c15883d4f004cfa29d89662a279fe0e2d4de7eb3,1782125400000,2026-06-22T10:50:00Z,1782125580000,2026-06-22T10:53:00Z,180,Up,1,calendar_ridge_logistic-l2-10,0.499935042369264,0.6932771042611359,0.2500649618502298,lgbm-depth2-leaves3,0.4892249785973836,0.7149328163798708,0.26089112248884316,-0.02165571211873496
0x27ac92f020064b2daa39d0e0c15883d4f004cfa29d89662a279fe0e2d4de7eb3,1782125400000,2026-06-22T10:50:00Z,1782125610000,2026-06-22T10:53:30Z,210,Up,1,calendar_ridge_logistic-l2-10,0.4999266578797478,0.6932938755596351,0.2500733474993187,lgbm-depth2-leaves3,0.541477109995559,0.6134544849109012,0.21024324065802472,0.07983939064873391
0x27ac92f020064b2daa39d0e0c15883d4f004cfa29d89662a279fe0e2d4de7eb3,1782125400000,2026-06-22T10:50:00Z,1782125640000,2026-06-22T10:54:00Z,240,Up,1,calendar_ridge_logistic-l2-10,0.4999182323138776,0.6933107293055571,0.25008177437207696,lgbm-depth2-leaves3,0.5762644860418168,0.5511885465198837,0.17955178578940567,0.14212218278567346
0xe479f8169acfc6394eea91825cb680a9898a41d47e2199e99f06f12528d73542,1782125700000,2026-06-22T10:55:00Z,1782125730000,2026-06-22T10:55:30Z,30,Down,0,calendar_ridge_logistic-l2-10,0.4998926270363401,0.6929324576872316,0.2498926385652934,lgbm-depth2-leaves3,0.48779128035627706,0.6690230814574334,0.2379403331916161,0.023909376229798163
0xe479f8169acfc6394eea91825cb680a9898a41d47e2199e99f06f12528d73542,1782125700000,2026-06-22T10:55:00Z,1782125760000,2026-06-22T10:56:00Z,60,Down,0,calendar_ridge_logistic-l2-10,0.49988403679778803,0.6929152810462922,0.24988405024525231,lgbm-depth2-leaves3,0.5465500295650842,0.7908703342888805,0.2987169348175945,-0.09795505324258835
0xe479f8169acfc6394eea91825cb680a9898a41d47e2199e99f06f12528d73542,1782125700000,2026-06-22T10:55:00Z,1782125790000,2026-06-22T10:56:30Z,90,Down,0,calendar_ridge_logistic-l2-10,0.499875405666914,0.6928980229361122,0.24987542119066186,lgbm-depth2-leaves3,0.41823263852285814,0.5416846337089184,0.17491853992579173,0.15121338922719385
0xe479f8169acfc6394eea91825cb680a9898a41d47e2199e99f06f12528d73542,1782125700000,2026-06-22T10:55:00Z,1782125820000,2026-06-22T10:57:00Z,120,Down,0,calendar_ridge_logistic-l2-10,0.49986673315350866,0.6928806823807571,0.24986675091356103,lgbm-depth2-leaves3,0.5343625979130849,0.7643480548485794,0.2855433860484213,-0.07146737246782231
0xe479f8169acfc6394eea91825cb680a9898a41d47e2199e99f06f12528d73542,1782125700000,2026-06-22T10:55:00Z,1782125850000,2026-06-22T10:57:30Z,150,Down,0,calendar_ridge_logistic-l2-10,0.4998580201158016,0.692863261100493,0.24985804027408912,lgbm-depth2-leaves3,0.4535395087957593,0.6042932682071853,0.20569808603869866,0.08856999289330769
0xe479f8169acfc6394eea91825cb680a9898a41d47e2199e99f06f12528d73542,1782125700000,2026-06-22T10:55:00Z,1782125880000,2026-06-22T10:58:00Z,180,Down,0,calendar_ridge_logistic-l2-10,0.49984926594068346,0.6928457578736948,0.2498492886614401,lgbm-depth2-leaves3,0.4493401071085919,0.5966379146896402,0.20190653185636084,0.09620784318405462
0xe479f8169acfc6394eea91825cb680a9898a41d47e2199e99f06f12528d73542,1782125700000,2026-06-22T10:55:00Z,1782125910000,2026-06-22T10:58:30Z,210,Down,0,calendar_ridge_logistic-l2-10,0.49984047099616696,0.6928281734404614,0.24984049644567002,lgbm-depth2-leaves3,0.4632098093993175,0.6221479673353697,0.21456332752375204,0.07068020610509174
0xe479f8169acfc6394eea91825cb680a9898a41d47e2199e99f06f12528d73542,1782125700000,2026-06-22T10:55:00Z,1782125940000,2026-06-22T10:59:00Z,240,Down,0,calendar_ridge_logistic-l2-10,0.49983163509826056,0.692810507437223,0.2498316634450007,lgbm-depth2-leaves3,0.4613278296744719,0.6186481114329208,0.21282336643215854,0.0741623960043023
0x79b33442452e670dc5b83197797b3fb877bee75861073e3011cd5dfaabb24be4,1782126000000,2026-06-22T11:00:00Z,1782126030000,2026-06-22T11:00:30Z,30,Up,1,calendar_ridge_logistic-l2-10,0.4998048020148713,0.6935376527545486,0.2501952360873821,lgbm-depth2-leaves3,0.39342993320417274,0.9328522874515692,0.3679272459326943,-0.23931463469702063
0x79b33442452e670dc5b83197797b3fb877bee75861073e3011cd5dfaabb24be4,1782126000000,2026-06-22T11:00:00Z,1782126060000,2026-06-22T11:01:00Z,60,Up,1,calendar_ridge_logistic-l2-10,0.49979580359148773,0.6935556567920279,0.25020423810468545,lgbm-depth2-leaves3,0.2483537731814427,1.3929010445446222,0.5649720502905741,-0.6993453877525942
0x79b33442452e670dc5b83197797b3fb877bee75861073e3011cd5dfaabb24be4,1782126000000,2026-06-22T11:00:00Z,1782126090000,2026-06-22T11:01:30Z,90,Up,1,calendar_ridge_logistic-l2-10,0.49978676396964555,0.6935737435857271,0.25021328149995903,lgbm-depth2-leaves3,0.4411869880382401,0.8182864842447648,0.31227198233777403,-0.1247127406590377
0x79b33442452e670dc5b83197797b3fb877bee75861073e3011cd5dfaabb24be4,1782126000000,2026-06-22T11:00:00Z,1782126120000,2026-06-22T11:02:00Z,120,Up,1,calendar_ridge_logistic-l2-10,0.4997776841304662,0.6935919111770152,0.25022236529387964,lgbm-depth2-leaves3,0.6976274425987803,0.360070068573408,0.09142916346935391,0.33352184260360723
0x79b33442452e670dc5b83197797b3fb877bee75861073e3011cd5dfaabb24be4,1782126000000,2026-06-22T11:00:00Z,1782126150000,2026-06-22T11:02:30Z,150,Up,1,calendar_ridge_logistic-l2-10,0.49976856370595585,0.6936101603066185,0.25023148985680227,lgbm-depth2-leaves3,0.48101522041999484,0.7318563660922015,0.2693452014357065,-0.03824620578558302
0x79b33442452e670dc5b83197797b3fb877bee75861073e3011cd5dfaabb24be4,1782126000000,2026-06-22T11:00:00Z,1782126180000,2026-06-22T11:03:00Z,180,Up,1,calendar_ridge_logistic-l2-10,0.49975940263501945,0.6936284911012438,0.2502406552520726,lgbm-depth2-leaves3,0.3936767096861965,0.9322252402976959,0.36762793237695685,-0.23859674919645213
0x79b33442452e670dc5b83197797b3fb877bee75861073e3011cd5dfaabb24be4,1782126000000,2026-06-22T11:00:00Z,1782126210000,2026-06-22T11:03:30Z,210,Up,1,calendar_ridge_logistic-l2-10,0.4997502012547689,0.6936469028908155,0.25024986114464426,lgbm-depth2-leaves3,0.5702952730243043,0.5616010294314022,0.1846461523852572,0.13204587345941332
0x79b33442452e670dc5b83197797b3fb877bee75861073e3011cd5dfaabb24be4,1782126000000,2026-06-22T11:00:00Z,1782126240000,2026-06-22T11:04:00Z,240,Up,1,calendar_ridge_logistic-l2-10,0.4997409596572204,0.6936653954956732,0.2502591074446788,lgbm-depth2-leaves3,0.49683347990882876,0.6995003595127168,0.25317654694065905,-0.005834964017043642
0x6f11dc0839bd1b0a7f5573a1a04a61597d5b48168f5f45a38633a96246f95dae,1782126300000,2026-06-22T11:05:00Z,1782126330000,2026-06-22T11:05:30Z,30,Up,1,calendar_ridge_logistic-l2-10,0.499712911255035,0.6937215229528958,0.25028717116491256,lgbm-depth2-leaves3,0.7683357375094927,0.2635284831447934,0.053668330515270674,0.4301930398081024
0x6f11dc0839bd1b0a7f5573a1a04a61597d5b48168f5f45a38633a96246f95dae,1782126300000,2026-06-22T11:05:00Z,1782126360000,2026-06-22T11:06:00Z,60,Up,1,calendar_ridge_logistic-l2-10,0.4997035081450561,0.6937403401542077,0.250296579762364,lgbm-depth2-leaves3,0.7776390448476624,0.2514928151010371,0.04944439437625987,0.4422475250531706
0x6f11dc0839bd1b0a7f5573a1a04a61597d5b48168f5f45a38633a96246f95dae,1782126300000,2026-06-22T11:05:00Z,1782126390000,2026-06-22T11:06:30Z,90,Up,1,calendar_ridge_logistic-l2-10,0.4996940650938295,0.6937592376410132,0.2503060285023373,lgbm-depth2-leaves3,0.7594200734717081,0.2752001982025962,0.05787870104835831,0.418559039438417
0x6f11dc0839bd1b0a7f5573a1a04a61597d5b48168f5f45a38633a96246f95dae,1782126300000,2026-06-22T11:05:00Z,1782126420000,2026-06-22T11:07:00Z,120,Up,1,calendar_ridge_logistic-l2-10,0.4996845818562539,0.6937782159083693,0.25031551763235155,lgbm-depth2-leaves3,0.7026093236907713,0.3529542689697842,0.08844121435566042,0.3408239469385851
0x6f11dc0839bd1b0a7f5573a1a04a61597d5b48168f5f45a38633a96246f95dae,1782126300000,2026-06-22T11:05:00Z,1782126450000,2026-06-22T11:07:30Z,150,Up,1,calendar_ridge_logistic-l2-10,0.49967505834034254,0.6937972751449616,0.25032504724673965,lgbm-depth2-leaves3,0.5956305178340379,0.5181347406769576,0.16351467810716838,0.17566253446800395
0x6f11dc0839bd1b0a7f5573a1a04a61597d5b48168f5f45a38633a96246f95dae,1782126300000,2026-06-22T11:05:00Z,1782126480000,2026-06-22T11:08:00Z,180,Up,1,calendar_ridge_logistic-l2-10,0.49966549515921455,0.6938164141283538,0.250334616734274,lgbm-depth2-leaves3,0.24703913625550927,1.3982085085268814,0.5669500623308494,-0.7043920943985276
0x6f11dc0839bd1b0a7f5573a1a04a61597d5b48168f5f45a38633a96246f95dae,1782126300000,2026-06-22T11:05:00Z,1782126510000,2026-06-22T11:08:30Z,210,Up,1,calendar_ridge_logistic-l2-10,0.4996558918837704,0.6938356337219078,0.2503442265266253,lgbm-depth2-leaves3,0.27870450884308584,1.2776031665013607,0.520267185563294,-0.5837675327794529
0x6f11dc0839bd1b0a7f5573a1a04a61597d5b48168f5f45a38633a96246f95dae,1782126300000,2026-06-22T11:05:00Z,1782126540000,2026-06-22T11:09:00Z,240,Up,1,calendar_ridge_logistic-l2-10,0.4996462485140244,0.6938549339302362,0.25035387662608943,lgbm-depth2-leaves3,0.3904588504617156,0.9404326917933944,0.3715404129804532,-0.24657775786315816
0x62283f4458686a1a13f0cc51469128d7510dec48795c8bb201e0367221f7579b,1782126600000,2026-06-22T11:10:00Z,1782126630000,2026-06-22T11:10:30Z,30,Down,0,calendar_ridge_logistic-l2-10,0.4996169979857185,0.6923814697627335,0.24961714467626145,lgbm-depth2-leaves3,0.2784049097231141,0.32629111419688406,0.07750929375793532,0.36609035556584946
0x62283f4458686a1a13f0cc51469128d7510dec48795c8bb201e0367221f7579b,1782126600000,2026-06-22T11:10:00Z,1782126660000,2026-06-22T11:11:00Z,60,Down,0,calendar_ridge_logistic-l2-10,0.4996071952508823,0.6923618794913255,0.24960734954645325,lgbm-depth2-leaves3,0.2309101510647953,0.2625474776342322,0.05331949786476658,0.42981440185709335
0x62283f4458686a1a13f0cc51469128d7510dec48795c8bb201e0367221f7579b,1782126600000,2026-06-22T11:10:00Z,1782126690000,2026-06-22T11:11:30Z,90,Down,0,calendar_ridge_logistic-l2-10,0.49959735321891363,0.6923422110726613,0.24959751534334396,lgbm-depth2-leaves3,0.2452582678943418,0.28137966493593397,0.06015161797053273,0.4109625461367273
0x62283f4458686a1a13f0cc51469128d7510dec48795c8bb201e0367221f7579b,1782126600000,2026-06-22T11:10:00Z,1782126720000,2026-06-22T11:12:00Z,120,Down,0,calendar_ridge_logistic-l2-10,0.4995874710316031,0.6923224627963556,0.2495876412117529,lgbm-depth2-leaves3,0.45050780712128813,0.5987607129214441,0.20295728427723175,0.0935617498749115
0x62283f4458686a1a13f0cc51469128d7510dec48795c8bb201e0367221f7579b,1782126600000,2026-06-22T11:10:00Z,1782126750000,2026-06-22T11:12:30Z,150,Down,0,calendar_ridge_logistic-l2-10,0.4995775493940807,0.6923026360762164,0.24957772785859517,lgbm-depth2-leaves3,0.712503368290809,1.2465441346074806,0.5076610498257481,-0.5542414985312641
0x62283f4458686a1a13f0cc51469128d7510dec48795c8bb201e0367221f7579b,1782126600000,2026-06-22T11:10:00Z,1782126780000,2026-06-22T11:13:00Z,180,Down,0,calendar_ridge_logistic-l2-10,0.49956758778524546,0.692282729875616,0.24956777476556893,lgbm-depth2-leaves3,0.7883565945584927,1.5528524703484479,0.6215061201838636,-0.8605697404728319
0x62283f4458686a1a13f0cc51469128d7510dec48795c8bb201e0367221f7579b,1782126600000,2026-06-22T11:10:00Z,1782126810000,2026-06-22T11:13:30Z,210,Down,0,calendar_ridge_logistic-l2-10,0.49955758706332387,0.6922627459142442,0.2495577827925304,lgbm-depth2-leaves3,0.6799066154810586,1.139142499139779,0.46227300577490804,-0.44687975322553475
0x62283f4458686a1a13f0cc51469128d7510dec48795c8bb201e0367221f7579b,1782126600000,2026-06-22T11:10:00Z,1782126840000,2026-06-22T11:14:00Z,240,Down,0,calendar_ridge_logistic-l2-10,0.49954754664612194,0.6922426830334354,0.2495477513601594,lgbm-depth2-leaves3,0.4954857080599415,0.6841591106698912,0.2455060868916616,0.008083572363544178
0x4f012e2f06ba6b4bf07d15027e85415f39e3f20d29a1f8e45f3bcd7957b1dc9f,1782126900000,2026-06-22T11:15:00Z,1782126930000,2026-06-22T11:15:30Z,30,Down,0,calendar_ridge_logistic-l2-10,0.49951710828823825,0.6921818632051755,0.24951734147264354,lgbm-depth2-leaves3,0.23527201835399542,0.2682350879367051,0.05535292262036275,0.4239467752684704
0x4f012e2f06ba6b4bf07d15027e85415f39e3f20d29a1f8e45f3bcd7957b1dc9f,1782126900000,2026-06-22T11:15:00Z,1782126960000,2026-06-22T11:16:00Z,60,Down,0,calendar_ridge_logistic-l2-10,0.499506910469357,0.6921614874537636,0.24950715360664225,lgbm-depth2-leaves3,0.45784420323206515,0.6122018709364075,0.2096213144332046,0.07995961651735606
0x4f012e2f06ba6b4bf07d15027e85415f39e3f20d29a1f8e45f3bcd7957b1dc9f,1782126900000,2026-06-22T11:15:00Z,1782126990000,2026-06-22T11:16:30Z,90,Down,0,calendar_ridge_logistic-l2-10,0.49949667356837146,0.6921410340319077,0.24949692690586825,lgbm-depth2-leaves3,0.6776262008921226,1.1320435399279234,0.45917726813549126,-0.43990250589601565
0x4f012e2f06ba6b4bf07d15027e85415f39e3f20d29a1f8e45f3bcd7957b1dc9f,1782126900000,2026-06-22T11:15:00Z,1782127020000,2026-06-22T11:17:00Z,120,Down,0,calendar_ridge_logistic-l2-10,0.499486397585289,0.6921205029443973,0.2494866613727294,lgbm-depth2-leaves3,0.36659560393537505,0.45664620447758225,0.13439233682474236,0.23547429846681506
0x4f012e2f06ba6b4bf07d15027e85415f39e3f20d29a1f8e45f3bcd7957b1dc9f,1782126900000,2026-06-22T11:15:00Z,1782127050000,2026-06-22T11:17:30Z,150,Down,0,calendar_ridge_logistic-l2-10,0.49947608184591613,0.6920998928490486,0.2494763563361483,lgbm-depth2-leaves3,0.4097298354365807,0.5271749408496555,0.16787853804688752,0.16492495199939305
0x4f012e2f06ba6b4bf07d15027e85415f39e3f20d29a1f8e45f3bcd7957b1dc9f,1782126900000,2026-06-22T11:15:00Z,1782127080000,2026-06-22T11:18:00Z,180,Down,0,calendar_ridge_logistic-l2-10,0.4994657276375886,0.6920792063226788,0.24946601308454586,lgbm-depth2-leaves3,0.6915491066728944,1.1761926271494363,0.47824016694007826,-0.48411342082675746
0x4f012e2f06ba6b4bf07d15027e85415f39e3f20d29a1f8e45f3bcd7957b1dc9f,1782126900000,2026-06-22T11:15:00Z,1782127110000,2026-06-22T11:18:30Z,210,Down,0,calendar_ridge_logistic-l2-10,0.4994553341941036,0.6920584418393018,0.2494556308549437,lgbm-depth2-leaves3,0.6788585998489666,1.1358737539304087,0.46084899858889933,-0.4438153120911069
0x4f012e2f06ba6b4bf07d15027e85415f39e3f20d29a1f8e45f3bcd7957b1dc9f,1782126900000,2026-06-22T11:15:00Z,1782127140000,2026-06-22T11:19:00Z,240,Down,0,calendar_ridge_logistic-l2-10,0.4994449015154811,0.6920375994038223,0.24944520964980862,lgbm-depth2-leaves3,0.49557152431185314,0.6843292219088475,0.24559113570877364,0.007708377494974772
0xd9cbe72fd896a0b09e522abdbbc811795a697d32ef7beeeafa76e07bcfc6439e,1782127200000,2026-06-22T11:20:00Z,1782127230000,2026-06-22T11:20:30Z,30,Up,1,calendar_ridge_logistic-l2-10,0.4994132896560549,0.6943212902449326,0.25058705457297276,lgbm-depth2-leaves3,0.464394021266893,0.7670219033435702,0.28687376445464946,-0.07270061309863762
0xd9cbe72fd896a0b09e522abdbbc811795a697d32ef7beeeafa76e07bcfc6439e,1782127200000,2026-06-22T11:20:00Z,1782127260000,2026-06-22T11:21:00Z,60,Up,1,calendar_ridge_logistic-l2-10,0.49940270172324935,0.6943424912126731,0.250597655041982,lgbm-depth2-leaves3,0.6063077125873534,0.500367645240921,0.15499361716820195,0.19397484597175207
0xd9cbe72fd896a0b09e522abdbbc811795a697d32ef7beeeafa76e07bcfc6439e,1782127200000,2026-06-22T11:20:00Z,1782127290000,2026-06-22T11:21:30Z,90,Up,1,calendar_ridge_logistic-l2-10,0.49939207492338794,0.6943637704586408,0.2506082946495108,lgbm-depth2-leaves3,0.2928392083336111,1.2281315976166818,0.5000763852702339,-0.5337678271580409
0xd9cbe72fd896a0b09e522abdbbc811795a697d32ef7beeeafa76e07bcfc6439e,1782127200000,2026-06-22T11:20:00Z,1782127320000,2026-06-22T11:22:00Z,120,Up,1,calendar_ridge_logistic-l2-10,0.49938140968558736,0.6943851271285272,0.25061897296838975,lgbm-depth2-leaves3,0.2411619599387761,1.4222865382635206,0.5758351710439596,-0.7279014111349934
0xd9cbe72fd896a0b09e522abdbbc811795a697d32ef7beeeafa76e07bcfc6439e,1782127200000,2026-06-22T11:20:00Z,1782127350000,2026-06-22T11:22:30Z,150,Up,1,calendar_ridge_logistic-l2-10,0.49937070533565775,0.6944065625773618,0.25062969067611685,lgbm-depth2-leaves3,0.3040587129359501,1.1905344615662818,0.4843342750403663,-0.49612789898892007
0xd9cbe72fd896a0b09e522abdbbc811795a697d32ef7beeeafa76e07bcfc6439e,1782127200000,2026-06-22T11:20:00Z,1782127380000,2026-06-22T11:23:00Z,180,Up,1,calendar_ridge_logistic-l2-10,0.4993599627318273,0.6944280750915447,0.2506404469158774,lgbm-depth2-leaves3,0.6492527857598372,0.4319331377132711,0.12302360829723463,0.2624949373782736
0xd9cbe72fd896a0b09e522abdbbc811795a697d32ef7beeeafa76e07bcfc6439e,1782127200000,2026-06-22T11:20:00Z,1782127410000,2026-06-22T11:23:30Z,210,Up,1,calendar_ridge_logistic-l2-10,0.4993491814450031,0.694449665535344,0.25065124211978845,lgbm-depth2-leaves3,0.5704396581252728,0.5613478854313425,0.18452208731153255,0.13310178010400153
0xd9cbe72fd896a0b09e522abdbbc811795a697d32ef7beeeafa76e07bcfc6439e,1782127200000,2026-06-22T11:20:00Z,1782127440000,2026-06-22T11:24:00Z,240,Up,1,calendar_ridge_logistic-l2-10,0.4993383620883178,0.6944713326859074,0.25066207567640836,lgbm-depth2-leaves3,0.6113650788893182,0.49206098779169,0.15103710190670583,0.20241034489421744
0x4496b6a2248e091d3d2d538ce0849d01b311f285e20c5860b98a8fc0ada82a3f,1782127500000,2026-06-22T11:25:00Z,1782127530000,2026-06-22T11:25:30Z,30,Up,1,calendar_ridge_logistic-l2-10,0.49930559130112134,0.6945369632584393,0.2506948909023198,lgbm-depth2-leaves3,0.6743541159337628,0.393999911480749,0.10604524180928118,0.3005370517776903
0x4496b6a2248e091d3d2d538ce0849d01b311f285e20c5860b98a8fc0ada82a3f,1782127500000,2026-06-22T11:25:00Z,1782127560000,2026-06-22T11:26:00Z,60,Up,1,calendar_ridge_logistic-l2-10,0.4992946183167266,0.6945589399900471,0.2507058792465925,lgbm-depth2-leaves3,0.24633993585770972,1.4010428438499738,0.5680034922829611,-0.7064839038599267
0x4496b6a2248e091d3d2d538ce0849d01b311f285e20c5860b98a8fc0ada82a3f,1782127500000,2026-06-22T11:25:00Z,1782127590000,2026-06-22T11:26:30Z,90,Up,1,calendar_ridge_logistic-l2-10,0.4992836066803464,0.6945809946195294,0.2507169065390421,lgbm-depth2-leaves3,0.42691033461417544,0.8511812769982988,0.32843176457203643,-0.15660028237876944
0x4496b6a2248e091d3d2d538ce0849d01b311f285e20c5860b98a8fc0ada82a3f,1782127500000,2026-06-22T11:25:00Z,1782127620000,2026-06-22T11:27:00Z,120,Up,1,calendar_ridge_logistic-l2-10,0.4992725572502081,0.6946031254330738,0.2507279719227461,lgbm-depth2-leaves3,0.7929091142600769,0.23204667392803174,0.04288663495654587,0.46255645150504204
0x4496b6a2248e091d3d2d538ce0849d01b311f285e20c5860b98a8fc0ada82a3f,1782127500000,2026-06-22T11:25:00Z,1782127650000,2026-06-22T11:27:30Z,150,Up,1,calendar_ridge_logistic-l2-10,0.4992614696892287,0.6946253331108908,0.25073907573779125,lgbm-depth2-leaves3,0.7696191351954249,0.2618595161203209,0.053075342868103906,0.43276581699056993
0x4496b6a2248e091d3d2d538ce0849d01b311f285e20c5860b98a8fc0ada82a3f,1782127500000,2026-06-22T11:25:00Z,1782127680000,2026-06-22T11:28:00Z,180,Up,1,calendar_ridge_logistic-l2-10,0.49925034375232036,0.6946476181490027,0.2507502182321693,lgbm-depth2-leaves3,0.3609482058568945,1.0190208050232712,0.4083871955975221,-0.3243731868742685
0x4496b6a2248e091d3d2d538ce0849d01b311f285e20c5860b98a8fc0ada82a3f,1782127500000,2026-06-22T11:25:00Z,1782127710000,2026-06-22T11:28:30Z,210,Up,1,calendar_ridge_logistic-l2-10,0.4992391802057129,0.694669979017775,0.25076139864104646,lgbm-depth2-leaves3,0.29568181063517174,1.2184713669167102,0.4960641118701501,-0.5238013878989352
0x4496b6a2248e091d3d2d538ce0849d01b311f285e20c5860b98a8fc0ada82a3f,1782127500000,2026-06-22T11:25:00Z,1782127740000,2026-06-22T11:29:00Z,240,Up,1,calendar_ridge_logistic-l2-10,0.499227978283217,0.6946924172570322,0.2507726177343142,lgbm-depth2-leaves3,0.3885232240474903,0.9454023322030949,0.37390384752927575,-0.25070991494606265
0x2fcc402efdaf85beff04b1907b55eef8d93bb3b0d2f622eafc6261378cd11672,1782127800000,2026-06-22T11:30:00Z,1782127830000,2026-06-22T11:30:30Z,30,Up,1,calendar_ridge_logistic-l2-10,0.4991940648591267,0.6947603513022315,0.25080658467232464,lgbm-depth2-leaves3,0.2822032194470639,1.2651278312406038,0.51523221817216,-0.5703674799383723
0x2fcc402efdaf85beff04b1907b55eef8d93bb3b0d2f622eafc6261378cd11672,1782127800000,2026-06-22T11:30:00Z,1782127860000,2026-06-22T11:31:00Z,60,Up,1,calendar_ridge_logistic-l2-10,0.4991827114565978,0.6947830950254404,0.2508179565039653,lgbm-depth2-leaves3,0.6621597856479228,0.41224838412148807,0.11413601043345749,0.2825347109039524
0x2fcc402efdaf85beff04b1907b55eef8d93bb3b0d2f622eafc6261378cd11672,1782127800000,2026-06-22T11:30:00Z,1782127890000,2026-06-22T11:31:30Z,90,Up,1,calendar_ridge_logistic-l2-10,0.49917132090449895,0.6948059136884199,0.2508293658045443,lgbm-depth2-leaves3,0.7475682885115306,0.29092962202172046,0.06372176896499787,0.40387629166669947
0x2fcc402efdaf85beff04b1907b55eef8d93bb3b0d2f622eafc6261378cd11672,1782127800000,2026-06-22T11:30:00Z,1782127920000,2026-06-22T11:32:00Z,120,Up,1,calendar_ridge_logistic-l2-10,0.4991598923446315,0.6948288090155745,0.2508408134362412,lgbm-depth2-leaves3,0.7789327586229089,0.24983055439420498,0.048870725210077064,0.44499825462136955
0x2fcc402efdaf85beff04b1907b55eef8d93bb3b0d2f622eafc6261378cd11672,1782127800000,2026-06-22T11:30:00Z,1782127950000,2026-06-22T11:32:30Z,150,Up,1,calendar_ridge_logistic-l2-10,0.4991484263441304,0.6948517798759528,0.250852298833561,lgbm-depth2-leaves3,0.6087689773954997,0.496316430704924,0.153061713048163,0.19853534917102883
0x2fcc402efdaf85beff04b1907b55eef8d93bb3b0d2f622eafc6261378cd11672,1782127800000,2026-06-22T11:30:00Z,1782127980000,2026-06-22T11:33:00Z,180,Up,1,calendar_ridge_logistic-l2-10,0.4991369228570128,0.6948748263668733,0.2508638220451419,lgbm-depth2-leaves3,0.831177142483856,0.18491233899311793,0.02850115721991626,0.5099624873737554
0x2fcc402efdaf85beff04b1907b55eef8d93bb3b0d2f622eafc6261378cd11672,1782127800000,2026-06-22T11:30:00Z,1782128010000,2026-06-22T11:33:30Z,210,Up,1,calendar_ridge_logistic-l2-10,0.49912538163819414,0.6948979489845803,0.2508753833190846,lgbm-depth2-leaves3,0.7922848668066831,0.23283427152569947,0.043145576557517384,0.4620636774588809
0x2fcc402efdaf85beff04b1907b55eef8d93bb3b0d2f622eafc6261378cd11672,1782127800000,2026-06-22T11:30:00Z,1782128040000,2026-06-22T11:34:00Z,240,Up,1,calendar_ridge_logistic-l2-10,0.4991138035459147,0.6949211460148148,0.2508869817982405,lgbm-depth2-leaves3,0.6835858596997986,0.38040301300467116,0.10011790818191556,0.31451813301014364
0x9d88e710df9188208f2e46ae6b858bbdb95bdfb13cb1329995f5ba6c8b0b9e0f,1782128100000,2026-06-22T11:35:00Z,1782128130000,2026-06-22T11:35:30Z,30,Up,1,calendar_ridge_logistic-l2-10,0.49907876290320163,0.6949913541968936,0.25092208577458686,lgbm-depth2-leaves3,0.6679772343601259,0.4035011863254506,0.11023911690315076,0.291490167871443
0x9d88e710df9188208f2e46ae6b858bbdb95bdfb13cb1329995f5ba6c8b0b9e0f,1782128100000,2026-06-22T11:35:00Z,1782128160000,2026-06-22T11:36:00Z,60,Up,1,calendar_ridge_logistic-l2-10,0.4990670354326613,0.6950148527089555,0.25093383499022265,lgbm-depth2-leaves3,0.4969725811752837,0.6992204230687559,0.2530365840894566,-0.0042055703598004035
0x9d88e710df9188208f2e46ae6b858bbdb95bdfb13cb1329995f5ba6c8b0b9e0f,1782128100000,2026-06-22T11:35:00Z,1782128190000,2026-06-22T11:36:30Z,90,Up,1,calendar_ridge_logistic-l2-10,0.49905527055256277,0.6950384267339593,0.25094562196116604,lgbm-depth2-leaves3,0.5615961102604127,0.5769723524690006,0.19219797053880025,0.11806607426495874
0x9d88e710df9188208f2e46ae6b858bbdb95bdfb13cb1329995f5ba6c8b0b9e0f,1782128100000,2026-06-22T11:35:00Z,1782128220000,2026-06-22T11:37:00Z,120,Up,1,calendar_ridge_logistic-l2-10,0.4990434687840309,0.6950620752329851,0.2509574461679363,lgbm-depth2-leaves3,0.7955016227919348,0.22878239124165614,0.04181958628073212,0.466279683991329
0x9d88e710df9188208f2e46ae6b858bbdb95bdfb13cb1329995f5ba6c8b0b9e0f,1782128100000,2026-06-22T11:35:00Z,1782128250000,2026-06-22T11:37:30Z,150,Up,1,calendar_ridge_logistic-l2-10,0.4990316297439888,0.695085798978944,0.250969307996964,lgbm-depth2-leaves3,0.7735948565252708,0.25670698361739075,0.0512592889918127,0.4383788153615532
0x9d88e710df9188208f2e46ae6b858bbdb95bdfb13cb1329995f5ba6c8b0b9e0f,1782128100000,2026-06-22T11:35:00Z,1782128280000,2026-06-22T11:38:00Z,180,Up,1,calendar_ridge_logistic-l2-10,0.49901975390756453,0.6951095970250553,0.2509812069748373,lgbm-depth2-leaves3,0.6982159402856148,0.3592268540281093,0.09107361869769559,0.335882742996946
0x9d88e710df9188208f2e46ae6b858bbdb95bdfb13cb1329995f5ba6c8b0b9e0f,1782128100000,2026-06-22T11:35:00Z,1782128310000,2026-06-22T11:38:30Z,210,Up,1,calendar_ridge_logistic-l2-10,0.499007840937675,0.6951334700521171,0.2509931434419299,lgbm-depth2-leaves3,0.2309101510647953,1.4657266005529737,0.591499195735176,-0.7705931305008565
0x9d88e710df9188208f2e46ae6b858bbdb95bdfb13cb1329995f5ba6c8b0b9e0f,1782128100000,2026-06-22T11:35:00Z,1782128340000,2026-06-22T11:39:00Z,240,Up,1,calendar_ridge_logistic-l2-10,0.49899589130945593,0.6951574171133024,0.25100511692480654,lgbm-depth2-leaves3,0.2495614386918377,1.3880501468425699,0.5631580342982645,-0.6928927297292675
0x7780fe8666ca91bb44a9ad4e81cdad620e7ebd5e50c3d01e556a18fa403c9942,1782128400000,2026-06-22T11:40:00Z,1782128430000,2026-06-22T11:40:30Z,30,Down,0,calendar_ridge_logistic-l2-10,0.4989597407826718,0.6910688234065628,0.24896082292191105,lgbm-depth2-leaves3,0.4524802997932551,0.6023568358260458,0.20473842170099402,0.08871198758051702
0x7780fe8666ca91bb44a9ad4e81cdad620e7ebd5e50c3d01e556a18fa403c9942,1782128400000,2026-06-22T11:40:00Z,1782128460000,2026-06-22T11:41:00Z,60,Down,0,calendar_ridge_logistic-l2-10,0.49894764430717253,0.6910446809763725,0.24894875175967676,lgbm-depth2-leaves3,0.23833670988604427,0.27225069744254815,0.05680438727930443,0.41879398353382435
0x7780fe8666ca91bb44a9ad4e81cdad620e7ebd5e50c3d01e556a18fa403c9942,1782128400000,2026-06-22T11:40:00Z,1782128490000,2026-06-22T11:41:30Z,90,Down,0,calendar_ridge_logistic-l2-10,0.4989355111123673,0.6910204658464274,0.24893664424895917,lgbm-depth2-leaves3,0.38421350854701614,0.48485498031405594,0.14762002015000805,0.20616548553237146
0x7780fe8666ca91bb44a9ad4e81cdad620e7ebd5e50c3d01e556a18fa403c9942,1782128400000,2026-06-22T11:40:00Z,1782128520000,2026-06-22T11:42:00Z,120,Down,0,calendar_ridge_logistic-l2-10,0.498923341244277,0.690996178113867,0.2489245004383533,lgbm-depth2-leaves3,0.5842859592055119,0.877757657026238,0.34139008212470506,-0.18676147891237094
0x7780fe8666ca91bb44a9ad4e81cdad620e7ebd5e50c3d01e556a18fa403c9942,1782128400000,2026-06-22T11:40:00Z,1782128550000,2026-06-22T11:42:30Z,150,Down,0,calendar_ridge_logistic-l2-10,0.49891113513203916,0.6909718186404054,0.24891232075873984,lgbm-depth2-leaves3,0.2309101510647953,0.2625474776342322,0.05331949786476658,0.42842434100617316
0x7780fe8666ca91bb44a9ad4e81cdad620e7ebd5e50c3d01e556a18fa403c9942,1782128400000,2026-06-22T11:40:00Z,1782128580000,2026-06-22T11:43:00Z,180,Down,0,calendar_ridge_logistic-l2-10,0.4988988928676782,0.6909473876149439,0.24890010530459503,lgbm-depth2-leaves3,0.3641514298626717,0.4527948412600213,0.1326062638710283,0.2381525463549226
0x7780fe8666ca91bb44a9ad4e81cdad620e7ebd5e50c3d01e556a18fa403c9942,1782128400000,2026-06-22T11:40:00Z,1782128610000,2026-06-22T11:43:30Z,210,Down,0,calendar_ridge_logistic-l2-10,0.4988866136850077,0.6909228835137732,0.2488878533140941,lgbm-depth2-leaves3,0.47138778157586303,0.6375001623909747,0.22220644061901354,0.053422721122798444
0x7780fe8666ca91bb44a9ad4e81cdad620e7ebd5e50c3d01e556a18fa403c9942,1782128400000,2026-06-22T11:40:00Z,1782128640000,2026-06-22T11:44:00Z,240,Down,0,calendar_ridge_logistic-l2-10,0.49887429891737917,0.6908983090029922,0.2488755661203066,lgbm-depth2-leaves3,0.33500075048487843,0.4079693668756091,0.11222550282543177,0.2829289421273831
0xb359cde132d1782bae6a4470aded46ee8b4d4a376e40ca4b363a2b47022c2cf1,1782128700000,2026-06-22T11:45:00Z,1782128730000,2026-06-22T11:45:30Z,30,Up,1,calendar_ridge_logistic-l2-10,0.4988370550756432,0.6954757794919545,0.251164297365254,lgbm-depth2-leaves3,0.35036370267156725,1.0487835135516108,0.4220273188065959,-0.3533077340596563
0xb359cde132d1782bae6a4470aded46ee8b4d4a376e40ca4b363a2b47022c2cf1,1782128700000,2026-06-22T11:45:00Z,1782128760000,2026-06-22T11:46:00Z,60,Up,1,calendar_ridge_logistic-l2-10,0.49882459520260974,0.6955007576456815,0.25117678637382795,lgbm-depth2-leaves3,0.25568946768293044,1.3637915876665734,0.5539981685181194,-0.6682908300208918
0xb359cde132d1782bae6a4470aded46ee8b4d4a376e40ca4b363a2b47022c2cf1,1782128700000,2026-06-22T11:45:00Z,1782128790000,2026-06-22T11:46:30Z,90,Up,1,calendar_ridge_logistic-l2-10,0.4988120996146535,0.6955258080232826,0.25118931149267204,lgbm-depth2-leaves3,0.5904267994816292,0.5269096146501331,0.16775020658286155,0.16861619337314948
0xb359cde132d1782bae6a4470aded46ee8b4d4a376e40ca4b363a2b47022c2cf1,1782128700000,2026-06-22T11:45:00Z,1782128820000,2026-06-22T11:47:00Z,120,Up,1,calendar_ridge_logistic-l2-10,0.4987995679746931,0.6955509313059549,0.2512018730623543,lgbm-depth2-leaves3,0.662619495200998,0.41155436727177913,0.11382560501842938,0.2839965640341758
0xb359cde132d1782bae6a4470aded46ee8b4d4a376e40ca4b363a2b47022c2cf1,1782128700000,2026-06-22T11:45:00Z,1782128850000,2026-06-22T11:47:30Z,150,Up,1,calendar_ridge_logistic-l2-10,0.49878700035176343,0.6955761273607723,0.2512144710163832,lgbm-depth2-leaves3,0.6446546744295084,0.43904049403933515,0.12627030040479867,0.2565356333214372
0xb359cde132d1782bae6a4470aded46ee8b4d4a376e40ca4b363a2b47022c2cf1,1782128700000,2026-06-22T11:45:00Z,1782128880000,2026-06-22T11:48:00Z,180,Up,1,calendar_ridge_logistic-l2-10,0.49877439679189123,0.6956013961009401,0.2512271053113326,lgbm-depth2-leaves3,0.4463135498690482,0.8067335473573043,0.3065686850586149,-0.11113215125636422
0xb359cde132d1782bae6a4470aded46ee8b4d4a376e40ca4b363a2b47022c2cf1,1782128700000,2026-06-22T11:45:00Z,1782128910000,2026-06-22T11:48:30Z,210,Up,1,calendar_ridge_logistic-l2-10,0.4987617578162109,0.6956267364870957,0.2512397754274948,lgbm-depth2-leaves3,0.5461461191757347,0.6048687215024421,0.20598334513924638,0.09075801498465363
0xb359cde132d1782bae6a4470aded46ee8b4d4a376e40ca4b363a2b47022c2cf1,1782128700000,2026-06-22T11:45:00Z,1782128940000,2026-06-22T11:49:00Z,240,Up,1,calendar_ridge_logistic-l2-10,0.4987490830186519,0.6956521493388479,0.2512524817746424,lgbm-depth2-leaves3,0.7150695222816612,0.33537550705467917,0.08118537713280076,0.3602766422841687
0x0ec3e721379445c138d233e7804cc546a0569265c78ffa34c40d40d1faa5bad8,1782129000000,2026-06-22T11:50:00Z,1782129030000,2026-06-22T11:50:30Z,30,Down,0,calendar_ridge_logistic-l2-10,0.4987107637652176,0.6905720266472045,0.2487124258952867,lgbm-depth2-leaves3,0.5198171541911641,0.7335883188467358,0.27020987379140055,-0.04301629219953129
0x0ec3e721379445c138d233e7804cc546a0569265c78ffa34c40d40d1faa5bad8,1782129000000,2026-06-22T11:50:00Z,1782129060000,2026-06-22T11:51:00Z,60,Down,0,calendar_ridge_logistic-l2-10,0.49869794684555707,0.6905464590608971,0.24869964218797408,lgbm-depth2-leaves3,0.24148050074209568,0.27638677286689417,0.05831283223865327,0.4141596861940029
0x0ec3e721379445c138d233e7804cc546a0569265c78ffa34c40d40d1faa5bad8,1782129000000,2026-06-22T11:50:00Z,1782129090000,2026-06-22T11:51:30Z,90,Down,0,calendar_ridge_logistic-l2-10,0.49868509442617404,0.6905208213150524,0.24868682340284212,lgbm-depth2-leaves3,0.5198392419125397,0.7336343184687251,0.270232837432204,-0.04311349715367263
0x0ec3e721379445c138d233e7804cc546a0569265c78ffa34c40d40d1faa5bad8,1782129000000,2026-06-22T11:50:00Z,1782129120000,2026-06-22T11:52:00Z,120,Down,0,calendar_ridge_logistic-l2-10,0.4986722070282007,0.6904951144545871,0.24867397006237665,lgbm-depth2-leaves3,0.3834843534764459,0.4836715770995447,0.1470602493612477,0.20682353735504239
0x0ec3e721379445c138d233e7804cc546a0569265c78ffa34c40d40d1faa5bad8,1782129000000,2026-06-22T11:50:00Z,1782129150000,2026-06-22T11:52:30Z,150,Down,0,calendar_ridge_logistic-l2-10,0.49865928386246494,0.6904693369107248,0.2486610813822264,lgbm-depth2-leaves3,0.37432820617765433,0.46892933638924994,0.1401216059401805,0.22154000052147482
0x0ec3e721379445c138d233e7804cc546a0569265c78ffa34c40d40d1faa5bad8,1782129000000,2026-06-22T11:50:00Z,1782129180000,2026-06-22T11:53:00Z,180,Down,0,calendar_ridge_logistic-l2-10,0.49864632582170615,0.6904434904696064,0.24864815825548714,lgbm-depth2-leaves3,0.2405943695123023,0.2752192168220115,0.05788565064102225,0.4152242736475949
0x0ec3e721379445c138d233e7804cc546a0569265c78ffa34c40d40d1faa5bad8,1782129000000,2026-06-22T11:50:00Z,1782129210000,2026-06-22T11:53:30Z,210,Down,0,calendar_ridge_logistic-l2-10,0.4986333325688511,0.6904175744642824,0.24863520034871847,lgbm-depth2-leaves3,0.4656044071435297,0.6266189036940245,0.21678746395147777,0.06379867077025791
0x0ec3e721379445c138d233e7804cc546a0569265c78ffa34c40d40d1faa5bad8,1782129000000,2026-06-22T11:50:00Z,1782129240000,2026-06-22T11:54:00Z,240,Down,0,calendar_ridge_logistic-l2-10,0.4986203041499379,0.6903915889920015,0.24862220771057658,lgbm-depth2-leaves3,0.5484908783340666,0.7951597033038522,0.30084224361567585,-0.10476811431185074
0xc426b1a38e6344674ff7bc46f883b2dfd7aaf19d08a22f452f081b30d3fb858e,1782129300000,2026-06-22T11:55:00Z,1782129330000,2026-06-22T11:55:30Z,30,Down,0,calendar_ridge_logistic-l2-10,0.49858092786400476,0.6903130562151165,0.24858294162973193,lgbm-depth2-leaves3,0.26309310746009174,0.30529372782653447,0.06921798319300737,0.38501932838858205
0xc426b1a38e6344674ff7bc46f883b2dfd7aaf19d08a22f452f081b30d3fb858e,1782129300000,2026-06-22T11:55:00Z,1782129360000,2026-06-22T11:56:00Z,60,Down,0,calendar_ridge_logistic-l2-10,0.4985677598773001,0.6902867951202873,0.24856981118906918,lgbm-depth2-leaves3,0.4616953730679853,0.6193306579997888,0.21316261751238613,0.07095613712049853
0xc426b1a38e6344674ff7bc46f883b2dfd7aaf19d08a22f452f081b30d3fb858e,1782129300000,2026-06-22T11:55:00Z,1782129390000,2026-06-22T11:56:30Z,90,Down,0,calendar_ridge_logistic-l2-10,0.4985545570524584,0.6902604652396541,0.24855664635777297,lgbm-depth2-leaves3,0.4914240933623028,0.6761407990436564,0.2414976395369613,0.014119666195997693
0xc426b1a38e6344674ff7bc46f883b2dfd7aaf19d08a22f452f081b30d3fb858e,1782129300000,2026-06-22T11:55:00Z,1782129420000,2026-06-22T11:57:00Z,120,Down,0,calendar_ridge_logistic-l2-10,0.49854131945275887,0.6902340667048587,0.24854344720169777,lgbm-depth2-leaves3,0.2483537395550451,0.28548946404878134,0.06167957995097518,0.4047446026560773
0xc426b1a38e6344674ff7bc46f883b2dfd7aaf19d08a22f452f081b30d3fb858e,1782129300000,2026-06-22T11:55:00Z,1782129450000,2026-06-22T11:57:30Z,150,Down,0,calendar_ridge_logistic-l2-10,0.4985280471414917,0.690207599647565,0.24853021378670936,lgbm-depth2-leaves3,0.4160538277275388,0.5379464711682297,0.17310078756673652,0.15226112847933526
0xc426b1a38e6344674ff7bc46f883b2dfd7aaf19d08a22f452f081b30d3fb858e,1782129300000,2026-06-22T11:55:00Z,1782129480000,2026-06-22T11:58:00Z,180,Down,0,calendar_ridge_logistic-l2-10,0.49851474018194075,0.6901810641994252,0.2485169461786679,lgbm-depth2-leaves3,0.7240927131443047,1.287690386887314,0.5243102572286803,-0.5975093226878888
0xc426b1a38e6344674ff7bc46f883b2dfd7aaf19d08a22f452f081b30d3fb858e,1782129300000,2026-06-22T11:55:00Z,1782129510000,2026-06-22T11:58:30Z,210,Down,0,calendar_ridge_logistic-l2-10,0.49850139906936924,0.6901544613534685,0.24850364487411852,lgbm-depth2-leaves3,0.633819431296224,1.0046287101272366,0.40172707148866876,-0.3144742487737682
0xc426b1a38e6344674ff7bc46f883b2dfd7aaf19d08a22f452f081b30d3fb858e,1782129300000,2026-06-22T11:55:00Z,1782129540000,2026-06-22T11:59:00Z,240,Down,0,calendar_ridge_logistic-l2-10,0.4984880230088589,0.6901277895300489,0.24849030908328065,lgbm-depth2-leaves3,0.5327808747991486,0.7609569125164727,0.28385546055174604,-0.07082912298642374
0x1ecf0c085310fc1e1001aa42a6c8660140baa9508854ecbc30057505c5ed9e43,1782129600000,2026-06-22T12:00:00Z,1782129630000,2026-06-22T12:00:30Z,30,Up,1,calendar_ridge_logistic-l2-10,0.49844760850534736,0.6962567933876135,0.2515548014140054,lgbm-depth2-leaves3,0.37466104259093297,0.9817335481875675,0.391048811653459,-0.28547675479995405
0x1ecf0c085310fc1e1001aa42a6c8660140baa9508854ecbc30057505c5ed9e43,1782129600000,2026-06-22T12:00:00Z,1782129660000,2026-06-22T12:01:00Z,60,Up,1,calendar_ridge_logistic-l2-10,0.49843409544297335,0.6962839040514391,0.25156835661410837,lgbm-depth2-leaves3,0.3976015026295551,0.9223050249574754,0.3628839496341698,-0.2260211209060362
0x1ecf0c085310fc1e1001aa42a6c8660140baa9508854ecbc30057505c5ed9e43,1782129600000,2026-06-22T12:00:00Z,1782129690000,2026-06-22T12:01:30Z,90,Up,1,calendar_ridge_logistic-l2-10,0.4984205486101807,0.6963110832051388,0.2515819460565121,lgbm-depth2-leaves3,0.8279684936608234,0.18878017645511144,0.02959483917332617,0.5075309067500273
0x1ecf0c085310fc1e1001aa42a6c8660140baa9508854ecbc30057505c5ed9e43,1782129600000,2026-06-22T12:00:00Z,1782129720000,2026-06-22T12:02:00Z,120,Up,1,calendar_ridge_logistic-l2-10,0.49840696721491784,0.6963383324434435,0.2515955705385365,lgbm-depth2-leaves3,0.7594200734717081,0.2752001982025962,0.05787870104835831,0.42113813424084723
0x1ecf0c085310fc1e1001aa42a6c8660140baa9508854ecbc30057505c5ed9e43,1782129600000,2026-06-22T12:00:00Z,1782129750000,2026-06-22T12:02:30Z,150,Up,1,calendar_ridge_logistic-l2-10,0.4983933521786868,0.6963656499231172,0.251609229138535,lgbm-depth2-leaves3,0.5801430538778528,0.5444805612364675,0.1762798552070156,0.15188508868664974
0x1ecf0c085310fc1e1001aa42a6c8660140baa9508854ecbc30057505c5ed9e43,1782129600000,2026-06-22T12:00:00Z,1782129780000,2026-06-22T12:03:00Z,180,Up,1,calendar_ridge_logistic-l2-10,0.49837970313854435,0.6963930363779787,0.25162292222337485,lgbm-depth2-leaves3,0.26691375080658025,1.320829703454504,0.5374154487564768,-0.6244366670765253
0x1ecf0c085310fc1e1001aa42a6c8660140baa9508854ecbc30057505c5ed9e43,1782129600000,2026-06-22T12:00:00Z,1782129810000,2026-06-22T12:03:30Z,210,Up,1,calendar_ridge_logistic-l2-10,0.498366020157778,0.6964204916866846,0.2516366497323468,lgbm-depth2-leaves3,0.239299830629593,1.4300379918424309,0.5786647476801658,-0.7336175001557462
0x1ecf0c085310fc1e1001aa42a6c8660140baa9508854ecbc30057505c5ed9e43,1782129600000,2026-06-22T12:00:00Z,1782129840000,2026-06-22T12:04:00Z,240,Up,1,calendar_ridge_logistic-l2-10,0.4983523032996815,0.6964480157278797,0.2516504116047347,lgbm-depth2-leaves3,0.6532960879970576,0.4257248252184801,0.12020360259814401,0.27072319050939964
0xe8903db8bcb2e481e3b53690fffef8a461a4532c21d4411a82230979979c1005,1782129900000,2026-06-22T12:05:00Z,1782129930000,2026-06-22T12:05:30Z,30,Down,0,calendar_ridge_logistic-l2-10,0.49831086938864927,0.6897746128425263,0.24831372255087147,lgbm-depth2-leaves3,0.3783081463423139,0.4753107211259967,0.1431170535889576,0.21446389171652958
0xe8903db8bcb2e481e3b53690fffef8a461a4532c21d4411a82230979979c1005,1782129900000,2026-06-22T12:05:00Z,1782129960000,2026-06-22T12:06:00Z,60,Down,0,calendar_ridge_logistic-l2-10,0.4982970180889859,0.6897470038958515,0.24829991823637515,lgbm-depth2-leaves3,0.5051143475698432,0.7034285482908582,0.25514050412090833,-0.013681544395006684
0xe8903db8bcb2e481e3b53690fffef8a461a4532c21d4411a82230979979c1005,1782129900000,2026-06-22T12:05:00Z,1782129990000,2026-06-22T12:06:30Z,90,Down,0,calendar_ridge_logistic-l2-10,0.4982831332341938,0.6897193288308001,0.24828608086568535,lgbm-depth2-leaves3,0.5868492970253978,0.8839428543366884,0.34439209741920357,-0.19422352550588828
0xe8903db8bcb2e481e3b53690fffef8a461a4532c21d4411a82230979979c1005,1782129900000,2026-06-22T12:05:00Z,1782130020000,2026-06-22T12:07:00Z,120,Down,0,calendar_ridge_logistic-l2-10,0.4982692148933074,0.6896915877904751,0.24827221051039294,lgbm-depth2-leaves3,0.47221251200843983,0.6390615611591179,0.22298465649732094,0.05063002663135718
0xe8903db8bcb2e481e3b53690fffef8a461a4532c21d4411a82230979979c1005,1782129900000,2026-06-22T12:05:00Z,1782130050000,2026-06-22T12:07:30Z,150,Down,0,calendar_ridge_logistic-l2-10,0.4982552631123742,0.6896637808721632,0.24825830721918127,lgbm-depth2-leaves3,0.2771467474571136,0.32454904762808845,0.0768103196260571,0.36511473324407473
0xe8903db8bcb2e481e3b53690fffef8a461a4532c21d4411a82230979979c1005,1782129900000,2026-06-22T12:05:00Z,1782130080000,2026-06-22T12:08:00Z,180,Down,0,calendar_ridge_logistic-l2-10,0.4982412784125364,0.689635909120012,0.24824437151415862,lgbm-depth2-leaves3,0.25953316486956096,0.30047443340698143,0.06735746366721071,0.3891614757130306
0xe8903db8bcb2e481e3b53690fffef8a461a4532c21d4411a82230979979c1005,1782129900000,2026-06-22T12:05:00Z,1782130110000,2026-06-22T12:08:30Z,210,Down,0,calendar_ridge_logistic-l2-10,0.4982272599701274,0.689607970897951,0.24823040257734091,lgbm-depth2-leaves3,0.6812944139757469,1.1434875301810643,0.4641620785145563,-0.4538795592831133
0xe8903db8bcb2e481e3b53690fffef8a461a4532c21d4411a82230979979c1005,1782129900000,2026-06-22T12:05:00Z,1782130140000,2026-06-22T12:09:00Z,240,Down,0,calendar_ridge_logistic-l2-10,0.4982132087124008,0.6895799680594766,0.24821640133550626,lgbm-depth2-leaves3,0.3686309718240649,0.4598647566810432,0.13588879338795454,0.22971521137843343
0x54d28d9d3ce92994e799f3d074030bd8480aedfc461c1d9a5a57de9823a46594,1782130200000,2026-06-22T12:10:00Z,1782130230000,2026-06-22T12:10:30Z,30,Up,1,calendar_ridge_logistic-l2-10,0.4981707754978738,0.6968123380555363,0.2518325705644054,lgbm-depth2-leaves3,0.31615900395484026,1.1515100148740787,0.4676385078720361,-0.45469767681854234
0x54d28d9d3ce92994e799f3d074030bd8480aedfc461c1d9a5a57de9823a46594,1782130200000,2026-06-22T12:10:00Z,1782130260000,2026-06-22T12:11:00Z,60,Up,1,calendar_ridge_logistic-l2-10,0.4981565923819991,0.6968408088500421,0.2518468057696471,lgbm-depth2-leaves3,0.39330855127821174,0.9331608574003343,0.36807451395214225,-0.2363200485502922
0x54d28d9d3ce92994e799f3d074030bd8480aedfc461c1d9a5a57de9823a46594,1782130200000,2026-06-22T12:10:00Z,1782130290000,2026-06-22T12:11:30Z,90,Up,1,calendar_ridge_logistic-l2-10,0.4981423763439198,0.6968693465451046,0.25186107442172784,lgbm-depth2-leaves3,0.49310835823481347,0.7070263355107737,0.2569391364914062,-0.010156988965669078
0x54d28d9d3ce92994e799f3d074030bd8480aedfc461c1d9a5a57de9823a46594,1782130200000,2026-06-22T12:10:00Z,1782130320000,2026-06-22T12:12:00Z,120,Up,1,calendar_ridge_logistic-l2-10,0.4981281274756752,0.696897950961658,0.25187537643107205,lgbm-depth2-leaves3,0.7403010414192427,0.3006983627810782,0.0674435490879299,0.39619958818057976
0x54d28d9d3ce92994e799f3d074030bd8480aedfc461c1d9a5a57de9823a46594,1782130200000,2026-06-22T12:10:00Z,1782130350000,2026-06-22T12:12:30Z,150,Up,1,calendar_ridge_logistic-l2-10,0.498113846229416,0.6969266211976791,0.2518897113466303,lgbm-depth2-leaves3,0.7356424108584573,0.30701113313083206,0.0698849349367287,0.38991548806684706
0x54d28d9d3ce92994e799f3d074030bd8480aedfc461c1d9a5a57de9823a46594,1782130200000,2026-06-22T12:10:00Z,1782130380000,2026-06-22T12:13:00Z,180,Up,1,calendar_ridge_logistic-l2-10,0.4980995322680827,0.6969553579354971,0.2519040795095174,lgbm-depth2-leaves3,0.6143841061268831,0.48713496641739085,0.14869961760756295,0.20982039151810628
0x54d28d9d3ce92994e799f3d074030bd8480aedfc461c1d9a5a57de9823a46594,1782130200000,2026-06-22T12:10:00Z,1782130410000,2026-06-22T12:13:30Z,210,Up,1,calendar_ridge_logistic-l2-10,0.498085185637719,0.6969841610883799,0.251918480876323,lgbm-depth2-leaves3,0.3892695704177893,0.9434831922864431,0.3729916576176716,-0.24649903119806316
0x54d28d9d3ce92994e799f3d074030bd8480aedfc461c1d9a5a57de9823a46594,1782130200000,2026-06-22T12:10:00Z,1782130440000,2026-06-22T12:14:00Z,240,Up,1,calendar_ridge_logistic-l2-10,0.4980708064073745,0.6970130305234088,0.2519329153805434,lgbm-depth2-leaves3,0.5967493561523748,0.5162580926873241,0.16261108176352426,0.18075493783608465
0xd89d4cb057d8aee2ed956e99ff6f0b72e0742ff2a30d1ae56042451603a03c64,1782130500000,2026-06-22T12:15:00Z,1782130530000,2026-06-22T12:15:30Z,30,Down,0,calendar_ridge_logistic-l2-10,0.49802739397704543,0.6892097304547761,0.24803128515156722,lgbm-depth2-leaves3,0.35504617934982513,0.43857656064067446,0.1260577894709082,0.2506331698141016
0xd89d4cb057d8aee2ed956e99ff6f0b72e0742ff2a30d1ae56042451603a03c64,1782130500000,2026-06-22T12:15:00Z,1782130560000,2026-06-22T12:16:00Z,60,Down,0,calendar_ridge_logistic-l2-10,0.4980128858954472,0.6891808287343019,0.24801683451791168,lgbm-depth2-leaves3,0.5326297664304142,0.7606335440367589,0.28369446808771753,-0.071452715302457
0xd89d4cb057d8aee2ed956e99ff6f0b72e0742ff2a30d1ae56042451603a03c64,1782130500000,2026-06-22T12:15:00Z,1782130590000,2026-06-22T12:16:30Z,90,Down,0,calendar_ridge_logistic-l2-10,0.4979983450839989,0.6891518626504212,0.2480023517064016,lgbm-depth2-leaves3,0.30263325870770136,0.3604438354500405,0.0915868892760425,0.32870802720038067
0xd89d4cb057d8aee2ed956e99ff6f0b72e0742ff2a30d1ae56042451603a03c64,1782130500000,2026-06-22T12:15:00Z,1782130620000,2026-06-22T12:17:00Z,120,Down,0,calendar_ridge_logistic-l2-10,0.4979837729220463,0.6891228349563633,0.2479878380936762,lgbm-depth2-leaves3,0.2309101510647953,0.2625474776342322,0.05331949786476658,0.4265753573221311
0xd89d4cb057d8aee2ed956e99ff6f0b72e0742ff2a30d1ae56042451603a03c64,1782130500000,2026-06-22T12:15:00Z,1782130650000,2026-06-22T12:17:30Z,150,Down,0,calendar_ridge_logistic-l2-10,0.4979691681683378,0.6890937431850566,0.24797329244626629,lgbm-depth2-leaves3,0.3885232240474903,0.4918783033945869,0.15095029562425633,0.19721543979046968
0xd89d4cb057d8aee2ed956e99ff6f0b72e0742ff2a30d1ae56042451603a03c64,1782130500000,2026-06-22T12:15:00Z,1782130680000,2026-06-22T12:18:00Z,180,Down,0,calendar_ridge_logistic-l2-10,0.497954531773122,0.6890645892348717,0.24795871571338915,lgbm-depth2-leaves3,0.37432820617765433,0.46892933638924994,0.1401216059401805,0.22013525284562174
0xd89d4cb057d8aee2ed956e99ff6f0b72e0742ff2a30d1ae56042451603a03c64,1782130500000,2026-06-22T12:15:00Z,1782130710000,2026-06-22T12:18:30Z,210,Down,0,calendar_ridge_logistic-l2-10,0.4979398638284447,0.6890353732946078,0.24794410798949004,lgbm-depth2-leaves3,0.47062695295830714,0.6360619027600629,0.22148972885082063,0.05297347053454493
0xd89d4cb057d8aee2ed956e99ff6f0b72e0742ff2a30d1ae56042451603a03c64,1782130500000,2026-06-22T12:15:00Z,1782130740000,2026-06-22T12:19:00Z,240,Down,0,calendar_ridge_logistic-l2-10,0.49792516390525776,0.6890060945151728,0.2479294688500778,lgbm-depth2-leaves3,0.48101522041999484,0.6558807226817196,0.2313756422756962,0.03312537183345321
0xb0ff4bdb32f4d1dd08eac4d6de14f1b76ce5d3b4132af8f2a987ae30b19b2322,1782130800000,2026-06-22T12:20:00Z,1782130830000,2026-06-22T12:20:30Z,30,Up,1,calendar_ridge_logistic-l2-10,0.49788079271935204,0.6973946026610398,0.2521236983201463,lgbm-depth2-leaves3,0.46083662503048595,0.7747116913559706,0.29069714490851684,-0.07731708869493081
0xb0ff4bdb32f4d1dd08eac4d6de14f1b76ce5d3b4132af8f2a987ae30b19b2322,1782130800000,2026-06-22T12:20:00Z,1782130860000,2026-06-22T12:21:00Z,60,Up,1,calendar_ridge_logistic-l2-10,0.4978659660477277,0.697424382665835,0.25213858805318173,lgbm-depth2-leaves3,0.39892822102432296,0.9189737754578605,0.3612872834809851,-0.22154939279202557
0xb0ff4bdb32f4d1dd08eac4d6de14f1b76ce5d3b4132af8f2a987ae30b19b2322,1782130800000,2026-06-22T12:20:00Z,1782130890000,2026-06-22T12:21:30Z,90,Up,1,calendar_ridge_logistic-l2-10,0.497851108148942,0.6974542262813997,0.2521535095872455,lgbm-depth2-leaves3,0.6120281856874642,0.49097694248543583,0.15052212870096077,0.20647728379596392
0xb0ff4bdb32f4d1dd08eac4d6de14f1b76ce5d3b4132af8f2a987ae30b19b2322,1782130800000,2026-06-22T12:20:00Z,1782130920000,2026-06-22T12:22:00Z,120,Up,1,calendar_ridge_logistic-l2-10,0.49783621911503934,0.697484133328514,0.25216846283267874,lgbm-depth2-leaves3,0.6080093467680628,0.4975650241603454,0.1536566722212008,0.19991910916816857
0xb0ff4bdb32f4d1dd08eac4d6de14f1b76ce5d3b4132af8f2a987ae30b19b2322,1782130800000,2026-06-22T12:20:00Z,1782130950000,2026-06-22T12:22:30Z,150,Up,1,calendar_ridge_logistic-l2-10,0.4978212985629763,0.697514104582282,0.2521834481769754,lgbm-depth2-leaves3,0.4760772187526378,0.7421752136374036,0.27449508070997125,-0.04466110905512155
0xb0ff4bdb32f4d1dd08eac4d6de14f1b76ce5d3b4132af8f2a987ae30b19b2322,1782130800000,2026-06-22T12:20:00Z,1782130980000,2026-06-22T12:23:00Z,180,Up,1,calendar_ridge_logistic-l2-10,0.4978063470139006,0.6975441390015616,0.2521984650995228,lgbm-depth2-leaves3,0.8025780012384705,0.2199262308964191,0.038975445594997375,0.47761790810514254
0xb0ff4bdb32f4d1dd08eac4d6de14f1b76ce5d3b4132af8f2a987ae30b19b2322,1782130800000,2026-06-22T12:20:00Z,1782131010000,2026-06-22T12:23:30Z,210,Up,1,calendar_ridge_logistic-l2-10,0.49779136408476216,0.6975742373615167,0.25221351398784386,lgbm-depth2-leaves3,0.7420457904113134,0.2983443255742455,0.06654037424452408,0.3992299117872712
0xb0ff4bdb32f4d1dd08eac4d6de14f1b76ce5d3b4132af8f2a987ae30b19b2322,1782130800000,2026-06-22T12:20:00Z,1782131040000,2026-06-22T12:24:00Z,240,Up,1,calendar_ridge_logistic-l2-10,0.4977763502507167,0.6976043987133372,0.25222859436749084,lgbm-depth2-leaves3,0.7650462989446408,0.2678189254906906,0.055203241639611086,0.42978547322264665
0x31dcb474e0319203ef36f5ed3cdb63fc7addf6f0f3b43923894acc2957222c48,1782131100000,2026-06-22T12:25:00Z,1782131130000,2026-06-22T12:25:30Z,30,Up,1,calendar_ridge_logistic-l2-10,0.49773104124549566,0.6976954256723319,0.252274106928334,lgbm-depth2-leaves3,0.7013927351517687,0.3546872989690375,0.08916629862014175,0.3430081267032944
0x31dcb474e0319203ef36f5ed3cdb63fc7addf6f0f3b43923894acc2957222c48,1782131100000,2026-06-22T12:25:00Z,1782131160000,2026-06-22T12:26:00Z,60,Up,1,calendar_ridge_logistic-l2-10,0.49771590409925504,0.6977258384357897,0.25228931299482876,lgbm-depth2-leaves3,0.48888592041192486,0.7156261083151371,0.2612376023531652,-0.01790026987934734
0x31dcb474e0319203ef36f5ed3cdb63fc7addf6f0f3b43923894acc2957222c48,1782131100000,2026-06-22T12:25:00Z,1782131190000,2026-06-22T12:26:30Z,90,Up,1,calendar_ridge_logistic-l2-10,0.4977007355121726,0.6977563152963927,0.25230455110501243,lgbm-depth2-leaves3,0.23393540533111082,1.452710247325577,0.5868549632052095,-0.7549539320291844
0x31dcb474e0319203ef36f5ed3cdb63fc7addf6f0f3b43923894acc2957222c48,1782131100000,2026-06-22T12:25:00Z,1782131220000,2026-06-22T12:27:00Z,120,Up,1,calendar_ridge_logistic-l2-10,0.4976855368635928,0.6977868534884549,0.2523198198760169,lgbm-depth2-leaves3,0.2483537395550451,1.3929011799417994,0.5649721008408849,-0.6951143264533445
0x31dcb474e0319203ef36f5ed3cdb63fc7addf6f0f3b43923894acc2957222c48,1782131100000,2026-06-22T12:25:00Z,1782131250000,2026-06-22T12:27:30Z,150,Up,1,calendar_ridge_logistic-l2-10,0.4976703072953772,0.6978174547418783,0.25233512017272075,lgbm-depth2-leaves3,0.4619967352178026,0.7721974545534999,0.2894475129163032,-0.07437999981162158
0x31dcb474e0319203ef36f5ed3cdb63fc7addf6f0f3b43923894acc2957222c48,1782131100000,2026-06-22T12:25:00Z,1782131280000,2026-06-22T12:28:00Z,180,Up,1,calendar_ridge_logistic-l2-10,0.49765504742067596,0.6978481178303451,0.25235045138192325,lgbm-depth2-leaves3,0.5122648299437293,0.6689135416843761,0.23788559610981924,0.02893457614596895
0x31dcb474e0319203ef36f5ed3cdb63fc7addf6f0f3b43923894acc2957222c48,1782131100000,2026-06-22T12:25:00Z,1782131310000,2026-06-22T12:28:30Z,210,Up,1,calendar_ridge_logistic-l2-10,0.497639757193542,0.6978788428518449,0.2523658135525634,lgbm-depth2-leaves3,0.5423952580870084,0.6117602848591218,0.20940209982125566,0.08611855799272305
0x31dcb474e0319203ef36f5ed3cdb63fc7addf6f0f3b43923894acc2957222c48,1782131100000,2026-06-22T12:25:00Z,1782131340000,2026-06-22T12:29:00Z,240,Up,1,calendar_ridge_logistic-l2-10,0.49762443632293574,0.6979096303969153,0.25238120697984806,lgbm-depth2-leaves3,0.38523640322935926,0.9538980987743436,0.37793427991437495,-0.2559884683774283
0x9204bd50fd17f1444cc12afe0405465ad1585038380b23d1c409f1ab0edc5326,1782131400000,2026-06-22T12:30:00Z,1782131430000,2026-06-22T12:30:30Z,30,Down,0,calendar_ridge_logistic-l2-10,0.4975782115618941,0.6883152960621223,0.24758407662113302,lgbm-depth2-leaves3,0.4323163791918996,0.566191021065786,0.1868974517175943,0.12212427499633627
0x9204bd50fd17f1444cc12afe0405465ad1585038380b23d1c409f1ab0edc5326,1782131400000,2026-06-22T12:30:00Z,1782131460000,2026-06-22T12:31:00Z,60,Down,0,calendar_ridge_logistic-l2-10,0.4975627702943587,0.6882845628602346,0.24756871038299674,lgbm-depth2-leaves3,0.22839617529488163,0.2592840411132909,0.052164812889330295,0.42900052174694375
0x9204bd50fd17f1444cc12afe0405465ad1585038380b23d1c409f1ab0edc5326,1782131400000,2026-06-22T12:30:00Z,1782131490000,2026-06-22T12:31:30Z,90,Down,0,calendar_ridge_logistic-l2-10,0.49754729908872874,0.6882537710189398,0.2475533148304889,lgbm-depth2-leaves3,0.2502715240984075,0.2880441701324441,0.06263583577453978,0.4002096008864957
0x9204bd50fd17f1444cc12afe0405465ad1585038380b23d1c409f1ab0edc5326,1782131400000,2026-06-22T12:30:00Z,1782131520000,2026-06-22T12:32:00Z,120,Down,0,calendar_ridge_logistic-l2-10,0.4975317976079564,0.6882229198728992,0.24753788963100448,lgbm-depth2-leaves3,0.4528679087003942,0.6030650225322594,0.20508934273066856,0.08515789734063983
0x9204bd50fd17f1444cc12afe0405465ad1585038380b23d1c409f1ab0edc5326,1782131400000,2026-06-22T12:30:00Z,1782131550000,2026-06-22T12:32:30Z,150,Down,0,calendar_ridge_logistic-l2-10,0.4975162668022996,0.6881920113187524,0.24752243573289695,lgbm-depth2-leaves3,0.6348513193555764,1.0074506641104861,0.40303619768751603,-0.3192586527917337
0x9204bd50fd17f1444cc12afe0405465ad1585038380b23d1c409f1ab0edc5326,1782131400000,2026-06-22T12:30:00Z,1782131580000,2026-06-22T12:33:00Z,180,Down,0,calendar_ridge_logistic-l2-10,0.497500705721619,0.6881610434710247,0.24750695219350893,lgbm-depth2-leaves3,0.7540732866220508,1.402721700532464,0.5686265215969815,-0.7145606570614392
0x9204bd50fd17f1444cc12afe0405465ad1585038380b23d1c409f1ab0edc5326,1782131400000,2026-06-22T12:30:00Z,1782131610000,2026-06-22T12:33:30Z,210,Down,0,calendar_ridge_logistic-l2-10,0.497485114979067,0.688130017555422,0.24749143962573553,lgbm-depth2-leaves3,0.7208361443156807,1.2759563731922177,0.5196047469518968,-0.5878263556367956
0x9204bd50fd17f1444cc12afe0405465ad1585038380b23d1c409f1ab0edc5326,1782131400000,2026-06-22T12:30:00Z,1782131640000,2026-06-22T12:34:00Z,240,Down,0,calendar_ridge_logistic-l2-10,0.497469495095803,0.6880989346144488,0.24747589855087318,lgbm-depth2-leaves3,0.5966068964531669,0.9078437494266212,0.3559397888954798,-0.21974481481217234
0x5ce6f7ea9fb91be3cc952e7da8389c6a7a8b19e28e7c24cd2b1b204fe4833e28,1782131700000,2026-06-22T12:35:00Z,1782131730000,2026-06-22T12:35:30Z,30,Up,1,calendar_ridge_logistic-l2-10,0.4974223763982651,0.698315761897192,0.2525842677451672,lgbm-depth2-leaves3,0.7198955574410921,0.3286491366037205,0.07845849874123652,0.3696666252934715
0x5ce6f7ea9fb91be3cc952e7da8389c6a7a8b19e28e7c24cd2b1b204fe4833e28,1782131700000,2026-06-22T12:35:00Z,1782131760000,2026-06-22T12:36:00Z,60,Up,1,calendar_ridge_logistic-l2-10,0.4974066386963635,0.6983474009058339,0.2526000868264877,lgbm-depth2-leaves3,0.4756152192473445,0.7431461145779557,0.27497939828501056,-0.04479871367212174
0x5ce6f7ea9fb91be3cc952e7da8389c6a7a8b19e28e7c24cd2b1b204fe4833e28,1782131700000,2026-06-22T12:35:00Z,1782131790000,2026-06-22T12:36:30Z,90,Up,1,calendar_ridge_logistic-l2-10,0.49739087127185067,0.6983791006725827,0.25261593628086937,lgbm-depth2-leaves3,0.5094866614935314,0.6743516062625765,0.24060333525276145,0.024027494410006178
0x5ce6f7ea9fb91be3cc952e7da8389c6a7a8b19e28e7c24cd2b1b204fe4833e28,1782131700000,2026-06-22T12:35:00Z,1782131820000,2026-06-22T12:37:00Z,120,Up,1,calendar_ridge_logistic-l2-10,0.49737507498297406,0.6984108594776312,0.252631815248371,lgbm-depth2-leaves3,0.6813296479983597,0.3837090253456448,0.10155079324484932,0.3147018341319863
0x5ce6f7ea9fb91be3cc952e7da8389c6a7a8b19e28e7c24cd2b1b204fe4833e28,1782131700000,2026-06-22T12:35:00Z,1782131850000,2026-06-22T12:37:30Z,150,Up,1,calendar_ridge_logistic-l2-10,0.49735924958470223,0.6984426778192371,0.2526477239780537,lgbm-depth2-leaves3,0.5245547130458275,0.6452055419134893,0.22604822088693546,0.053237135905747746
0x5ce6f7ea9fb91be3cc952e7da8389c6a7a8b19e28e7c24cd2b1b204fe4833e28,1782131700000,2026-06-22T12:35:00Z,1782131880000,2026-06-22T12:38:00Z,180,Up,1,calendar_ridge_logistic-l2-10,0.4973433955061889,0.6984745548401597,0.2526636620412476,lgbm-depth2-leaves3,0.739324171521256,0.3020187918078033,0.06795188755307958,0.39645576303235647
0x5ce6f7ea9fb91be3cc952e7da8389c6a7a8b19e28e7c24cd2b1b204fe4833e28,1782131700000,2026-06-22T12:35:00Z,1782131910000,2026-06-22T12:38:30Z,210,Up,1,calendar_ridge_logistic-l2-10,0.49732751188930124,0.6985064922714668,0.25267963030340057,lgbm-depth2-leaves3,0.8125714698471451,0.20755140575795855,0.03512945391525963,0.4909550865135082
0x5ce6f7ea9fb91be3cc952e7da8389c6a7a8b19e28e7c24cd2b1b204fe4833e28,1782131700000,2026-06-22T12:35:00Z,1782131940000,2026-06-22T12:39:00Z,240,Up,1,calendar_ridge_logistic-l2-10,0.49731159977629635,0.6985384880231311,0.25269562771946646,lgbm-depth2-leaves3,0.7558483895435472,0.27991446584584256,0.05961000888847949,0.41862402217728856
0x0be12a61bebc29936dedc43b31123f925b7043a9a96b66b3a7a1acf63fb591ad,1782132000000,2026-06-22T12:40:00Z,1782132030000,2026-06-22T12:40:30Z,30,Down,0,calendar_ridge_logistic-l2-10,0.4972636094527063,0.6876893207160762,0.24727109728593363,lgbm-depth2-leaves3,0.7874880677638131,1.54875714049441,0.6201374568703839,-0.8610678197783338
0x0be12a61bebc29936dedc43b31123f925b7043a9a96b66b3a7a1acf63fb591ad,1782132000000,2026-06-22T12:40:00Z,1782132060000,2026-06-22T12:41:00Z,60,Down,0,calendar_ridge_logistic-l2-10,0.49724758252857604,0.6876574418448171,0.24725515833051304,lgbm-depth2-leaves3,0.7871393027676247,1.54711733083023,0.6195882819615023,-0.8594598889854128
0x0be12a61bebc29936dedc43b31123f925b7043a9a96b66b3a7a1acf63fb591ad,1782132000000,2026-06-22T12:40:00Z,1782132090000,2026-06-22T12:41:30Z,90,Down,0,calendar_ridge_logistic-l2-10,0.49723152729263836,0.6876255076779672,0.24723919173376976,lgbm-depth2-leaves3,0.30582074256824626,0.3650250558168316,0.09352632658499355,0.32260045186113556
0x0be12a61bebc29936dedc43b31123f925b7043a9a96b66b3a7a1acf63fb591ad,1782132000000,2026-06-22T12:40:00Z,1782132120000,2026-06-22T12:42:00Z,120,Down,0,calendar_ridge_logistic-l2-10,0.4972154434998546,0.6875935177334929,0.24722319725475708,lgbm-depth2-leaves3,0.22708702519308074,0.25758881783604054,0.05156851701104289,0.4300046998974523
0x0be12a61bebc29936dedc43b31123f925b7043a9a96b66b3a7a1acf63fb591ad,1782132000000,2026-06-22T12:40:00Z,1782132150000,2026-06-22T12:42:30Z,150,Down,0,calendar_ridge_logistic-l2-10,0.49719933115029324,0.6875614720169161,0.24720717489629895,lgbm-depth2-leaves3,0.4660524129330027,0.627457596399052,0.21720485160067407,0.06010387561786412
0x0be12a61bebc29936dedc43b31123f925b7043a9a96b66b3a7a1acf63fb591ad,1782132000000,2026-06-22T12:40:00Z,1782132180000,2026-06-22T12:43:00Z,180,Down,0,calendar_ridge_logistic-l2-10,0.4971831911942046,0.6875293724234849,0.24719112560605302,lgbm-depth2-leaves3,0.4521050318616637,0.6016716743851477,0.20439895983463593,0.0858576980383372
0x0be12a61bebc29936dedc43b31123f925b7043a9a96b66b3a7a1acf63fb591ad,1782132000000,2026-06-22T12:40:00Z,1782132210000,2026-06-22T12:43:30Z,210,Down,0,calendar_ridge_logistic-l2-10,0.4971670223443669,0.6874972163984814,0.2471750481067642,lgbm-depth2-leaves3,0.2953069660490823,0.34999298382513966,0.08720620419711385,0.3375042325733417
0x0be12a61bebc29936dedc43b31123f925b7043a9a96b66b3a7a1acf63fb591ad,1782132000000,2026-06-22T12:40:00Z,1782132240000,2026-06-22T12:44:00Z,240,Down,0,calendar_ridge_logistic-l2-10,0.4971508256430367,0.6874650060200846,0.24715894343755307,lgbm-depth2-leaves3,0.5153543642938896,0.7243373031266523,0.26559012079675903,-0.0368722971065677
0xe13fb0eca7cec5e5bc4c137fdeade676c39ad3cda0196814d8a90f98b48fcd57,1782132300000,2026-06-22T12:45:00Z,1782132330000,2026-06-22T12:45:30Z,30,Up,1,calendar_ridge_logistic-l2-10,0.4971019870469347,0.6989600686114169,0.2529064114321415,lgbm-depth2-leaves3,0.3425234620000208,1.0714151214361831,0.4322753980204381,-0.3724550528247662
0xe13fb0eca7cec5e5bc4c137fdeade676c39ad3cda0196814d8a90f98b48fcd57,1782132300000,2026-06-22T12:45:00Z,1782132360000,2026-06-22T12:46:00Z,60,Up,1,calendar_ridge_logistic-l2-10,0.4970856783581141,0.6989928766805361,0.2529228149125182,lgbm-depth2-leaves3,0.2309101510647953,1.4657266005529737,0.591499195735176,-0.7667337238724375
0xe13fb0eca7cec5e5bc4c137fdeade676c39ad3cda0196814d8a90f98b48fcd57,1782132300000,2026-06-22T12:45:00Z,1782132390000,2026-06-22T12:46:30Z,90,Up,1,calendar_ridge_logistic-l2-10,0.49706934261521857,0.6990257402532233,0.25293924613748836,lgbm-depth2-leaves3,0.7668880330040687,0.2654144687090429,0.054341189156712155,0.4336112715441804
0xe13fb0eca7cec5e5bc4c137fdeade676c39ad3cda0196814d8a90f98b48fcd57,1782132300000,2026-06-22T12:45:00Z,1782132420000,2026-06-22T12:47:00Z,120,Up,1,calendar_ridge_logistic-l2-10,0.4970529787761234,0.6990586614315221,0.2529557061579706,lgbm-depth2-leaves3,0.7537309971522295,0.28271974233353214,0.06064842176363521,0.4163389190979899
0xe13fb0eca7cec5e5bc4c137fdeade676c39ad3cda0196814d8a90f98b48fcd57,1782132300000,2026-06-22T12:45:00Z,1782132450000,2026-06-22T12:47:30Z,150,Up,1,calendar_ridge_logistic-l2-10,0.49703658797508465,0.699091637939049,0.25297219383574476,lgbm-depth2-leaves3,0.43857960955229996,0.824213933927873,0.3151928548104479,-0.12512229598882396
0xe13fb0eca7cec5e5bc4c137fdeade676c39ad3cda0196814d8a90f98b48fcd57,1782132300000,2026-06-22T12:45:00Z,1782132480000,2026-06-22T12:48:00Z,180,Up,1,calendar_ridge_logistic-l2-10,0.49702016935398036,0.6991246715077759,0.25298871003669854,lgbm-depth2-leaves3,0.6444316396953919,0.4393865294194307,0.12642885884970764,0.2597381420883452
0xe13fb0eca7cec5e5bc4c137fdeade676c39ad3cda0196814d8a90f98b48fcd57,1782132300000,2026-06-22T12:45:00Z,1782132510000,2026-06-22T12:48:30Z,210,Up,1,calendar_ridge_logistic-l2-10,0.49700372324996944,0.6991577614649385,0.2530052544243933,lgbm-depth2-leaves3,0.7724458829912119,0.2581933270444675,0.051780876167649245,0.44096443442047095
0xe13fb0eca7cec5e5bc4c137fdeade676c39ad3cda0196814d8a90f98b48fcd57,1782132300000,2026-06-22T12:45:00Z,1782132540000,2026-06-22T12:49:00Z,240,Up,1,calendar_ridge_logistic-l2-10,0.4969872495100296,0.6991909081239983,0.2530218271554852,lgbm-depth2-leaves3,0.7789596273424803,0.24979606071567356,0.048858846344575206,0.44939484740832475
0x2572da6844ad282c1d000d4d773f38d16fb57d7fb1614f579cf317cded1b4c42,1782132600000,2026-06-22T12:50:00Z,1782132630000,2026-06-22T12:50:30Z,30,Down,0,calendar_ridge_logistic-l2-10,0.4969375853827503,0.6870410318541281,0.24694696376603822,lgbm-depth2-leaves3,0.37685003442095605,0.47296807394678403,0.14201594844307575,0.2140729579073441
0x2572da6844ad282c1d000d4d773f38d16fb57d7fb1614f579cf317cded1b4c42,1782132600000,2026-06-22T12:50:00Z,1782132660000,2026-06-22T12:51:00Z,60,Down,0,calendar_ridge_logistic-l2-10,0.4969210035212548,0.6870080705599917,0.24693048374057092,lgbm-depth2-leaves3,0.5350323638321591,0.7657874754559999,0.2862596303478279,-0.07877940489600821
0x2572da6844ad282c1d000d4d773f38d16fb57d7fb1614f579cf317cded1b4c42,1782132600000,2026-06-22T12:50:00Z,1782132690000,2026-06-22T12:51:30Z,90,Down,0,calendar_ridge_logistic-l2-10,0.49690439463726344,0.6869750566398183,0.24691397740982524,lgbm-depth2-leaves3,0.5400608956541513,0.7766611801190983,0.2916657710147641,-0.08968612347928007
0x2572da6844ad282c1d000d4d773f38d16fb57d7fb1614f579cf317cded1b4c42,1782132600000,2026-06-22T12:50:00Z,1782132720000,2026-06-22T12:52:00Z,120,Down,0,calendar_ridge_logistic-l2-10,0.49688775891483705,0.6869419904647002,0.24689744495940924,lgbm-depth2-leaves3,0.371137227637821,0.4638422140294461,0.13774284173868775,0.22309977643525408
0x2572da6844ad282c1d000d4d773f38d16fb57d7fb1614f579cf317cded1b4c42,1782132600000,2026-06-22T12:50:00Z,1782132750000,2026-06-22T12:52:30Z,150,Down,0,calendar_ridge_logistic-l2-10,0.4968710963540512,0.6869088720400072,0.2468808863920768,lgbm-depth2-leaves3,0.2841440817113936,0.33427636371174824,0.08073785917161112,0.35263250832825893
0x2572da6844ad282c1d000d4d773f38d16fb57d7fb1614f579cf317cded1b4c42,1782132600000,2026-06-22T12:50:00Z,1782132780000,2026-06-22T12:53:00Z,180,Down,0,calendar_ridge_logistic-l2-10,0.4968544073840655,0.6868757022239198,0.24686430213697091,lgbm-depth2-leaves3,0.7922224250690603,1.571287122738405,0.6276163707823028,-0.8844114205144853
0x2572da6844ad282c1d000d4d773f38d16fb57d7fb1614f579cf317cded1b4c42,1782132600000,2026-06-22T12:50:00Z,1782132810000,2026-06-22T12:53:30Z,210,Down,0,calendar_ridge_logistic-l2-10,0.49683769175985276,0.6868424805346137,0.24684769195325845,lgbm-depth2-leaves3,0.7182442161751779,1.2667145980570795,0.5158747540690957,-0.5798721175224658
0x2572da6844ad282c1d000d4d773f38d16fb57d7fb1614f579cf317cded1b4c42,1782132600000,2026-06-22T12:50:00Z,1782132840000,2026-06-22T12:54:00Z,240,Down,0,calendar_ridge_logistic-l2-10,0.49682094938949173,0.6868092067946141,0.2468310557522759,lgbm-depth2-leaves3,0.2446865999237754,0.2806225164243421,0.05987153218225772,0.406186690370272
0x2bdefa75fb347e5c6d0977b4f0fc92ded653d8cf810c1a30f5810ad9e41e2372,1782132900000,2026-06-22T12:55:00Z,1782132930000,2026-06-22T12:55:30Z,30,Up,1,calendar_ridge_logistic-l2-10,0.4967704831474278,0.6996271640823999,0.25323994663167326,lgbm-depth2-leaves3,0.37510362291043126,0.9805529634220603,0.39049548209966856,-0.28092579933966044
0x2bdefa75fb347e5c6d0977b4f0fc92ded653d8cf810c1a30f5810ad9e41e2372,1782132900000,2026-06-22T12:55:00Z,1782132960000,2026-06-22T12:56:00Z,60,Up,1,calendar_ridge_logistic-l2-10,0.49675363557137375,0.6996610788626014,0.2532569033106297,lgbm-depth2-leaves3,0.6575528264231314,0.41923017378787186,0.11727006669078598,0.28043090507472956
0x2bdefa75fb347e5c6d0977b4f0fc92ded653d8cf810c1a30f5810ad9e41e2372,1782132900000,2026-06-22T12:55:00Z,1782132990000,2026-06-22T12:56:30Z,90,Up,1,calendar_ridge_logistic-l2-10,0.49673676170952275,0.6996950477100081,0.25327388701461767,lgbm-depth2-leaves3,0.7290586327263608,0.31600112122779705,0.07340922450010902,0.38369392648221107
0x2bdefa75fb347e5c6d0977b4f0fc92ded653d8cf810c1a30f5810ad9e41e2372,1782132900000,2026-06-22T12:55:00Z,1782133020000,2026-06-22T12:57:00Z,120,Up,1,calendar_ridge_logistic-l2-10,0.4967198619910303,0.6997290697661118,0.25329089731432763,lgbm-depth2-leaves3,0.584766260206322,0.5365430667965976,0.17241905866304386,0.16318600296951424
0x2bdefa75fb347e5c6d0977b4f0fc92ded653d8cf810c1a30f5810ad9e41e2372,1782132900000,2026-06-22T12:55:00Z,1782133050000,2026-06-22T12:57:30Z,150,Up,1,calendar_ridge_logistic-l2-10,0.4967029365079739,0.6997631448509268,0.25330793411969654,lgbm-depth2-leaves3,0.3834750011685716,0.958480846300643,0.38010307418409284,-0.2587177014497162
0x2bdefa75fb347e5c6d0977b4f0fc92ded653d8cf810c1a30f5810ad9e41e2372,1782132900000,2026-06-22T12:55:00Z,1782133080000,2026-06-22T12:58:00Z,180,Up,1,calendar_ridge_logistic-l2-10,0.4966859847393372,0.6997972740188203,0.25332499795781066,lgbm-depth2-leaves3,0.4558705630616759,0.7855463626965418,0.2960768441428176,-0.08574908867772146
0x2bdefa75fb347e5c6d0977b4f0fc92ded653d8cf810c1a30f5810ad9e41e2372,1782132900000,2026-06-22T12:55:00Z,1782133110000,2026-06-22T12:58:30Z,210,Up,1,calendar_ridge_logistic-l2-10,0.4966690074822714,0.6998314556702951,0.25334208802888175,lgbm-depth2-leaves3,0.7949445008071377,0.22948297707014506,0.04204775774923393,0.47034847860015006
0x2bdefa75fb347e5c6d0977b4f0fc92ded653d8cf810c1a30f5810ad9e41e2372,1782132900000,2026-06-22T12:55:00Z,1782133140000,2026-06-22T12:59:00Z,240,Up,1,calendar_ridge_logistic-l2-10,0.4966520043688654,0.6998656905514761,0.25335920470588075,lgbm-depth2-leaves3,0.4625249910953313,0.7710546886887681,0.2888793851970737,-0.07118899813729207
0x464f0ca18263cf99776c0aa914ee28f55178f624d84985db8a950137af92fbb5,1782133200000,2026-06-22T13:00:00Z,1782133230000,2026-06-22T13:00:30Z,30,Down,0,calendar_ridge_logistic-l2-10,0.4966007600423312,0.686371706099962,0.24661231487462104,lgbm-depth2-leaves3,0.239299830629593,0.2735159943281807,0.0572644089393519,0.4128557117717813
0x464f0ca18263cf99776c0aa914ee28f55178f624d84985db8a950137af92fbb5,1782133200000,2026-06-22T13:00:00Z,1782133260000,2026-06-22T13:01:00Z,60,Down,0,calendar_ridge_logistic-l2-10,0.4965836547312043,0.6863377270647155,0.24659532614619992,lgbm-depth2-leaves3,0.2584275464444352,0.29898241003260717,0.06678479676129072,0.38735531703210835
0x464f0ca18263cf99776c0aa914ee28f55178f624d84985db8a950137af92fbb5,1782133200000,2026-06-22T13:00:00Z,1782133290000,2026-06-22T13:01:30Z,90,Down,0,calendar_ridge_logistic-l2-10,0.49656652411609864,0.6863036989211981,0.24657831287274398,lgbm-depth2-leaves3,0.5683038727854154,0.8400333474718679,0.32296929182290157,-0.15372964855066973
0x464f0ca18263cf99776c0aa914ee28f55178f624d84985db8a950137af92fbb5,1782133200000,2026-06-22T13:00:00Z,1782133320000,2026-06-22T13:02:00Z,120,Down,0,calendar_ridge_logistic-l2-10,0.49654936838107855,0.6862696220400677,0.24656127523964805,lgbm-depth2-leaves3,0.36659560393537505,0.45664620447758225,0.13439233682474236,0.22962341756248544
0x464f0ca18263cf99776c0aa914ee28f55178f624d84985db8a950137af92fbb5,1782133200000,2026-06-22T13:00:00Z,1782133350000,2026-06-22T13:02:30Z,150,Down,0,calendar_ridge_logistic-l2-10,0.49653218734223126,0.686235496061054,0.24654421306686064,lgbm-depth2-leaves3,0.4045965870360347,0.5185160981965924,0.16369839824120758,0.16771939786446166
0x464f0ca18263cf99776c0aa914ee28f55178f624d84985db8a950137af92fbb5,1782133200000,2026-06-22T13:00:00Z,1782133380000,2026-06-22T13:03:00Z,180,Down,0,calendar_ridge_logistic-l2-10,0.4965149813676201,0.6862013217202544,0.24652712672248817,lgbm-depth2-leaves3,0.5762778040380796,0.8586772366893415,0.3320961074269513,-0.1724759149690871
0x464f0ca18263cf99776c0aa914ee28f55178f624d84985db8a950137af92fbb5,1782133200000,2026-06-22T13:00:00Z,1782133410000,2026-06-22T13:03:30Z,210,Down,0,calendar_ridge_logistic-l2-10,0.4964977507024124,0.6861670995095908,0.24651001645255488,lgbm-depth2-leaves3,0.6359655291482805,1.0105067156870853,0.4044521542648524,-0.3243396161774945
0x464f0ca18263cf99776c0aa914ee28f55178f624d84985db8a950137af92fbb5,1782133200000,2026-06-22T13:00:00Z,1782133440000,2026-06-22T13:04:00Z,240,Down,0,calendar_ridge_logistic-l2-10,0.49648049448851506,0.686132827729827,0.24649288140756043,lgbm-depth2-leaves3,0.7970682465131355,1.5948855461846616,0.6353177895995245,-0.9087527184548346
0x04afcd875b77655d4a879e4b6bf883f466f9988a1063297083a093c99a2ac5e3,1782133500000,2026-06-22T13:05:00Z,1782133530000,2026-06-22T13:05:30Z,30,Down,0,calendar_ridge_logistic-l2-10,0.4964284969359013,0.6860295648623856,0.24644125257003816,lgbm-depth2-leaves3,0.4785575083907999,0.6511562855804293,0.22901728883721054,0.03487327928195638
0x04afcd875b77655d4a879e4b6bf883f466f9988a1063297083a093c99a2ac5e3,1782133500000,2026-06-22T13:05:00Z,1782133560000,2026-06-22T13:06:00Z,60,Down,0,calendar_ridge_logistic-l2-10,0.49641114220654114,0.6859951021689827,0.2464240221068028,lgbm-depth2-leaves3,0.24789818282148218,0.28488356901319867,0.061453509046193004,0.4011115331557841
0x04afcd875b77655d4a879e4b6bf883f466f9988a1063297083a093c99a2ac5e3,1782133500000,2026-06-22T13:05:00Z,1782133590000,2026-06-22T13:06:30Z,90,Down,0,calendar_ridge_logistic-l2-10,0.4963937629099524,0.6859605918806012,0.24640676785590204,lgbm-depth2-leaves3,0.34437025526059006,0.42215906288630756,0.11859087270824396,0.26380152899429365
0x04afcd875b77655d4a879e4b6bf883f466f9988a1063297083a093c99a2ac5e3,1782133500000,2026-06-22T13:05:00Z,1782133620000,2026-06-22T13:07:00Z,120,Down,0,calendar_ridge_logistic-l2-10,0.49637635947529396,0.6859260348543513,0.24638949024594625,lgbm-depth2-leaves3,0.3845022403950392,0.48532397332369986,0.14784197286880452,0.20060206153065147
0x04afcd875b77655d4a879e4b6bf883f466f9988a1063297083a093c99a2ac5e3,1782133500000,2026-06-22T13:05:00Z,1782133650000,2026-06-22T13:07:30Z,150,Down,0,calendar_ridge_logistic-l2-10,0.4963589314735641,0.6858914302433191,0.24637218885357828,lgbm-depth2-leaves3,0.3808405091006265,0.47939238052084915,0.14503949337202438,0.20649904972246996
0x04afcd875b77655d4a879e4b6bf883f466f9988a1063297083a093c99a2ac5e3,1782133500000,2026-06-22T13:05:00Z,1782133680000,2026-06-22T13:08:00Z,180,Down,0,calendar_ridge_logistic-l2-10,0.4963414789048408,0.6858567780526406,0.24635486368144455,lgbm-depth2-leaves3,0.37773189559544385,0.47438424309211047,0.14268138495012728,0.2114725349605301
0x04afcd875b77655d4a879e4b6bf883f466f9988a1063297083a093c99a2ac5e3,1782133500000,2026-06-22T13:05:00Z,1782133710000,2026-06-22T13:08:30Z,210,Down,0,calendar_ridge_logistic-l2-10,0.49632400262737125,0.6858220799912699,0.24633751558405484,lgbm-depth2-leaves3,0.31846377712231677,0.38340587756665945,0.10141917733901265,0.3024162024246104
0x04afcd875b77655d4a879e4b6bf883f466f9988a1063297083a093c99a2ac5e3,1782133500000,2026-06-22T13:05:00Z,1782133740000,2026-06-22T13:09:00Z,240,Down,0,calendar_ridge_logistic-l2-10,0.49630650215105826,0.6857873350910167,0.2463201440774184,lgbm-depth2-leaves3,0.2807074497551727,0.32948711911390277,0.07879667234805281,0.356300215977114
0x0efc584c81ff251d87bc17f4c8cbb04494bbbfcd94d10016cbdaa204940dd296,1782133800000,2026-06-22T13:10:00Z,1782133830000,2026-06-22T13:10:30Z,30,Up,1,calendar_ridge_logistic-l2-10,0.49625377580242463,0.7006678383398094,0.2537602583933139,lgbm-depth2-leaves3,0.5647410759902411,0.5713879254583127,0.18945033093013303,0.12927991288149665
0x0efc584c81ff251d87bc17f4c8cbb04494bbbfcd94d10016cbdaa204940dd296,1782133800000,2026-06-22T13:10:00Z,1782133860000,2026-06-22T13:11:00Z,60,Up,1,calendar_ridge_logistic-l2-10,0.4962361798188242,0.7007032966001225,0.25377798652353206,lgbm-depth2-leaves3,0.7351173674376932,0.30772510892866933,0.07016280903313804,0.3929781876714532
0x0efc584c81ff251d87bc17f4c8cbb04494bbbfcd94d10016cbdaa204940dd296,1782133800000,2026-06-22T13:10:00Z,1782133890000,2026-06-22T13:11:30Z,90,Up,1,calendar_ridge_logistic-l2-10,0.49621855988187524,0.7007388043895378,0.2537957394074917,lgbm-depth2-leaves3,0.677357066632148,0.3895567202466207,0.10409846245221219,0.31118208414291715
0x0efc584c81ff251d87bc17f4c8cbb04494bbbfcd94d10016cbdaa204940dd296,1782133800000,2026-06-22T13:10:00Z,1782133920000,2026-06-22T13:12:00Z,120,Up,1,calendar_ridge_logistic-l2-10,0.4962009169727164,0.700774359735986,0.25381351605913177,lgbm-depth2-leaves3,0.6016100366110965,0.5081458232890336,0.1587145629290119,0.19262853644695244
0x0efc584c81ff251d87bc17f4c8cbb04494bbbfcd94d10016cbdaa204940dd296,1782133800000,2026-06-22T13:10:00Z,1782133950000,2026-06-22T13:12:30Z,150,Up,1,calendar_ridge_logistic-l2-10,0.49618325004927505,0.7008099647446717,0.25383131753091126,lgbm-depth2-leaves3,0.6260112221327876,0.4683869813130278,0.13986760597061115,0.23242298343164391
0x0efc584c81ff251d87bc17f4c8cbb04494bbbfcd94d10016cbdaa204940dd296,1782133800000,2026-06-22T13:10:00Z,1782133980000,2026-06-22T13:13:00Z,180,Up,1,calendar_ridge_logistic-l2-10,0.49616555972470716,0.7008456181850659,0.25384914320751756,lgbm-depth2-leaves3,0.7513945487289745,0.2858244006876233,0.06180467040167024,0.41502121749744253
0x0efc584c81ff251d87bc17f4c8cbb04494bbbfcd94d10016cbdaa204940dd296,1782133800000,2026-06-22T13:10:00Z,1782134010000,2026-06-22T13:13:30Z,210,Up,1,calendar_ridge_logistic-l2-10,0.49614784642817594,0.7008813191973132,0.253866992658965,lgbm-depth2-leaves3,0.7378688980921239,0.3039891150240027,0.06871271458743734,0.3968922041733105
0x0efc584c81ff251d87bc17f4c8cbb04494bbbfcd94d10016cbdaa204940dd296,1782133800000,2026-06-22T13:10:00Z,1782134040000,2026-06-22T13:14:00Z,240,Up,1,calendar_ridge_logistic-l2-10,0.496130109730686,0.7009170686511467,0.2538848663200105,lgbm-depth2-leaves3,0.3978057811701005,0.9217913798119071,0.3626378771921528,-0.2208743111607604
0x70d9164650cd3acbd1f99a945908ac3550fb3e3f55e96a12b431d34063fcfe70,1782134100000,2026-06-22T13:15:00Z,1782134130000,2026-06-22T13:15:30Z,30,Down,0,calendar_ridge_logistic-l2-10,0.4960766798138809,0.6853311649734698,0.24609207225516375,lgbm-depth2-leaves3,0.2309101510647953,0.2625474776342322,0.05331949786476658,0.4227836873392376
0x70d9164650cd3acbd1f99a945908ac3550fb3e3f55e96a12b431d34063fcfe70,1782134100000,2026-06-22T13:15:00Z,1782134160000,2026-06-22T13:16:00Z,60,Down,0,calendar_ridge_logistic-l2-10,0.4960588506784721,0.6852957849477816,0.24607438333644668,lgbm-depth2-leaves3,0.23393540533111082,0.2664887855529073,0.05472577386743111,0.41880699939487437
0x70d9164650cd3acbd1f99a945908ac3550fb3e3f55e96a12b431d34063fcfe70,1782134100000,2026-06-22T13:15:00Z,1782134190000,2026-06-22T13:16:30Z,90,Down,0,calendar_ridge_logistic-l2-10,0.49604099912358124,0.6852603616870762,0.24605667281152072,lgbm-depth2-leaves3,0.41203447637018886,0.5310869660851424,0.16977240971765573,0.15417339560193377
0x70d9164650cd3acbd1f99a945908ac3550fb3e3f55e96a12b431d34063fcfe70,1782134100000,2026-06-22T13:15:00Z,1782134220000,2026-06-22T13:17:00Z,120,Down,0,calendar_ridge_logistic-l2-10,0.4960231247202048,0.6852248943447559,0.24603894025719586,lgbm-depth2-leaves3,0.39873699080919295,0.5087228208884534,0.15899118783957042,0.17650207345630242
0x70d9164650cd3acbd1f99a945908ac3550fb3e3f55e96a12b431d34063fcfe70,1782134100000,2026-06-22T13:15:00Z,1782134250000,2026-06-22T13:17:30Z,150,Down,0,calendar_ridge_logistic-l2-10,0.49600522771352085,0.6851893834120246,0.24602118591914166,lgbm-depth2-leaves3,0.4587995613137351,0.613965572105151,0.21049703746167578,0.07122381130687361
0x70d9164650cd3acbd1f99a945908ac3550fb3e3f55e96a12b431d34063fcfe70,1782134100000,2026-06-22T13:15:00Z,1782134280000,2026-06-22T13:18:00Z,180,Down,0,calendar_ridge_logistic-l2-10,0.49598730810361263,0.6851538288937362,0.24600340979986796,lgbm-depth2-leaves3,0.5387619484774636,0.7738409885211157,0.29026443712723315,-0.0886871596273795
0x70d9164650cd3acbd1f99a945908ac3550fb3e3f55e96a12b431d34063fcfe70,1782134100000,2026-06-22T13:15:00Z,1782134310000,2026-06-22T13:18:30Z,210,Down,0,calendar_ridge_logistic-l2-10,0.49596936601345737,0.6851182310385717,0.24598561202379085,lgbm-depth2-leaves3,0.5018559960579221,0.6968660792151674,0.2518594407792891,-0.011747848176595688
0x70d9164650cd3acbd1f99a945908ac3550fb3e3f55e96a12b431d34063fcfe70,1782134100000,2026-06-22T13:15:00Z,1782134340000,2026-06-22T13:19:00Z,240,Down,0,calendar_ridge_logistic-l2-10,0.4959514013202512,0.6850825896075691,0.24596779247152084,lgbm-depth2-leaves3,0.5375980055537071,0.771320648384368,0.2890116155753237,-0.08623805877679891
0x82d5f01d9bf78b44a404d4576e97081c306b35e72f69b60f753be6ed9cb6d567,1782134400000,2026-06-22T13:20:00Z,1782134430000,2026-06-22T13:20:30Z,30,Up,1,calendar_ridge_logistic-l2-10,0.49589729343106675,0.7013864433945289,0.25411953877012394,lgbm-depth2-leaves3,0.23789208304129325,1.4359381407419178,0.580808477091139,-0.7345516973473889
0x82d5f01d9bf78b44a404d4576e97081c306b35e72f69b60f753be6ed9cb6d567,1782134400000,2026-06-22T13:20:00Z,1782134460000,2026-06-22T13:21:00Z,60,Up,1,calendar_ridge_logistic-l2-10,0.49587924035045255,0.7014228489354977,0.2541377403096367,lgbm-depth2-leaves3,0.43647552245502913,0.8290229821247215,0.3175598367923323,-0.1276001331892238
0x82d5f01d9bf78b44a404d4576e97081c306b35e72f69b60f753be6ed9cb6d567,1782134400000,2026-06-22T13:20:00Z,1782134490000,2026-06-22T13:21:30Z,90,Up,1,calendar_ridge_logistic-l2-10,0.49586116521919016,0.7014593002712763,0.25415596473415264,lgbm-depth2-leaves3,0.36453123932734294,1.00914302660409,0.40382054579084264,-0.3076837263328136
0x82d5f01d9bf78b44a404d4576e97081c306b35e72f69b60f753be6ed9cb6d567,1782134400000,2026-06-22T13:20:00Z,1782134520000,2026-06-22T13:22:00Z,120,Up,1,calendar_ridge_logistic-l2-10,0.4958430680373616,0.7014957974066595,0.25417421204598045,lgbm-depth2-leaves3,0.44940694780406937,0.799826459172246,0.3031527091264307,-0.09833066176558658
0x82d5f01d9bf78b44a404d4576e97081c306b35e72f69b60f753be6ed9cb6d567,1782134400000,2026-06-22T13:20:00Z,1782134550000,2026-06-22T13:22:30Z,150,Up,1,calendar_ridge_logistic-l2-10,0.49582494917304143,0.7015323396042654,0.2541924818763663,lgbm-depth2-leaves3,0.7513945487289745,0.2858244006876233,0.06180467040167024,0.4157079389166421
0x82d5f01d9bf78b44a404d4576e97081c306b35e72f69b60f753be6ed9cb6d567,1782134400000,2026-06-22T13:20:00Z,1782134580000,2026-06-22T13:23:00Z,180,Up,1,calendar_ridge_logistic-l2-10,0.4958068082583318,0.7015689276110042,0.2542107745986506,lgbm-depth2-leaves3,0.5640286366378237,0.5726502545925048,0.1900710296718748,0.12891867301849935
0x82d5f01d9bf78b44a404d4576e97081c306b35e72f69b60f753be6ed9cb6d567,1782134400000,2026-06-22T13:20:00Z,1782134610000,2026-06-22T13:23:30Z,210,Up,1,calendar_ridge_logistic-l2-10,0.4957886462743687,0.7016055594529154,0.2542290892258337,lgbm-depth2-leaves3,0.45947120729633095,0.7776790000934589,0.292171375741686,-0.07607344064054355
0x82d5f01d9bf78b44a404d4576e97081c306b35e72f69b60f753be6ed9cb6d567,1782134400000,2026-06-22T13:20:00Z,1782134640000,2026-06-22T13:24:00Z,240,Up,1,calendar_ridge_logistic-l2-10,0.49577046242418493,0.7016422367422999,0.25424742656392024,lgbm-depth2-leaves3,0.6100512232175439,0.4942123528524952,0.15206004851413377,0.20742988388980466
0x6e60d8109d09d12eacca9fc7ff934f1823f9fe2bd66a1195ce31234eea67eb84,1782134700000,2026-06-22T13:25:00Z,1782134730000,2026-06-22T13:25:30Z,30,Down,0,calendar_ridge_logistic-l2-10,0.495715701913934,0.6846150864419657,0.24573405712402427,lgbm-depth2-leaves3,0.26863644807546616,0.31284460780836604,0.07216554123460263,0.37177047863359963
0x6e60d8109d09d12eacca9fc7ff934f1823f9fe2bd66a1195ce31234eea67eb84,1782134700000,2026-06-22T13:25:00Z,1782134760000,2026-06-22T13:26:00Z,60,Down,0,calendar_ridge_logistic-l2-10,0.4956974333589416,0.6845788604000981,0.24571594543864236,lgbm-depth2-leaves3,0.2568047734207822,0.2967965142975131,0.06594869165169927,0.387782346102585
0x6e60d8109d09d12eacca9fc7ff934f1823f9fe2bd66a1195ce31234eea67eb84,1782134700000,2026-06-22T13:25:00Z,1782134790000,2026-06-22T13:26:30Z,90,Down,0,calendar_ridge_logistic-l2-10,0.4956791431221613,0.6845425926784573,0.2456978129263201,lgbm-depth2-leaves3,0.39088047896826655,0.4957407726765138,0.15278754883846146,0.1888018200019435
0x6e60d8109d09d12eacca9fc7ff934f1823f9fe2bd66a1195ce31234eea67eb84,1782134700000,2026-06-22T13:25:00Z,1782134820000,2026-06-22T13:27:00Z,120,Down,0,calendar_ridge_logistic-l2-10,0.49566083175564757,0.6845062843762351,0.24567966013670037,lgbm-depth2-leaves3,0.36453123932734294,0.4533923466456027,0.13288302444552857,0.23111393773063238
0x6e60d8109d09d12eacca9fc7ff934f1823f9fe2bd66a1195ce31234eea67eb84,1782134700000,2026-06-22T13:25:00Z,1782134850000,2026-06-22T13:27:30Z,150,Down,0,calendar_ridge_logistic-l2-10,0.4956424997496664,0.6844699364699601,0.24566148755809805,lgbm-depth2-leaves3,0.3775677118511804,0.47412043061772235,0.142557377032536,0.21034950585223777
0x6e60d8109d09d12eacca9fc7ff934f1823f9fe2bd66a1195ce31234eea67eb84,1782134700000,2026-06-22T13:25:00Z,1782134880000,2026-06-22T13:28:00Z,180,Down,0,calendar_ridge_logistic-l2-10,0.4956241472271976,0.6844335492078242,0.24564329531468684,lgbm-depth2-leaves3,0.39976911100439394,0.5104408827956138,0.15981534211324344,0.17399266641221034
0x6e60d8109d09d12eacca9fc7ff934f1823f9fe2bd66a1195ce31234eea67eb84,1782134700000,2026-06-22T13:25:00Z,1782134910000,2026-06-22T13:28:30Z,210,Down,0,calendar_ridge_logistic-l2-10,0.49560577339127404,0.6843971210141235,0.24562508261876287,lgbm-depth2-leaves3,0.2440572886550755,0.27978968431823037,0.059563960145666846,0.40460743669589316
0x6e60d8109d09d12eacca9fc7ff934f1823f9fe2bd66a1195ce31234eea67eb84,1782134700000,2026-06-22T13:25:00Z,1782134940000,2026-06-22T13:29:00Z,240,Down,0,calendar_ridge_logistic-l2-10,0.4955873792841306,0.684360653959614,0.2456068505057127,lgbm-depth2-leaves3,0.22708702519308074,0.25758881783604054,0.05156851701104289,0.42677183612357344
0x2cb84b874ceea52964f9143116ea79f819758489a036f70758c68402a9a6ddab,1782135000000,2026-06-22T13:30:00Z,1782135030000,2026-06-22T13:30:30Z,30,Up,1,calendar_ridge_logistic-l2-10,0.49553199236282885,0.7021233614783572,0.254487970729417,lgbm-depth2-leaves3,0.7789596273424803,0.24979606071567356,0.048858846344575206,0.4523273007626836
0x2cb84b874ceea52964f9143116ea79f819758489a036f70758c68402a9a6ddab,1782135000000,2026-06-22T13:30:00Z,1782135060000,2026-06-22T13:31:00Z,60,Up,1,calendar_ridge_logistic-l2-10,0.49551351619140427,0.7021606477003667,0.25450661234556055,lgbm-depth2-leaves3,0.8175001756241005,0.2015041613800477,0.033306185897234164,0.500656486320319
0x2cb84b874ceea52964f9143116ea79f819758489a036f70758c68402a9a6ddab,1782135000000,2026-06-22T13:30:00Z,1782135090000,2026-06-22T13:31:30Z,90,Up,1,calendar_ridge_logistic-l2-10,0.49549502011718904,0.7021979754801783,0.2545252747265555,lgbm-depth2-leaves3,0.8059930393415233,0.21568017256550026,0.037638700783939716,0.486517802914678
0x2cb84b874ceea52964f9143116ea79f819758489a036f70758c68402a9a6ddab,1782135000000,2026-06-22T13:30:00Z,1782135120000,2026-06-22T13:32:00Z,120,Up,1,calendar_ridge_logistic-l2-10,0.49547650371119506,0.7022353456882032,0.25454395830747983,lgbm-depth2-leaves3,0.23393540533111082,1.452710247325577,0.5868549632052095,-0.7504749016373738
0x2cb84b874ceea52964f9143116ea79f819758489a036f70758c68402a9a6ddab,1782135000000,2026-06-22T13:30:00Z,1782135150000,2026-06-22T13:32:30Z,150,Up,1,calendar_ridge_logistic-l2-10,0.4954579669735184,0.7022727583289523,0.25456266309049524,lgbm-depth2-leaves3,0.22708702519308074,1.4824219640739507,0.5973944666248814,-0.7801492057449984
0x2cb84b874ceea52964f9143116ea79f819758489a036f70758c68402a9a6ddab,1782135000000,2026-06-22T13:30:00Z,1782135180000,2026-06-22T13:33:00Z,180,Up,1,calendar_ridge_logistic-l2-10,0.49543941094638344,0.7023102113034997,0.2545813880261325,lgbm-depth2-leaves3,0.4571725190037975,0.7826944560337867,0.2946616741246826,-0.08038424473028705
0x2cb84b874ceea52964f9143116ea79f819758489a036f70758c68402a9a6ddab,1782135000000,2026-06-22T13:30:00Z,1782135210000,2026-06-22T13:33:30Z,210,Up,1,calendar_ridge_logistic-l2-10,0.4954208343426597,0.7023477072143797,0.25460013441545765,lgbm-depth2-leaves3,0.22839617529488163,1.4766735469846177,0.595372462299567,-0.7743258397702381
0x2cb84b874ceea52964f9143116ea79f819758489a036f70758c68402a9a6ddab,1782135000000,2026-06-22T13:30:00Z,1782135240000,2026-06-22T13:34:00Z,240,Up,1,calendar_ridge_logistic-l2-10,0.49540223844966275,0.7023852434678436,0.25461890096161094,lgbm-depth2-leaves3,0.312341255001693,1.163658922867844,0.4728745495726465,-0.4612736794000004
0xa641375007b428b86e299746f1191d0ba40cb2c8eb3ed16ac3c2631b0b796aea,1782135300000,2026-06-22T13:35:00Z,1782135330000,2026-06-22T13:35:30Z,30,Up,1,calendar_ridge_logistic-l2-10,0.4953462513278067,0.7024982633159551,0.2546754060488973,lgbm-depth2-leaves3,0.7642714557133893,0.26883224439736414,0.05556794659148459,0.43366601891859097
0xa641375007b428b86e299746f1191d0ba40cb2c8eb3ed16ac3c2631b0b796aea,1782135300000,2026-06-22T13:35:00Z,1782135360000,2026-06-22T13:36:00Z,60,Up,1,calendar_ridge_logistic-l2-10,0.49532757705325753,0.7025359634631001,0.25469425448293576,lgbm-depth2-leaves3,0.8012598767231671,0.2215699441796514,0.03949763660009073,0.48096601928344873
0xa641375007b428b86e299746f1191d0ba40cb2c8eb3ed16ac3c2631b0b796aea,1782135300000,2026-06-22T13:35:00Z,1782135390000,2026-06-22T13:36:30Z,90,Up,1,calendar_ridge_logistic-l2-10,0.49530888385787075,0.7025737032316763,0.2547131227127882,lgbm-depth2-leaves3,0.7989307066078117,0.22448106212337401,0.040428860745233886,0.4780926411083023
0xa641375007b428b86e299746f1191d0ba40cb2c8eb3ed16ac3c2631b0b796aea,1782135300000,2026-06-22T13:35:00Z,1782135420000,2026-06-22T13:37:00Z,120,Up,1,calendar_ridge_logistic-l2-10,0.4952901708835914,0.702611484358545,0.2547320116067144,lgbm-depth2-leaves3,0.7793384564678066,0.24930985190013938,0.04869151679401006,0.45330163245840566
0xa641375007b428b86e299746f1191d0ba40cb2c8eb3ed16ac3c2631b0b796aea,1782135300000,2026-06-22T13:35:00Z,1782135450000,2026-06-22T13:37:30Z,150,Up,1,calendar_ridge_logistic-l2-10,0.49527143874357715,0.7026493056103166,0.2547509205479786,lgbm-depth2-leaves3,0.24719942618047538,1.3975598746776896,0.5667087039430055,-0.694910569067373
0xa641375007b428b86e299746f1191d0ba40cb2c8eb3ed16ac3c2631b0b796aea,1782135300000,2026-06-22T13:35:00Z,1782135480000,2026-06-22T13:38:00Z,180,Up,1,calendar_ridge_logistic-l2-10,0.495252687866988,0.7026871661249424,0.25476984910550016,lgbm-depth2-leaves3,0.47354375248605507,0.7475109683311582,0.27715618054646407,-0.044823802206215735
0xa641375007b428b86e299746f1191d0ba40cb2c8eb3ed16ac3c2631b0b796aea,1782135300000,2026-06-22T13:35:00Z,1782135510000,2026-06-22T13:38:30Z,210,Up,1,calendar_ridge_logistic-l2-10,0.495233917824845,0.7027250667730429,0.2547887977144553,lgbm-depth2-leaves3,0.42463174855814495,0.8565329596441194,0.33104862476725766,-0.15380789287107643
0xa641375007b428b86e299746f1191d0ba40cb2c8eb3ed16ac3c2631b0b796aea,1782135300000,2026-06-22T13:35:00Z,1782135540000,2026-06-22T13:39:00Z,240,Up,1,calendar_ridge_logistic-l2-10,0.49521512861724787,0.7027630075589255,0.25480776637690156,lgbm-depth2-leaves3,0.3688001734376563,0.9975003170241681,0.39841322105233284,-0.29473730946524257
0x09033b6d53fc0f77622be7d917c9980314249cac9080b5add7479049a11021d3,1782135600000,2026-06-22T13:40:00Z,1782135630000,2026-06-22T13:40:30Z,30,Up,1,calendar_ridge_logistic-l2-10,0.4951585684860749,0.7028772273355611,0.2548648709730292,lgbm-depth2-leaves3,0.48030854432235276,0.733326580916493,0.27007920910435207,-0.030449353580931926
0x09033b6d53fc0f77622be7d917c9980314249cac9080b5add7479049a11021d3,1782135600000,2026-06-22T13:40:00Z,1782135660000,2026-06-22T13:41:00Z,60,Up,1,calendar_ridge_logistic-l2-10,0.49513970457970324,0.7029153247591092,0.2548839178918693,lgbm-depth2-leaves3,0.3850935450877092,0.9542689999540261,0.3781099482928011,-0.2513536751949169
0x09033b6d53fc0f77622be7d917c9980314249cac9080b5add7479049a11021d3,1782135600000,2026-06-22T13:40:00Z,1782135690000,2026-06-22T13:41:30Z,90,Up,1,calendar_ridge_logistic-l2-10,0.4951208227344578,0.7029534598654311,0.2549029836363308,lgbm-depth2-leaves3,0.40435330629272787,0.9054662626647143,0.35479498372440493,-0.2025128027992832
0x09033b6d53fc0f77622be7d917c9980314249cac9080b5add7479049a11021d3,1782135600000,2026-06-22T13:40:00Z,1782135720000,2026-06-22T13:42:00Z,120,Up,1,calendar_ridge_logistic-l2-10,0.49510192227627753,0.7029916340202418,0.25492206888911007,lgbm-depth2-leaves3,0.23527201835399542,1.4470129093427917,0.584808885912372,-0.7440212753225499
0x09033b6d53fc0f77622be7d917c9980314249cac9080b5add7479049a11021d3,1782135600000,2026-06-22T13:40:00Z,1782135750000,2026-06-22T13:42:30Z,150,Up,1,calendar_ridge_logistic-l2-10,0.49508300387941023,0.7030298458660695,0.2549411729714396,lgbm-depth2-leaves3,0.4835528035172864,0.7265947590543849,0.2667177067548545,-0.02356491318831533
0x09033b6d53fc0f77622be7d917c9980314249cac9080b5add7479049a11021d3,1782135600000,2026-06-22T13:40:00Z,1782135780000,2026-06-22T13:43:00Z,180,Up,1,calendar_ridge_logistic-l2-10,0.495064066869802,0.7030680967687283,0.2549602965660638,lgbm-depth2-leaves3,0.7821644455976098,0.24569027205635877,0.04745232876179671,0.45737782471236954
0x09033b6d53fc0f77622be7d917c9980314249cac9080b5add7479049a11021d3,1782135600000,2026-06-22T13:40:00Z,1782135810000,2026-06-22T13:43:30Z,210,Up,1,calendar_ridge_logistic-l2-10,0.49504511186059735,0.7031063854940813,0.2549794390558766,lgbm-depth2-leaves3,0.4865762555812148,0.7203616464093842,0.26360394133300613,-0.017255260915302828
0x09033b6d53fc0f77622be7d917c9980314249cac9080b5add7479049a11021d3,1782135600000,2026-06-22T13:40:00Z,1782135840000,2026-06-22T13:44:00Z,240,Up,1,calendar_ridge_logistic-l2-10,0.4950261390969775,0.7031447115511278,0.2549986001953052,lgbm-depth2-leaves3,0.5069162467985292,0.6794094827281985,0.24313158767124896,0.023735228822929333
0xe2088d5da1b9844d6039b178d7b9c1910e6391cc915bd77792e55ded33a19a54,1782135900000,2026-06-22T13:45:00Z,1782135930000,2026-06-22T13:45:30Z,30,Up,1,calendar_ridge_logistic-l2-10,0.49496903222882505,0.7032600795243662,0.2550562784078896,lgbm-depth2-leaves3,0.6392498777216158,0.4474598560949958,0.13014065072386916,0.2558002234293704
0xe2088d5da1b9844d6039b178d7b9c1910e6391cc915bd77792e55ded33a19a54,1782135900000,2026-06-22T13:45:00Z,1782135960000,2026-06-22T13:46:00Z,60,Up,1,calendar_ridge_logistic-l2-10,0.49494998826525916,0.703298555325263,0.25507551435326187,lgbm-depth2-leaves3,0.6285213846189082,0.4643852266795801,0.13799636168545315,0.23891332864568288
0xe2088d5da1b9844d6039b178d7b9c1910e6391cc915bd77792e55ded33a19a54,1782135900000,2026-06-22T13:45:00Z,1782135990000,2026-06-22T13:46:30Z,90,Up,1,calendar_ridge_logistic-l2-10,0.49493092691572504,0.7033370677346733,0.25509476858620866,lgbm-depth2-leaves3,0.6223166920998117,0.4743061645306229,0.14264468106642847,0.2290309032040504
0xe2088d5da1b9844d6039b178d7b9c1910e6391cc915bd77792e55ded33a19a54,1782135900000,2026-06-22T13:45:00Z,1782136020000,2026-06-22T13:47:00Z,120,Up,1,calendar_ridge_logistic-l2-10,0.4949118479352339,0.703375617251785,0.25511404135620025,lgbm-depth2-leaves3,0.6117385308817572,0.4914503248829047,0.1507469684018562,0.2119252923688803
0xe2088d5da1b9844d6039b178d7b9c1910e6391cc915bd77792e55ded33a19a54,1782135900000,2026-06-22T13:45:00Z,1782136050000,2026-06-22T13:47:30Z,150,Up,1,calendar_ridge_logistic-l2-10,0.4948927513238879,0.703414203880626,0.25513333266515176,lgbm-depth2-leaves3,0.37786161609046814,0.9732272453904448,0.38705616873356397,-0.2698130415098188
0xe2088d5da1b9844d6039b178d7b9c1910e6391cc915bd77792e55ded33a19a54,1782135900000,2026-06-22T13:45:00Z,1782136080000,2026-06-22T13:48:00Z,180,Up,1,calendar_ridge_logistic-l2-10,0.4948736381238914,0.7034528255194342,0.2551526414621934,lgbm-depth2-leaves3,0.3741645701160093,0.983059551302963,0.3916699852980795,-0.27960672578352874
0xe2088d5da1b9844d6039b178d7b9c1910e6391cc915bd77792e55ded33a19a54,1782135900000,2026-06-22T13:45:00Z,1782136110000,2026-06-22T13:48:30Z,210,Up,1,calendar_ridge_logistic-l2-10,0.49485450710924395,0.7034914846497055,0.2551719689878449,lgbm-depth2-leaves3,0.24789818282148218,1.3947371702563536,0.5656571434032287,-0.6912456856066481
0xe2088d5da1b9844d6039b178d7b9c1910e6391cc915bd77792e55ded33a19a54,1782135900000,2026-06-22T13:45:00Z,1782136140000,2026-06-22T13:49:00Z,240,Up,1,calendar_ridge_logistic-l2-10,0.494835359690125,0.7035301784259351,0.25519131381940546,lgbm-depth2-leaves3,0.6182111475193836,0.48092521722511516,0.14576272787846592,0.22260496120081996
0x39a5a3c35707fb350ce7730954510273e0c835631adbee44c8b0dc5b4821e737,1782136200000,2026-06-22T13:50:00Z,1782136230000,2026-06-22T13:50:30Z,30,Up,1,calendar_ridge_logistic-l2-10,0.4947777333379136,0.7036466408144838,0.2552495387311764,lgbm-depth2-leaves3,0.8064119629504605,0.21516054676705904,0.03747632808869389,0.48848609404742477
0x39a5a3c35707fb350ce7730954510273e0c835631adbee44c8b0dc5b4821e737,1782136200000,2026-06-22T13:50:00Z,1782136260000,2026-06-22T13:51:00Z,60,Up,1,calendar_ridge_logistic-l2-10,0.4947585182177086,0.7036854774314893,0.25526895491356555,lgbm-depth2-leaves3,0.7575279480661853,0.2776948471423434,0.058792695968994536,0.42599063028914597
0x39a5a3c35707fb350ce7730954510273e0c835631adbee44c8b0dc5b4821e737,1782136200000,2026-06-22T13:50:00Z,1782136290000,2026-06-22T13:51:30Z,90,Up,1,calendar_ridge_logistic-l2-10,0.49473928626445435,0.7037243495809161,0.25528838884455296,lgbm-depth2-leaves3,0.22708702519308074,1.4824219640739507,0.5973944666248814,-0.7786976144930345
0x39a5a3c35707fb350ce7730954510273e0c835631adbee44c8b0dc5b4821e737,1782136200000,2026-06-22T13:50:00Z,1782136320000,2026-06-22T13:52:00Z,120,Up,1,calendar_ridge_logistic-l2-10,0.4947200376622247,0.7037632568947725,0.2553078403400636,lgbm-depth2-leaves3,0.23488622522666283,1.4486540300470965,0.585399088347905,-0.744890773152324
0x39a5a3c35707fb350ce7730954510273e0c835631adbee44c8b0dc5b4821e737,1782136200000,2026-06-22T13:50:00Z,1782136350000,2026-06-22T13:52:30Z,150,Up,1,calendar_ridge_logistic-l2-10,0.49470077326924433,0.7038021976422684,0.25532730853469965,lgbm-depth2-leaves3,0.7505123655884278,0.2869991515774301,0.062244079724282295,0.41680304606483826
0x39a5a3c35707fb350ce7730954510273e0c835631adbee44c8b0dc5b4821e737,1782136200000,2026-06-22T13:50:00Z,1782136380000,2026-06-22T13:53:00Z,180,Up,1,calendar_ridge_logistic-l2-10,0.4946814917984276,0.7038411744290979,0.25534679473106264,lgbm-depth2-leaves3,0.676021896843569,0.39152981168334794,0.10496181132483907,0.31231136274574994
0x39a5a3c35707fb350ce7730954510273e0c835631adbee44c8b0dc5b4821e737,1782136200000,2026-06-22T13:50:00Z,1782136410000,2026-06-22T13:53:30Z,210,Up,1,calendar_ridge_logistic-l2-10,0.49466219429197217,0.7038801851525283,0.2553662978778044,lgbm-depth2-leaves3,0.38852318125248725,0.9454024423509645,0.37390389986557865,-0.24152225719843623
0x39a5a3c35707fb350ce7730954510273e0c835631adbee44c8b0dc5b4821e737,1782136200000,2026-06-22T13:50:00Z,1782136440000,2026-06-22T13:54:00Z,240,Up,1,calendar_ridge_logistic-l2-10,0.4946428811790397,0.7039192289488532,0.25538581754302214,lgbm-depth2-leaves3,0.2568047734207822,1.3594391192519293,0.552339144810135,-0.6555198903030761
0xb61a22a4e55a25683dee82157442b4030849fcfef46a844e1877a0853e2fc4f9,1782136500000,2026-06-22T13:55:00Z,1782136530000,2026-06-22T13:55:30Z,30,Up,1,calendar_ridge_logistic-l2-10,0.4945847629638263,0.7040367311549922,0.2554445618283317,lgbm-depth2-leaves3,0.7085292329712011,0.34456396033391984,0.08495520803235639,0.3594727708210724
0xb61a22a4e55a25683dee82157442b4030849fcfef46a844e1877a0853e2fc4f9,1782136500000,2026-06-22T13:55:00Z,1782136560000,2026-06-22T13:56:00Z,60,Up,1,calendar_ridge_logistic-l2-10,0.49456538583266807,0.7040759105074581,0.2554641491984797,lgbm-depth2-leaves3,0.40462481610448564,0.9047950212196487,0.35447160959861757,-0.20071911071219062
0xb61a22a4e55a25683dee82157442b4030849fcfef46a844e1877a0853e2fc4f9,1782136500000,2026-06-22T13:55:00Z,1782136590000,2026-06-22T13:56:30Z,90,Up,1,calendar_ridge_logistic-l2-10,0.494545992666464,0.7041151238187761,0.25548375352953034,lgbm-depth2-leaves3,0.25107334633974343,1.3820101660442752,0.5608911325627499,-0.6778950422254991
0xb61a22a4e55a25683dee82157442b4030849fcfef46a844e1877a0853e2fc4f9,1782136500000,2026-06-22T13:55:00Z,1782136620000,2026-06-22T13:57:00Z,120,Up,1,calendar_ridge_logistic-l2-10,0.4945265840172516,0.7041543699765858,0.25550337426526865,lgbm-depth2-leaves3,0.5985290852619067,0.5132801582360684,0.16117889538064134,0.19087421174051733
0xb61a22a4e55a25683dee82157442b4030849fcfef46a844e1877a0853e2fc4f9,1782136500000,2026-06-22T13:55:00Z,1782136650000,2026-06-22T13:57:30Z,150,Up,1,calendar_ridge_logistic-l2-10,0.4945071599462276,0.7041936488609413,0.2555230113456287,lgbm-depth2-leaves3,0.4756152192473445,0.7431461145779557,0.27497939828501056,-0.038952465717014384
0xb61a22a4e55a25683dee82157442b4030849fcfef46a844e1877a0853e2fc4f9,1782136500000,2026-06-22T13:55:00Z,1782136680000,2026-06-22T13:58:00Z,180,Up,1,calendar_ridge_logistic-l2-10,0.49448772039239514,0.7042329605989927,0.2555426648340772,lgbm-depth2-leaves3,0.432580625774625,0.8379865520078632,0.3219647462463162,-0.13375359140887055
0xb61a22a4e55a25683dee82157442b4030849fcfef46a844e1877a0853e2fc4f9,1782136500000,2026-06-22T13:55:00Z,1782136710000,2026-06-22T13:58:30Z,210,Up,1,calendar_ridge_logistic-l2-10,0.4944682653558501,0.7042723051943597,0.2555623347323232,lgbm-depth2-leaves3,0.37830818870826877,0.9720461015074586,0.38650070822719357,-0.26777379631309894
0xb61a22a4e55a25683dee82157442b4030849fcfef46a844e1877a0853e2fc4f9,1782136500000,2026-06-22T13:55:00Z,1782136740000,2026-06-22T13:59:00Z,240,Up,1,calendar_ridge_logistic-l2-10,0.49444879508177075,0.7043116821549983,0.25558202079427345,lgbm-depth2-leaves3,0.56746274456601,0.5665801801233586,0.18708847733836872,0.13773150203163964
0x3a17c455b53a1a0267d47c4abbac7eb2595eeedf407969a5233471c158dc3c4a,1782136800000,2026-06-22T14:00:00Z,1782136830000,2026-06-22T14:00:30Z,30,Down,0,calendar_ridge_logistic-l2-10,0.4943902132988205,0.6819900797284806,0.24442168300565323,lgbm-depth2-leaves3,0.38763153046525445,0.4904211032407089,0.15025820341083548,0.19156897648777166
0x3a17c455b53a1a0267d47c4abbac7eb2595eeedf407969a5233471c158dc3c4a,1782136800000,2026-06-22T14:00:00Z,1782136860000,2026-06-22T14:01:00Z,60,Down,0,calendar_ridge_logistic-l2-10,0.4943706827504772,0.6819514527642553,0.24440237196317297,lgbm-depth2-leaves3,0.31139895432369075,0.3730932095248306,0.09696930875388804,0.3088582432394247
0x3a17c455b53a1a0267d47c4abbac7eb2595eeedf407969a5233471c158dc3c4a,1782136800000,2026-06-22T14:00:00Z,1782136890000,2026-06-22T14:01:30Z,90,Down,0,calendar_ridge_logistic-l2-10,0.49435113770101513,0.6819127986137757,0.24438304734628802,lgbm-depth2-leaves3,0.23833670988604427,0.27225069744254815,0.05680438727930443,0.4096621011712276
0x3a17c455b53a1a0267d47c4abbac7eb2595eeedf407969a5233471c158dc3c4a,1782136800000,2026-06-22T14:00:00Z,1782136920000,2026-06-22T14:02:00Z,120,Down,0,calendar_ridge_logistic-l2-10,0.4943315782116205,0.6818741174012526,0.24436370921719147,lgbm-depth2-leaves3,0.23527201835399542,0.2682350879367051,0.05535292262036275,0.4136390294645475
0x3a17c455b53a1a0267d47c4abbac7eb2595eeedf407969a5233471c158dc3c4a,1782136800000,2026-06-22T14:00:00Z,1782136950000,2026-06-22T14:02:30Z,150,Down,0,calendar_ridge_logistic-l2-10,0.4943120037922508,0.681835408160823,0.2443443570931102,lgbm-depth2-leaves3,0.23527201835399542,0.2682350879367051,0.05535292262036275,0.4136003202241179
0x3a17c455b53a1a0267d47c4abbac7eb2595eeedf407969a5233471c158dc3c4a,1782136800000,2026-06-22T14:00:00Z,1782136980000,2026-06-22T14:03:00Z,180,Down,0,calendar_ridge_logistic-l2-10,0.4942924149331489,0.6817966718652191,0.24432499146044426,lgbm-depth2-leaves3,0.2543565221928305,0.2935077048012482,0.06469724038203188,0.38828896706397087
0x3a17c455b53a1a0267d47c4abbac7eb2595eeedf407969a5233471c158dc3c4a,1782136800000,2026-06-22T14:00:00Z,1782137010000,2026-06-22T14:03:30Z,210,Down,0,calendar_ridge_logistic-l2-10,0.49427281194127737,0.6817579091246156,0.24430561262433734,lgbm-depth2-leaves3,0.3741645701160093,0.4686678340032023,0.13999912553009802,0.21309007512141337
0x3a17c455b53a1a0267d47c4abbac7eb2595eeedf407969a5233471c158dc3c4a,1782136800000,2026-06-22T14:00:00Z,1782137040000,2026-06-22T14:04:00Z,240,Down,0,calendar_ridge_logistic-l2-10,0.4942531945098744,0.6817191193355938,0.24428622028321575,lgbm-depth2-leaves3,0.37949406111996487,0.47722010326315695,0.14401574242532364,0.20449901607243687
0x740b86bacce94da1687e90673483bc23dc47640bdcd07e126c2b4534f3b0cd05,1782137100000,2026-06-22T14:05:00Z,1782137130000,2026-06-22T14:05:30Z,30,Down,0,calendar_ridge_logistic-l2-10,0.49419417610548105,0.6816024305885214,0.24422788369657522,lgbm-depth2-leaves3,0.3049075021217804,0.3637103518008377,0.09296858485014353,0.3178920787876837
0x740b86bacce94da1687e90673483bc23dc47640bdcd07e126c2b4534f3b0cd05,1782137100000,2026-06-22T14:05:00Z,1782137160000,2026-06-22T14:06:00Z,60,Down,0,calendar_ridge_logistic-l2-10,0.4941745022666517,0.681563535314302,0.24420843869049297,lgbm-depth2-leaves3,0.40819017138913444,0.5245699311599114,0.16661921601869095,0.15699360415439068
0x740b86bacce94da1687e90673483bc23dc47640bdcd07e126c2b4534f3b0cd05,1782137100000,2026-06-22T14:05:00Z,1782137190000,2026-06-22T14:06:30Z,90,Down,0,calendar_ridge_logistic-l2-10,0.4941548147857947,0.6815246145840854,0.24418898097598307,lgbm-depth2-leaves3,0.3609482058568945,0.4477697728923459,0.1302836073113111,0.23375484169173955
0x740b86bacce94da1687e90673483bc23dc47640bdcd07e126c2b4534f3b0cd05,1782137100000,2026-06-22T14:05:00Z,1782137220000,2026-06-22T14:07:00Z,120,Down,0,calendar_ridge_logistic-l2-10,0.49413511317286224,0.6814856674321703,0.24416951007035737,lgbm-depth2-leaves3,0.3077744080530574,0.36784337656756916,0.09472508625240988,0.31364229086460116
0x740b86bacce94da1687e90673483bc23dc47640bdcd07e126c2b4534f3b0cd05,1782137100000,2026-06-22T14:05:00Z,1782137250000,2026-06-22T14:07:30Z,150,Down,0,calendar_ridge_logistic-l2-10,0.49411539822496514,0.6814466954373797,0.2441500267630159,lgbm-depth2-leaves3,0.24189619862415754,0.2769349615862661,0.058513770908817875,0.40451173385111355
0x740b86bacce94da1687e90673483bc23dc47640bdcd07e126c2b4534f3b0cd05,1782137100000,2026-06-22T14:05:00Z,1782137280000,2026-06-22T14:08:00Z,180,Down,0,calendar_ridge_logistic-l2-10,0.4940956696353353,0.6814076979963015,0.2441305307523904,lgbm-depth2-leaves3,0.41485052832457675,0.5358879572491945,0.17210096085118046,0.14551974074710705
0x740b86bacce94da1687e90673483bc23dc47640bdcd07e126c2b4534f3b0cd05,1782137100000,2026-06-22T14:05:00Z,1782137310000,2026-06-22T14:08:30Z,210,Down,0,calendar_ridge_logistic-l2-10,0.49407592771093367,0.6813686757187051,0.24411102234341975,lgbm-depth2-leaves3,0.6258197364562385,0.9830176096016278,0.3916503425381557,-0.3016489338829227
0x740b86bacce94da1687e90673483bc23dc47640bdcd07e126c2b4534f3b0cd05,1782137100000,2026-06-22T14:05:00Z,1782137340000,2026-06-22T14:09:00Z,240,Down,0,calendar_ridge_logistic-l2-10,0.49405617208390934,0.6813296278804984,0.24409150117420544,lgbm-depth2-leaves3,0.48724828688573585,0.6679635410030212,0.23741089307308436,0.013366086877477201
0x26c2817b4a12d1b8f5d393d666a39a028adfb3baede74b4a4a235eda4145b6e5,1782137400000,2026-06-22T14:10:00Z,1782137430000,2026-06-22T14:10:30Z,30,Down,0,calendar_ridge_logistic-l2-10,0.4939967454143176,0.681212177727842,0.24403278447993812,lgbm-depth2-leaves3,0.7738505919424935,1.48655940053902,0.5988447386497476,-0.8053472228111779
0x26c2817b4a12d1b8f5d393d666a39a028adfb3baede74b4a4a235eda4145b6e5,1782137400000,2026-06-22T14:10:00Z,1782137460000,2026-06-22T14:11:00Z,60,Down,0,calendar_ridge_logistic-l2-10,0.4939769373688668,0.681173032410934,0.24401321465232534,lgbm-depth2-leaves3,0.5885807246395154,0.888142449772654,0.34642726941717705,-0.20696941736172003
0x26c2817b4a12d1b8f5d393d666a39a028adfb3baede74b4a4a235eda4145b6e5,1782137400000,2026-06-22T14:10:00Z,1782137490000,2026-06-22T14:11:30Z,90,Down,0,calendar_ridge_logistic-l2-10,0.49395711678624615,0.6811338638514057,0.24399363322378123,lgbm-depth2-leaves3,0.22839617529488163,0.2592840411132909,0.052164812889330295,0.42184982273811483
0x26c2817b4a12d1b8f5d393d666a39a028adfb3baede74b4a4a235eda4145b6e5,1782137400000,2026-06-22T14:10:00Z,1782137520000,2026-06-22T14:12:00Z,120,Down,0,calendar_ridge_logistic-l2-10,0.4939372828695498,0.6810946704773307,0.24397403940855364,lgbm-depth2-leaves3,0.3305409454581799,0.4012852739857979,0.10925731662438747,0.27980939649153286
0x26c2817b4a12d1b8f5d393d666a39a028adfb3baede74b4a4a235eda4145b6e5,1782137400000,2026-06-22T14:10:00Z,1782137550000,2026-06-22T14:12:30Z,150,Down,0,calendar_ridge_logistic-l2-10,0.49391743684492617,0.6810554547145095,0.24395443441946163,lgbm-depth2-leaves3,0.7372332529923207,1.336488533834034,0.5435128693176391,-0.6554330791195245
0x26c2817b4a12d1b8f5d393d666a39a028adfb3baede74b4a4a235eda4145b6e5,1782137400000,2026-06-22T14:10:00Z,1782137580000,2026-06-22T14:13:00Z,180,Down,0,calendar_ridge_logistic-l2-10,0.4938975774864292,0.6810162141433082,0.24393481704696335,lgbm-depth2-leaves3,0.46513813500272605,0.6257467616913029,0.2163534846338142,0.05526945245200521
0x26c2817b4a12d1b8f5d393d666a39a028adfb3baede74b4a4a235eda4145b6e5,1782137400000,2026-06-22T14:10:00Z,1782137610000,2026-06-22T14:13:30Z,210,Down,0,calendar_ridge_logistic-l2-10,0.4938777060201981,0.680976951189322,0.24391518850377322,lgbm-depth2-leaves3,0.37442828992879096,0.4690893112479223,0.14019654429899875,0.2118876399413997
0x26c2817b4a12d1b8f5d393d666a39a028adfb3baede74b4a4a235eda4145b6e5,1782137400000,2026-06-22T14:10:00Z,1782137640000,2026-06-22T14:14:00Z,240,Down,0,calendar_ridge_logistic-l2-10,0.49385782244633675,0.680937665855453,0.24389554879143746,lgbm-depth2-leaves3,0.2470967464048706,0.283818540718039,0.06105680208387292,0.397119125137414
0xe5843d580f5dac55096645f5d2c580e4aaeb5465207ed0e6aeb2e904758f89d9,1782137700000,2026-06-22T14:15:00Z,1782137730000,2026-06-22T14:15:30Z,30,Down,0,calendar_ridge_logistic-l2-10,0.49379801574469573,0.6808195109749948,0.24383648035339878,lgbm-depth2-leaves3,0.2921625861527062,0.34554085311867905,0.08535897674743746,0.3352786578563158
0xe5843d580f5dac55096645f5d2c580e4aaeb5465207ed0e6aeb2e904758f89d9,1782137700000,2026-06-22T14:15:00Z,1782137760000,2026-06-22T14:16:00Z,60,Down,0,calendar_ridge_logistic-l2-10,0.4937780828221916,0.680780134341396,0.24381679507555912,lgbm-depth2-leaves3,0.23833670988604427,0.27225069744254815,0.05680438727930443,0.4085294368988478
0xe5843d580f5dac55096645f5d2c580e4aaeb5465207ed0e6aeb2e904758f89d9,1782137700000,2026-06-22T14:15:00Z,1782137790000,2026-06-22T14:16:30Z,90,Down,0,calendar_ridge_logistic-l2-10,0.4937581385895445,0.6807407369168728,0.24379709942341182,lgbm-depth2-leaves3,0.5321418825448194,0.7595901968599581,0.2831749831583444,-0.07884945994308534
0xe5843d580f5dac55096645f5d2c580e4aaeb5465207ed0e6aeb2e904758f89d9,1782137700000,2026-06-22T14:15:00Z,1782137820000,2026-06-22T14:17:00Z,120,Down,0,calendar_ridge_logistic-l2-10,0.4937381818208147,0.6807013162823908,0.24377739218772387,lgbm-depth2-leaves3,0.3570459687159336,0.4416820483046837,0.12748182377629944,0.23901926797770712
0xe5843d580f5dac55096645f5d2c580e4aaeb5465207ed0e6aeb2e904758f89d9,1782137700000,2026-06-22T14:15:00Z,1782137850000,2026-06-22T14:17:30Z,150,Down,0,calendar_ridge_logistic-l2-10,0.49371821368104857,0.6806618747419376,0.24375767452040553,lgbm-depth2-leaves3,0.2331658917966378,0.265484787574866,0.054366333097321404,0.41517708716707163
0xe5843d580f5dac55096645f5d2c580e4aaeb5465207ed0e6aeb2e904758f89d9,1782137700000,2026-06-22T14:15:00Z,1782137880000,2026-06-22T14:18:00Z,180,Down,0,calendar_ridge_logistic-l2-10,0.4936982334344425,0.6806224108447575,0.24373794569628932,lgbm-depth2-leaves3,0.23393540533111082,0.2664887855529073,0.05472577386743111,0.4141336252918502
0xe5843d580f5dac55096645f5d2c580e4aaeb5465207ed0e6aeb2e904758f89d9,1782137700000,2026-06-22T14:15:00Z,1782137910000,2026-06-22T14:18:30Z,210,Down,0,calendar_ridge_logistic-l2-10,0.4936782418169927,0.6805829260471722,0.24371820644351713,lgbm-depth2-leaves3,0.6840653740652072,1.1522199667510216,0.4679454359949718,-0.4716370407038494
0xe5843d580f5dac55096645f5d2c580e4aaeb5465207ed0e6aeb2e904758f89d9,1782137700000,2026-06-22T14:15:00Z,1782137940000,2026-06-22T14:19:00Z,240,Down,0,calendar_ridge_logistic-l2-10,0.49365823888989374,0.6805434204725752,0.2436984568238714,lgbm-depth2-leaves3,0.6533121837391851,1.0593305689311094,0.42681680942206274,-0.37878714845853423
0x015c05640ebb1047bc9067dd65262b673d458ff48c92b97dcd7a874ab0905240,1782138000000,2026-06-22T14:20:00Z,1782138030000,2026-06-22T14:20:30Z,30,Down,0,calendar_ridge_logistic-l2-10,0.49359808087918433,0.6804246184263033,0.2436390654476138,lgbm-depth2-leaves3,0.3251143466590985,0.39321200491774794,0.10569933840357247,0.28721261350855537
0x015c05640ebb1047bc9067dd65262b673d458ff48c92b97dcd7a874ab0905240,1782138000000,2026-06-22T14:20:00Z,1782138060000,2026-06-22T14:21:00Z,60,Down,0,calendar_ridge_logistic-l2-10,0.49357803296030933,0.6803850302626521,0.24361927462096822,lgbm-depth2-leaves3,0.4530246788176776,0.6033515942464581,0.20523135961785996,0.07703343601619395
0x015c05640ebb1047bc9067dd65262b673d458ff48c92b97dcd7a874ab0905240,1782138000000,2026-06-22T14:20:00Z,1782138090000,2026-06-22T14:21:30Z,90,Down,0,calendar_ridge_logistic-l2-10,0.4935579740391355,0.6803454219414656,0.24359947373761592,lgbm-depth2-leaves3,0.7754600719603002,1.4937017344303125,0.601338323204674,-0.8133563124888469
0x015c05640ebb1047bc9067dd65262b673d458ff48c92b97dcd7a874ab0905240,1782138000000,2026-06-22T14:20:00Z,1782138120000,2026-06-22T14:22:00Z,120,Down,0,calendar_ridge_logistic-l2-10,0.49353790423793653,0.6803057937066285,0.2435796629195746,lgbm-depth2-leaves3,0.5885807246395154,0.888142449772654,0.34642726941717705,-0.20783665606602553
0x015c05640ebb1047bc9067dd65262b673d458ff48c92b97dcd7a874ab0905240,1782138000000,2026-06-22T14:20:00Z,1782138150000,2026-06-22T14:22:30Z,150,Down,0,calendar_ridge_logistic-l2-10,0.49351782343463496,0.6802661453195399,0.24355984204765954,lgbm-depth2-leaves3,0.23980234533790545,0.27417680759079205,0.057505164829560064,0.40608933772874783
0x015c05640ebb1047bc9067dd65262b673d458ff48c92b97dcd7a874ab0905240,1782138000000,2026-06-22T14:20:00Z,1782138180000,2026-06-22T14:23:00Z,180,Down,0,calendar_ridge_logistic-l2-10,0.49349773211945447,0.6802264777505199,0.24354001160704483,lgbm-depth2-leaves3,0.23527201835399542,0.2682350879367051,0.05535292262036275,0.41199138981381483
0x015c05640ebb1047bc9067dd65262b673d458ff48c92b97dcd7a874ab0905240,1782138000000,2026-06-22T14:20:00Z,1782138210000,2026-06-22T14:23:30Z,210,Down,0,calendar_ridge_logistic-l2-10,0.4934776302313991,0.6801867908814924,0.2435201715387975,lgbm-depth2-leaves3,0.32455626852382846,0.3923854241244691,0.10533677143811145,0.2878013667570233
0x015c05640ebb1047bc9067dd65262b673d458ff48c92b97dcd7a874ab0905240,1782138000000,2026-06-22T14:20:00Z,1782138240000,2026-06-22T14:24:00Z,240,Down,0,calendar_ridge_logistic-l2-10,0.49345751777057373,0.6801470847150246,0.2435003218442961,lgbm-depth2-leaves3,0.37510362291043126,0.4701694396482106,0.140702727920531,0.209977645066814
0xae7748ee50dbdb6ce54f1c55619c4b22b30569ace2195853dfbdf58200621cd6,1782138300000,2026-06-22T14:25:00Z,1782138330000,2026-06-22T14:25:30Z,30,Down,0,calendar_ridge_logistic-l2-10,0.4933970367443276,0.6800276921310922,0.24344063586808337,lgbm-depth2-leaves3,0.4360326889415606,0.5727589882800148,0.19012450582560775,0.10726870385107734
0xae7748ee50dbdb6ce54f1c55619c4b22b30569ace2195853dfbdf58200621cd6,1782138300000,2026-06-22T14:25:00Z,1782138360000,2026-06-22T14:26:00Z,60,Down,0,calendar_ridge_logistic-l2-10,0.4933768832194875,0.6799879112268303,0.24342074889537582,lgbm-depth2-leaves3,0.5380893738604929,0.7723838565287333,0.28954017426157735,-0.09239594530190298
0xae7748ee50dbdb6ce54f1c55619c4b22b30569ace2195853dfbdf58200621cd6,1782138300000,2026-06-22T14:25:00Z,1782138390000,2026-06-22T14:26:30Z,90,Down,0,calendar_ridge_logistic-l2-10,0.49335671918345847,0.6799481111583005,0.2434008523634659,lgbm-depth2-leaves3,0.6684619073406668,1.1040125659749607,0.4468413215655222,-0.4240644548166602
0xae7748ee50dbdb6ce54f1c55619c4b22b30569ace2195853dfbdf58200621cd6,1782138300000,2026-06-22T14:25:00Z,1782138420000,2026-06-22T14:27:00Z,120,Down,0,calendar_ridge_logistic-l2-10,0.4933365457401612,0.6799082941066583,0.2433809473628342,lgbm-depth2-leaves3,0.6894586707514937,1.169438280996121,0.4753532586744166,-0.4895299868894627
0xae7748ee50dbdb6ce54f1c55619c4b22b30569ace2195853dfbdf58200621cd6,1782138300000,2026-06-22T14:25:00Z,1782138450000,2026-06-22T14:27:30Z,150,Down,0,calendar_ridge_logistic-l2-10,0.49331636215381414,0.6798684586218438,0.2433610331686731,lgbm-depth2-leaves3,0.43647552245502913,0.5735445080340658,0.19051088170239064,0.106323950587778
0xae7748ee50dbdb6ce54f1c55619c4b22b30569ace2195853dfbdf58200621cd6,1782138300000,2026-06-22T14:25:00Z,1782138480000,2026-06-22T14:28:00Z,180,Down,0,calendar_ridge_logistic-l2-10,0.4932961687924538,0.6798286054324573,0.24334111014531307,lgbm-depth2-leaves3,0.22412442361910817,0.25376311137005025,0.05023175726259745,0.426065494062407
0xae7748ee50dbdb6ce54f1c55619c4b22b30569ace2195853dfbdf58200621cd6,1782138300000,2026-06-22T14:25:00Z,1782138510000,2026-06-22T14:28:30Z,210,Down,0,calendar_ridge_logistic-l2-10,0.4932759664531478,0.6797887361136606,0.243321179080287,lgbm-depth2-leaves3,0.3760278438891857,0.47164953322556813,0.14139693937994982,0.2081392028880925
0xae7748ee50dbdb6ce54f1c55619c4b22b30569ace2195853dfbdf58200621cd6,1782138300000,2026-06-22T14:25:00Z,1782138540000,2026-06-22T14:29:00Z,240,Down,0,calendar_ridge_logistic-l2-10,0.49325575397108506,0.6797488483688288,0.2433012388255836,lgbm-depth2-leaves3,0.5236848894403403,0.7416756467999823,0.27424586342814145,-0.06192679843115356
0xbc5788bce92b42e21af18041b63f7da5e12fde81709a23c7a94d5aa957b378e6,1782138600000,2026-06-22T14:30:00Z,1782138630000,2026-06-22T14:30:30Z,30,Up,1,calendar_ridge_logistic-l2-10,0.49319497908039195,0.7068506880349434,0.2568513292293243,lgbm-depth2-leaves3,0.39612625969222626,0.9260222809389328,0.3646634942333006,-0.21917159290398935
0xbc5788bce92b42e21af18041b63f7da5e12fde81709a23c7a94d5aa957b378e6,1782138600000,2026-06-22T14:30:00Z,1782138660000,2026-06-22T14:31:00Z,60,Up,1,calendar_ridge_logistic-l2-10,0.4931747290940584,0.7068917476623195,0.256871855228881,lgbm-depth2-leaves3,0.2471031550455354,1.3979493977747306,0.5668536591423872,-0.691057650112411
0xbc5788bce92b42e21af18041b63f7da5e12fde81709a23c7a94d5aa957b378e6,1782138600000,2026-06-22T14:30:00Z,1782138690000,2026-06-22T14:31:30Z,90,Up,1,calendar_ridge_logistic-l2-10,0.4931544704983037,0.7069328264335167,0.25689239077585485,lgbm-depth2-leaves3,0.3036379663649873,1.1919191873761295,0.48492008188829056,-0.4849863609426127
0xbc5788bce92b42e21af18041b63f7da5e12fde81709a23c7a94d5aa957b378e6,1782138600000,2026-06-22T14:30:00Z,1782138720000,2026-06-22T14:32:00Z,120,Up,1,calendar_ridge_logistic-l2-10,0.4931342025573404,0.7069739258428881,0.25691293661718323,lgbm-depth2-leaves3,0.6117385308817572,0.4914503248829047,0.1507469684018562,0.2155236009599834
0xbc5788bce92b42e21af18041b63f7da5e12fde81709a23c7a94d5aa957b378e6,1782138600000,2026-06-22T14:30:00Z,1782138750000,2026-06-22T14:32:30Z,150,Up,1,calendar_ridge_logistic-l2-10,0.4931139260071479,0.7070150444003954,0.2569334920078872,lgbm-depth2-leaves3,0.7665332692923347,0.26587717744738154,0.05450671434732552,0.4411378669530139
0xbc5788bce92b42e21af18041b63f7da5e12fde81709a23c7a94d5aa957b378e6,1782138600000,2026-06-22T14:30:00Z,1782138780000,2026-06-22T14:33:00Z,180,Up,1,calendar_ridge_logistic-l2-10,0.493093640479882,0.7070561828543234,0.2569540573219391,lgbm-depth2-leaves3,0.43230912541786926,0.8386143785378907,0.3222729290838245,-0.1315581956835673
0xbc5788bce92b42e21af18041b63f7da5e12fde81709a23c7a94d5aa957b378e6,1782138600000,2026-06-22T14:30:00Z,1782138810000,2026-06-22T14:33:30Z,210,Up,1,calendar_ridge_logistic-l2-10,0.493073345975637,0.7070973412068674,0.2569746325603362,lgbm-depth2-leaves3,0.47504826732528155,0.7443388646883478,0.275574321638189,-0.037241523481480354
0xbc5788bce92b42e21af18041b63f7da5e12fde81709a23c7a94d5aa957b378e6,1782138600000,2026-06-22T14:30:00Z,1782138840000,2026-06-22T14:34:00Z,240,Up,1,calendar_ridge_logistic-l2-10,0.4930530432914773,0.707138517843825,0.25699521691603283,lgbm-depth2-leaves3,0.762791638688639,0.27077036665753396,0.0562678066760212,0.436368151186291
0xb0bf1ee3965962ed8076ad7b9ed73953ca93c14177ac9c4b11ab7d56b8a52383,1782138900000,2026-06-22T14:35:00Z,1782138930000,2026-06-22T14:35:30Z,30,Down,0,calendar_ridge_logistic-l2-10,0.49299200337995186,0.6792285030892068,0.24304111539657847,lgbm-depth2-leaves3,0.46123513155249896,0.6184760398985929,0.212737846578251,0.06075246319061389
0xb0bf1ee3965962ed8076ad7b9ed73953ca93c14177ac9c4b11ab7d56b8a52383,1782138900000,2026-06-22T14:35:00Z,1782138960000,2026-06-22T14:36:00Z,60,Down,0,calendar_ridge_logistic-l2-10,0.4929716675481394,0.6791883944042768,0.2430210650051933,lgbm-depth2-leaves3,0.6151015265416768,0.9547756847737668,0.3783498879539012,-0.27558729036949003
0xb0bf1ee3965962ed8076ad7b9ed73953ca93c14177ac9c4b11ab7d56b8a52383,1782138900000,2026-06-22T14:35:00Z,1782138990000,2026-06-22T14:36:30Z,90,Down,0,calendar_ridge_logistic-l2-10,0.4929513231078655,0.6791482703504048,0.2430010069537952,lgbm-depth2-leaves3,0.6417734298606198,1.0265896152796334,0.41187313527506386,-0.3474413449292286
0xb0bf1ee3965962ed8076ad7b9ed73953ca93c14177ac9c4b11ab7d56b8a52383,1782138900000,2026-06-22T14:35:00Z,1782139020000,2026-06-22T14:37:00Z,120,Down,0,calendar_ridge_logistic-l2-10,0.49293097091726673,0.679108132621852,0.24298094208943927,lgbm-depth2-leaves3,0.34709345899495736,0.4263212824524721,0.12047386927708414,0.2527868501693799
0xb0bf1ee3965962ed8076ad7b9ed73953ca93c14177ac9c4b11ab7d56b8a52383,1782138900000,2026-06-22T14:35:00Z,1782139050000,2026-06-22T14:37:30Z,150,Down,0,calendar_ridge_logistic-l2-10,0.492910610486332,0.6790679802540086,0.2429608699300085,lgbm-depth2-leaves3,0.23722141901969349,0.2707874851200792,0.056274001641716996,0.4082804951339294
0xb0bf1ee3965962ed8076ad7b9ed73953ca93c14177ac9c4b11ab7d56b8a52383,1782138900000,2026-06-22T14:35:00Z,1782139080000,2026-06-22T14:38:00Z,180,Down,0,calendar_ridge_logistic-l2-10,0.4928902423052652,0.679027814215365,0.24294079095974302,lgbm-depth2-leaves3,0.33574881575150795,0.4090949115082866,0.11272726727854003,0.26993290270707837
0xb0bf1ee3965962ed8076ad7b9ed73953ca93c14177ac9c4b11ab7d56b8a52383,1782138900000,2026-06-22T14:35:00Z,1782139110000,2026-06-22T14:38:30Z,210,Down,0,calendar_ridge_logistic-l2-10,0.49286986711002356,0.6789876359588529,0.2429207059050523,lgbm-depth2-leaves3,0.25711766058490076,0.29721760559974625,0.06610949138465223,0.38177003035910667
0xb0bf1ee3965962ed8076ad7b9ed73953ca93c14177ac9c4b11ab7d56b8a52383,1782138900000,2026-06-22T14:35:00Z,1782139140000,2026-06-22T14:39:00Z,240,Down,0,calendar_ridge_logistic-l2-10,0.4928494833067995,0.6789474423433379,0.24290061319577924,lgbm-depth2-leaves3,0.44553931330414537,0.5897593733600497,0.1985052796995294,0.08918806898328824
0xe1fc4da0367dfd8bf6d159bb1e37877d3aae70536069597983ed83b9eda5e879,1782139200000,2026-06-22T14:40:00Z,1782139230000,2026-06-22T14:40:30Z,30,Down,0,calendar_ridge_logistic-l2-10,0.49278820727841416,0.6788266254953712,0.24284021723267327,lgbm-depth2-leaves3,0.5028108124674214,0.6987846662984993,0.25281871313414844,-0.01995804080312813
0xe1fc4da0367dfd8bf6d159bb1e37877d3aae70536069597983ed83b9eda5e879,1782139200000,2026-06-22T14:40:00Z,1782139260000,2026-06-22T14:41:00Z,60,Down,0,calendar_ridge_logistic-l2-10,0.4927677943161122,0.6787863808641509,0.24282009911516622,lgbm-depth2-leaves3,0.4379762288887275,0.576211132631935,0.19182317707159102,0.10257524823221587
0xe1fc4da0367dfd8bf6d159bb1e37877d3aae70536069597983ed83b9eda5e879,1782139200000,2026-06-22T14:40:00Z,1782139290000,2026-06-22T14:41:30Z,90,Down,0,calendar_ridge_logistic-l2-10,0.4927473743402028,0.67874612402584,0.24279997491916397,lgbm-depth2-leaves3,0.3908876464402566,0.4957525396843217,0.15279315213960304,0.1829935843415183
0xe1fc4da0367dfd8bf6d159bb1e37877d3aae70536069597983ed83b9eda5e879,1782139200000,2026-06-22T14:40:00Z,1782139320000,2026-06-22T14:42:00Z,120,Down,0,calendar_ridge_logistic-l2-10,0.492726947350773,0.6787058549821493,0.24277984464561142,lgbm-depth2-leaves3,0.4359843629221308,0.5726733025530466,0.19008236471261625,0.1060325524291027
0xe1fc4da0367dfd8bf6d159bb1e37877d3aae70536069597983ed83b9eda5e879,1782139200000,2026-06-22T14:40:00Z,1782139350000,2026-06-22T14:42:30Z,150,Down,0,calendar_ridge_logistic-l2-10,0.4927065134090098,0.6786655738552333,0.24275970835566274,lgbm-depth2-leaves3,0.7775353357788659,1.5029870024771659,0.6045611983847538,-0.8243214286219326
0xe1fc4da0367dfd8bf6d159bb1e37877d3aae70536069597983ed83b9eda5e879,1782139200000,2026-06-22T14:40:00Z,1782139380000,2026-06-22T14:43:00Z,180,Down,0,calendar_ridge_logistic-l2-10,0.49268607239282786,0.6786252804059668,0.2427395659298708,lgbm-depth2-leaves3,0.6589872171864152,1.0758353161443654,0.43426415241509553,-0.39721003573839864
0xe1fc4da0367dfd8bf6d159bb1e37877d3aae70536069597983ed83b9eda5e879,1782139200000,2026-06-22T14:40:00Z,1782139410000,2026-06-22T14:43:30Z,210,Down,0,calendar_ridge_logistic-l2-10,0.4926656248535099,0.6785849757225306,0.24271941791229934,lgbm-depth2-leaves3,0.371137227637821,0.4638422140294461,0.13774284173868775,0.21474276169308454
0xe1fc4da0367dfd8bf6d159bb1e37877d3aae70536069597983ed83b9eda5e879,1782139200000,2026-06-22T14:40:00Z,1782139440000,2026-06-22T14:44:00Z,240,Down,0,calendar_ridge_logistic-l2-10,0.4926451706689785,0.6785446595657333,0.24269926418346696,lgbm-depth2-leaves3,0.46015688917807146,0.6164767171523834,0.21174436265803995,0.0620679424133499
0x5037da6856829106ca8844b0c3856b04929e549834d189e70e2b99b1f022ff7e,1782139500000,2026-06-22T14:45:00Z,1782139530000,2026-06-22T14:45:30Z,30,Up,1,calendar_ridge_logistic-l2-10,0.492583687365788,0.7080909092200143,0.2574713143273003,lgbm-depth2-leaves3,0.5054423303669642,0.6823213313680738,0.244587288592859,0.02576957785194045
0x5037da6856829106ca8844b0c3856b04929e549834d189e70e2b99b1f022ff7e,1782139500000,2026-06-22T14:45:00Z,1782139560000,2026-06-22T14:46:00Z,60,Up,1,calendar_ridge_logistic-l2-10,0.4925632075816137,0.708132486337665,0.2574920982998604,lgbm-depth2-leaves3,0.5828487036080952,0.5398276398478246,0.17401520408144686,0.16830484648984045
0x5037da6856829106ca8844b0c3856b04929e549834d189e70e2b99b1f022ff7e,1782139500000,2026-06-22T14:45:00Z,1782139590000,2026-06-22T14:46:30Z,90,Up,1,calendar_ridge_logistic-l2-10,0.4925427215816996,0.7081740778037411,0.2575128894197085,lgbm-depth2-leaves3,0.3572661619686855,1.0292742232551182,0.4131067865504641,-0.3211001454513771
0x5037da6856829106ca8844b0c3856b04929e549834d189e70e2b99b1f022ff7e,1782139500000,2026-06-22T14:45:00Z,1782139620000,2026-06-22T14:47:00Z,120,Up,1,calendar_ridge_logistic-l2-10,0.49252222936613255,0.7082156836197846,0.25753368768752016,lgbm-depth2-leaves3,0.6700075220854923,0.40046633966687545,0.10889503548015685,0.30774934395290915
0x5037da6856829106ca8844b0c3856b04929e549834d189e70e2b99b1f022ff7e,1782139500000,2026-06-22T14:45:00Z,1782139650000,2026-06-22T14:47:30Z,150,Up,1,calendar_ridge_logistic-l2-10,0.49250173130293395,0.7082573030402658,0.25755449273051945,lgbm-depth2-leaves3,0.6856202786177247,0.37743133422215075,0.09883460921639706,0.33082596881811505
0x5037da6856829106ca8844b0c3856b04929e549834d189e70e2b99b1f022ff7e,1782139500000,2026-06-22T14:45:00Z,1782139680000,2026-06-22T14:48:00Z,180,Up,1,calendar_ridge_logistic-l2-10,0.4924812270853548,0.7082989366896756,0.2575753048607872,lgbm-depth2-leaves3,0.23488622522666283,1.4486540300470965,0.585399088347905,-0.7403550933574209
0x5037da6856829106ca8844b0c3856b04929e549834d189e70e2b99b1f022ff7e,1782139500000,2026-06-22T14:45:00Z,1782139710000,2026-06-22T14:48:30Z,210,Up,1,calendar_ridge_logistic-l2-10,0.4924607174493325,0.708340583075311,0.2575961233320463,lgbm-depth2-leaves3,0.2986263779886097,1.2085620589019053,0.4919249576533766,-0.5002214758265943
0x5037da6856829106ca8844b0c3856b04929e549834d189e70e2b99b1f022ff7e,1782139500000,2026-06-22T14:45:00Z,1782139740000,2026-06-22T14:49:00Z,240,Up,1,calendar_ridge_logistic-l2-10,0.49244020196595023,0.7083822430696938,0.25761694858036543,lgbm-depth2-leaves3,0.7653125179599534,0.2674710083681736,0.05507821422629721,0.44091123470152016
0x080fda3ebd15742fda4770e3b7338e100d9280d361946b241ae960756a4fb933,1782139800000,2026-06-22T14:50:00Z,1782139830000,2026-06-22T14:50:30Z,30,Down,0,calendar_ridge_logistic-l2-10,0.49237854163827377,0.6780192698791544,0.2424366282658333,lgbm-depth2-leaves3,0.7859485059713278,1.5415386666039443,0.6177150540385623,-0.86351939672479
0x080fda3ebd15742fda4770e3b7338e100d9280d361946b241ae960756a4fb933,1782139800000,2026-06-22T14:50:00Z,1782139860000,2026-06-22T14:51:00Z,60,Down,0,calendar_ridge_logistic-l2-10,0.4923580041145599,0.6779788123533156,0.24241640421567295,lgbm-depth2-leaves3,0.4783601608767956,0.6507778925992723,0.22882844351407378,0.027200919754043262
0x080fda3ebd15742fda4770e3b7338e100d9280d361946b241ae960756a4fb933,1782139800000,2026-06-22T14:50:00Z,1782139890000,2026-06-22T14:51:30Z,90,Down,0,calendar_ridge_logistic-l2-10,0.49233746196987604,0.6779383473617777,0.24239617645893913,lgbm-depth2-leaves3,0.3147945916016727,0.37803661939588695,0.09909563490166393,0.29990172796589076
0x080fda3ebd15742fda4770e3b7338e100d9280d361946b241ae960756a4fb933,1782139800000,2026-06-22T14:50:00Z,1782139920000,2026-06-22T14:52:00Z,120,Down,0,calendar_ridge_logistic-l2-10,0.4923169144684606,0.6778978734562593,0.24237594427174555,lgbm-depth2-leaves3,0.3901944776733066,0.4946151885052399,0.15225173040674458,0.1832826849510194
0x080fda3ebd15742fda4770e3b7338e100d9280d361946b241ae960756a4fb933,1782139800000,2026-06-22T14:50:00Z,1782139950000,2026-06-22T14:52:30Z,150,Down,0,calendar_ridge_logistic-l2-10,0.49229636191724413,0.6778573912424559,0.2423557079569542,lgbm-depth2-leaves3,0.7286158156899968,1.3042198077451124,0.5308810068735994,-0.6263624165026564
0x080fda3ebd15742fda4770e3b7338e100d9280d361946b241ae960756a4fb933,1782139800000,2026-06-22T14:50:00Z,1782139980000,2026-06-22T14:53:00Z,180,Down,0,calendar_ridge_logistic-l2-10,0.4922758047453175,0.6778169015665685,0.24233546793764998,lgbm-depth2-leaves3,0.551283998000956,0.8013651036117193,0.303914046451918,-0.12354820204515082
0x080fda3ebd15742fda4770e3b7338e100d9280d361946b241ae960756a4fb933,1782139800000,2026-06-22T14:50:00Z,1782140010000,2026-06-22T14:53:30Z,210,Down,0,calendar_ridge_logistic-l2-10,0.49225524258484743,0.6777764037051246,0.242315223852267,lgbm-depth2-leaves3,0.3054687880937472,0.3645181762478998,0.09331118049946265,0.3132582274572248
0x080fda3ebd15742fda4770e3b7338e100d9280d361946b241ae960756a4fb933,1782139800000,2026-06-22T14:50:00Z,1782140040000,2026-06-22T14:54:00Z,240,Down,0,calendar_ridge_logistic-l2-10,0.4922346761717647,0.6777358991085374,0.24229497642592204,lgbm-depth2-leaves3,0.42696272950734737,0.5568045198929035,0.18229717238836426,0.1209313792156339
0xdfa7041af711cb37ec543c0938a6aca6832b04e04070166e7f0aae5b871cbe91,1782140100000,2026-06-22T14:55:00Z,1782140130000,2026-06-22T14:55:30Z,30,Up,1,calendar_ridge_logistic-l2-10,0.49217286692380385,0.7089252686645441,0.25788839708838857,lgbm-depth2-leaves3,0.3240800032856512,1.1267648699493067,0.45686784195832525,-0.4178396012847626
0xdfa7041af711cb37ec543c0938a6aca6832b04e04070166e7f0aae5b871cbe91,1782140100000,2026-06-22T14:55:00Z,1782140160000,2026-06-22T14:56:00Z,60,Up,1,calendar_ridge_logistic-l2-10,0.492152282090645,0.7089670939357616,0.2579093045857398,lgbm-depth2-leaves3,0.3244835647808993,1.1255203919452923,0.45632245425112156,-0.41655329800953067
0xdfa7041af711cb37ec543c0938a6aca6832b04e04070166e7f0aae5b871cbe91,1782140100000,2026-06-22T14:55:00Z,1782140190000,2026-06-22T14:56:30Z,90,Up,1,calendar_ridge_logistic-l2-10,0.49213169337322404,0.7090089288491345,0.2579302168759489,lgbm-depth2-leaves3,0.6002269296766003,0.510447479144014,0.1598185077557979,0.19856144970512046
0xdfa7041af711cb37ec543c0938a6aca6832b04e04070166e7f0aae5b871cbe91,1782140100000,2026-06-22T14:55:00Z,1782140220000,2026-06-22T14:57:00Z,120,Up,1,calendar_ridge_logistic-l2-10,0.49211110046479084,0.7090507740291351,0.25795113427108574,lgbm-depth2-leaves3,0.3699706004674159,0.9943317346970099,0.39693704427538845,-0.2852809606678748
0xdfa7041af711cb37ec543c0938a6aca6832b04e04070166e7f0aae5b871cbe91,1782140100000,2026-06-22T14:55:00Z,1782140250000,2026-06-22T14:57:30Z,150,Up,1,calendar_ridge_logistic-l2-10,0.4920905033654361,0.7090926294767946,0.25797205677157603,lgbm-depth2-leaves3,0.6707843767929637,0.39930753971432154,0.10838292656359733,0.3097850897624731
0xdfa7041af711cb37ec543c0938a6aca6832b04e04070166e7f0aae5b871cbe91,1782140100000,2026-06-22T14:55:00Z,1782140280000,2026-06-22T14:58:00Z,180,Up,1,calendar_ridge_logistic-l2-10,0.49206990281107466,0.7091344936977796,0.25799298363035117,lgbm-depth2-leaves3,0.7884068089637343,0.23774106730792013,0.044771678492909646,0.4713934263898595
0xdfa7041af711cb37ec543c0938a6aca6832b04e04070166e7f0aae5b871cbe91,1782140100000,2026-06-22T14:55:00Z,1782140310000,2026-06-22T14:58:30Z,210,Up,1,calendar_ridge_logistic-l2-10,0.49204929806595854,0.7091763681883917,0.2580139155952854,lgbm-depth2-leaves3,0.7755618021281203,0.25416760627444823,0.05037250466397702,0.45500876191394346
0xdfa7041af711cb37ec543c0938a6aca6832b04e04070166e7f0aae5b871cbe91,1782140100000,2026-06-22T14:55:00Z,1782140340000,2026-06-22T14:59:00Z,240,Up,1,calendar_ridge_logistic-l2-10,0.4920286894370077,0.7092182523260627,0.25803485235508394,lgbm-depth2-leaves3,0.6093745427790109,0.49532218754167356,0.15258824782910677,0.21389606478438916
0xc9cdf1832f3fa787e1a53303f821ac707e893fd7e1e53c24432cfa1999e3e9ca,1782140400000,2026-06-22T15:00:00Z,1782140430000,2026-06-22T15:00:30Z,30,Up,1,calendar_ridge_logistic-l2-10,0.4919667616390065,0.7093441224162451,0.25809777127955813,lgbm-depth2-leaves3,0.6823697373807117,0.3821836311199393,0.10088898373159805,0.3271604912963058
0xc9cdf1832f3fa787e1a53303f821ac707e893fd7e1e53c24432cfa1999e3e9ca,1782140400000,2026-06-22T15:00:00Z,1782140460000,2026-06-22T15:01:00Z,60,Up,1,calendar_ridge_logistic-l2-10,0.491946139742818,0.7093860405497762,0.25811872492222426,lgbm-depth2-leaves3,0.7095443660920409,0.3431322528472127,0.08436447526887439,0.36625378770256345
0xc9cdf1832f3fa787e1a53303f821ac707e893fd7e1e53c24432cfa1999e3e9ca,1782140400000,2026-06-22T15:00:00Z,1782140490000,2026-06-22T15:01:30Z,90,Up,1,calendar_ridge_logistic-l2-10,0.49192551408538643,0.7094279680864712,0.2581396832373989,lgbm-depth2-leaves3,0.6765258639706568,0.39078460006862864,0.10463551667993,0.3186433680178426
0xc9cdf1832f3fa787e1a53303f821ac707e893fd7e1e53c24432cfa1999e3e9ca,1782140400000,2026-06-22T15:00:00Z,1782140520000,2026-06-22T15:02:00Z,120,Up,1,calendar_ridge_logistic-l2-10,0.4919048853415298,0.709469903655593,0.258160645539804,lgbm-depth2-leaves3,0.7545989965805628,0.28156880118967453,0.060221652479266606,0.4279011024659185
0xc9cdf1832f3fa787e1a53303f821ac707e893fd7e1e53c24432cfa1999e3e9ca,1782140400000,2026-06-22T15:00:00Z,1782140550000,2026-06-22T15:02:30Z,150,Up,1,calendar_ridge_logistic-l2-10,0.49188425400141517,0.7095118462615695,0.2581816113316983,lgbm-depth2-leaves3,0.7182442161751779,0.33094563381763525,0.07938632171873991,0.37856621244393424
0xc9cdf1832f3fa787e1a53303f821ac707e893fd7e1e53c24432cfa1999e3e9ca,1782140400000,2026-06-22T15:00:00Z,1782140580000,2026-06-22T15:03:00Z,180,Up,1,calendar_ridge_logistic-l2-10,0.49186361920713173,0.7095537976494167,0.2582025814852748,lgbm-depth2-leaves3,0.6999426251367626,0.35675691138831106,0.09003442820981734,0.35279688626110567
0xc9cdf1832f3fa787e1a53303f821ac707e893fd7e1e53c24432cfa1999e3e9ca,1782140400000,2026-06-22T15:00:00Z,1782140610000,2026-06-22T15:03:30Z,210,Up,1,calendar_ridge_logistic-l2-10,0.4918429818167497,0.7095957560755646,0.2582235551288922,lgbm-depth2-leaves3,0.7112098745237448,0.3407877105653514,0.0833997365725912,0.3688080455102132
0xc9cdf1832f3fa787e1a53303f821ac707e893fd7e1e53c24432cfa1999e3e9ca,1782140400000,2026-06-22T15:00:00Z,1782140640000,2026-06-22T15:04:00Z,240,Up,1,calendar_ridge_logistic-l2-10,0.4918223418303551,0.70963772154065,0.25824453226278443,lgbm-depth2-leaves3,0.5693567886214064,0.5632479963375635,0.18545357550646807,0.14638972520308646
0x22d79bfed2799d754494003263052d0e4f8fe5bd26897849de6bb42f2503a841,1782140700000,2026-06-22T15:05:00Z,1782140730000,2026-06-22T15:05:30Z,30,Down,0,calendar_ridge_logistic-l2-10,0.49176032450317264,0.67680214050819,0.24182821675546565,lgbm-depth2-leaves3,0.23170377998043995,0.2635799170483351,0.05368664165722412,0.4132222234598549
0x22d79bfed2799d754494003263052d0e4f8fe5bd26897849de6bb42f2503a841,1782140700000,2026-06-22T15:05:00Z,1782140760000,2026-06-22T15:06:00Z,60,Down,0,calendar_ridge_logistic-l2-10,0.4917396740114672,0.676761509929384,0.24180790699690402,lgbm-depth2-leaves3,0.22895593408810377,0.260009752821314,0.05242081975415612,0.41675175710807
0x22d79bfed2799d754494003263052d0e4f8fe5bd26897849de6bb42f2503a841,1782140700000,2026-06-22T15:05:00Z,1782140790000,2026-06-22T15:06:30Z,90,Down,0,calendar_ridge_logistic-l2-10,0.4917190220889589,0.6767208781863709,0.24178759668412206,lgbm-depth2-leaves3,0.2367996558349311,0.2702347078981241,0.05607407700354181,0.40648617028824685
0x22d79bfed2799d754494003263052d0e4f8fe5bd26897849de6bb42f2503a841,1782140700000,2026-06-22T15:05:00Z,1782140820000,2026-06-22T15:07:00Z,120,Down,0,calendar_ridge_logistic-l2-10,0.491698367509832,0.6766802428677683,0.2417672846118338,lgbm-depth2-leaves3,0.24487519132779084,0.2808722338956073,0.059963859327822173,0.395808008972161
0x22d79bfed2799d754494003263052d0e4f8fe5bd26897849de6bb42f2503a841,1782140700000,2026-06-22T15:05:00Z,1782140850000,2026-06-22T15:07:30Z,150,Down,0,calendar_ridge_logistic-l2-10,0.4916777111321526,0.6766396056621148,0.24174697162415248,lgbm-depth2-leaves3,0.690446591434546,1.172624637720861,0.4767164956235829,-0.4959850320587461
0x22d79bfed2799d754494003263052d0e4f8fe5bd26897849de6bb42f2503a841,1782140700000,2026-06-22T15:05:00Z,1782140880000,2026-06-22T15:08:00Z,180,Down,0,calendar_ridge_logistic-l2-10,0.49165705252700714,0.6765989657259591,0.24172665729954426,lgbm-depth2-leaves3,0.6671853878409997,1.1001696642711902,0.44513634174854516,-0.4235706985452311
0x22d79bfed2799d754494003263052d0e4f8fe5bd26897849de6bb42f2503a841,1782140700000,2026-06-22T15:05:00Z,1782140910000,2026-06-22T15:08:30Z,210,Down,0,calendar_ridge_logistic-l2-10,0.4916363920623782,0.6765583237835583,0.24170634200011243,lgbm-depth2-leaves3,0.7250605629144412,1.2912044343492708,0.5257128198938064,-0.6146461105657125
0x22d79bfed2799d754494003263052d0e4f8fe5bd26897849de6bb42f2503a841,1782140700000,2026-06-22T15:05:00Z,1782140940000,2026-06-22T15:09:00Z,240,Down,0,calendar_ridge_logistic-l2-10,0.49161573022842003,0.6765176807993653,0.24168602620802265,lgbm-depth2-leaves3,0.7533725477273613,1.3998763713633438,0.5675701956692153,-0.7233586905639785
0xc4560a3abcda9367bdd3577f8ea733bf64953d0bc2fd297182774c6c7e50ce27,1782141000000,2026-06-22T15:10:00Z,1782141030000,2026-06-22T15:10:30Z,30,Up,1,calendar_ridge_logistic-l2-10,0.49155365300378767,0.7101841835951749,0.2585176877737928,lgbm-depth2-leaves3,0.5402362134783533,0.6157488027021428,0.21138273939672236,0.09443538089303205
0xc4560a3abcda9367bdd3577f8ea733bf64953d0bc2fd297182774c6c7e50ce27,1782141000000,2026-06-22T15:10:00Z,1782141060000,2026-06-22T15:11:00Z,60,Up,1,calendar_ridge_logistic-l2-10,0.4915329850200617,0.7102262307208902,0.2585387053226088,lgbm-depth2-leaves3,0.37155235871217546,0.9900654860952822,0.39494643784023026,-0.279839255374392
0xc4560a3abcda9367bdd3577f8ea733bf64953d0bc2fd297182774c6c7e50ce27,1782141000000,2026-06-22T15:10:00Z,1782141090000,2026-06-22T15:11:30Z,90,Up,1,calendar_ridge_logistic-l2-10,0.4915123156673907,0.71026828239981,0.2585597251179394,lgbm-depth2-leaves3,0.6137574412073826,0.48815547578008894,0.14918331422266848,0.22211280661972105
0xc4560a3abcda9367bdd3577f8ea733bf64953d0bc2fd297182774c6c7e50ce27,1782141000000,2026-06-22T15:10:00Z,1782141120000,2026-06-22T15:12:00Z,120,Up,1,calendar_ridge_logistic-l2-10,0.49149164525266376,0.7103103380080308,0.25858074684784277,lgbm-depth2-leaves3,0.790689425432544,0.2348500236730148,0.04381091662575858,0.475460314335016
0xc4560a3abcda9367bdd3577f8ea733bf64953d0bc2fd297182774c6c7e50ce27,1782141000000,2026-06-22T15:10:00Z,1782141150000,2026-06-22T15:12:30Z,150,Up,1,calendar_ridge_logistic-l2-10,0.4914709734080606,0.7103523982943809,0.25860177088654535,lgbm-depth2-leaves3,0.665937878474048,0.4065588883566765,0.11159750103841995,0.30379350993770443
0xc4560a3abcda9367bdd3577f8ea733bf64953d0bc2fd297182774c6c7e50ce27,1782141000000,2026-06-22T15:10:00Z,1782141180000,2026-06-22T15:13:00Z,180,Up,1,calendar_ridge_logistic-l2-10,0.4914503009916214,0.7103944615134417,0.25862279636151253,lgbm-depth2-leaves3,0.57886820228559,0.5466804572247503,0.17735199104617075,0.16371400428869132
0xc4560a3abcda9367bdd3577f8ea733bf64953d0bc2fd297182774c6c7e50ce27,1782141000000,2026-06-22T15:10:00Z,1782141210000,2026-06-22T15:13:30Z,210,Up,1,calendar_ridge_logistic-l2-10,0.49142962751335206,0.7104365286625874,0.2586438237712078,lgbm-depth2-leaves3,0.6112552337645648,0.49224067583369635,0.15112249327544316,0.2181958528288911
0xc4560a3abcda9367bdd3577f8ea733bf64953d0bc2fd297182774c6c7e50ce27,1782141000000,2026-06-22T15:10:00Z,1782141240000,2026-06-22T15:14:00Z,240,Up,1,calendar_ridge_logistic-l2-10,0.49140895340231505,0.7104785988691127,0.25866485267932854,lgbm-depth2-leaves3,0.6516191723969071,0.42829497911911424,0.12136920104141591,0.28218361974999845
0x8563a5e9de7c8c50b6c8702809b1f7802f3efd3241e895a211d478b68613a795,1782141300000,2026-06-22T15:15:00Z,1782141330000,2026-06-22T15:15:30Z,30,Down,0,calendar_ridge_logistic-l2-10,0.49134684621727465,0.6759889214613453,0.24142172328766215,lgbm-depth2-leaves3,0.48392956265409914,0.6615120163324326,0.23418782161058768,0.014476905128912643
0x8563a5e9de7c8c50b6c8702809b1f7802f3efd3241e895a211d478b68613a795,1782141300000,2026-06-22T15:15:00Z,1782141360000,2026-06-22T15:16:00Z,60,Down,0,calendar_ridge_logistic-l2-10,0.4913261696370851,0.6759482726227425,0.2414014049702497,lgbm-depth2-leaves3,0.38124528013446324,0.4800463370628166,0.14534796362480534,0.1959019355599259
0x8563a5e9de7c8c50b6c8702809b1f7802f3efd3241e895a211d478b68613a795,1782141300000,2026-06-22T15:15:00Z,1782141390000,2026-06-22T15:16:30Z,90,Down,0,calendar_ridge_logistic-l2-10,0.4913054932213694,0.675907625759726,0.24138108766949307,lgbm-depth2-leaves3,0.2498829929440094,0.2875260752119956,0.06244151016265585,0.3883815505477304
0x8563a5e9de7c8c50b6c8702809b1f7802f3efd3241e895a211d478b68613a795,1782141300000,2026-06-22T15:15:00Z,1782141420000,2026-06-22T15:17:00Z,120,Down,0,calendar_ridge_logistic-l2-10,0.49128481654121475,0.6758669800289926,0.24136077096393505,lgbm-depth2-leaves3,0.23280104704086346,0.2650091201699184,0.054196327503322324,0.4108578598590742
0x8563a5e9de7c8c50b6c8702809b1f7802f3efd3241e895a211d478b68613a795,1782141300000,2026-06-22T15:15:00Z,1782141450000,2026-06-22T15:17:30Z,150,Down,0,calendar_ridge_logistic-l2-10,0.4912641397188621,0.675826335670755,0.24134045497371368,lgbm-depth2-leaves3,0.3303143057155313,0.40094678967331243,0.10910754056033346,0.2748795459974426
0x8563a5e9de7c8c50b6c8702809b1f7802f3efd3241e895a211d478b68613a795,1782141300000,2026-06-22T15:15:00Z,1782141480000,2026-06-22T15:18:00Z,180,Down,0,calendar_ridge_logistic-l2-10,0.4912434630001118,0.6757856931680524,0.2413201399403422,lgbm-depth2-leaves3,0.4772034341297204,0.6485628659791998,0.2277231175451984,0.027222827188852605
0x8563a5e9de7c8c50b6c8702809b1f7802f3efd3241e895a211d478b68613a795,1782141300000,2026-06-22T15:15:00Z,1782141510000,2026-06-22T15:18:30Z,210,Down,0,calendar_ridge_logistic-l2-10,0.4912227865071952,0.6757450527609712,0.24129982598389346,lgbm-depth2-leaves3,0.7514507678946046,1.392114335943732,0.564678256569391,-0.7163692831827608
0x8563a5e9de7c8c50b6c8702809b1f7802f3efd3241e895a211d478b68613a795,1782141300000,2026-06-22T15:15:00Z,1782141540000,2026-06-22T15:19:00Z,240,Down,0,calendar_ridge_logistic-l2-10,0.49120211017910576,0.6757044143294196,0.24127951304440634,lgbm-depth2-leaves3,0.4164903238746976,0.5386942444876187,0.17346418988125048,0.13701016984180092
0xe92068c56170b2159be93f6fc3a81c08b484dc2543c442fbc72bf484ff8bed6d,1782141600000,2026-06-22T15:20:00Z,1782141630000,2026-06-22T15:20:30Z,30,Up,1,calendar_ridge_logistic-l2-10,0.491140001926487,0.7110260555247565,0.25893849763937565,lgbm-depth2-leaves3,0.41085132924486445,0.8895238592569685,0.3470961562525431,-0.17849780373221202
0xe92068c56170b2159be93f6fc3a81c08b484dc2543c442fbc72bf484ff8bed6d,1782141600000,2026-06-22T15:20:00Z,1782141660000,2026-06-22T15:21:00Z,60,Up,1,calendar_ridge_logistic-l2-10,0.4911193274843483,0.7110681512148105,0.25895953885998196,lgbm-depth2-leaves3,0.37110546495629476,0.9912689846529722,0.39550833620783815,-0.2802008334381617
0xe92068c56170b2159be93f6fc3a81c08b484dc2543c442fbc72bf484ff8bed6d,1782141600000,2026-06-22T15:20:00Z,1782141690000,2026-06-22T15:21:30Z,90,Up,1,calendar_ridge_logistic-l2-10,0.491098653268465,0.7111102482162733,0.25898058070517,lgbm-depth2-leaves3,0.6300177658400771,0.46200726024801,0.13688685359396804,0.24910298796826336
0xe92068c56170b2159be93f6fc3a81c08b484dc2543c442fbc72bf484ff8bed6d,1782141600000,2026-06-22T15:20:00Z,1782141720000,2026-06-22T15:22:00Z,120,Up,1,calendar_ridge_logistic-l2-10,0.4910779808115443,0.7111523434081288,0.25900162161485485,lgbm-depth2-leaves3,0.6096527187296227,0.4948657974932739,0.15237099999517506,0.2162865459148549
0xe92068c56170b2159be93f6fc3a81c08b484dc2543c442fbc72bf484ff8bed6d,1782141600000,2026-06-22T15:20:00Z,1782141750000,2026-06-22T15:22:30Z,150,Up,1,calendar_ridge_logistic-l2-10,0.4910573085199325,0.7111944400354253,0.2590226632109751,lgbm-depth2-leaves3,0.3900243078376914,0.9415462140117886,0.3720703450288875,-0.2303517739763633
0xe92068c56170b2159be93f6fc3a81c08b484dc2543c442fbc72bf484ff8bed6d,1782141600000,2026-06-22T15:20:00Z,1782141780000,2026-06-22T15:23:00Z,180,Up,1,calendar_ridge_logistic-l2-10,0.491036637251638,0.7112365363509286,0.2590437046201208,lgbm-depth2-leaves3,0.28223480223602865,1.2650159224471333,0.515186879121153,-0.5537793860962047
0xe92068c56170b2159be93f6fc3a81c08b484dc2543c442fbc72bf484ff8bed6d,1782141600000,2026-06-22T15:20:00Z,1782141810000,2026-06-22T15:23:30Z,210,Up,1,calendar_ridge_logistic-l2-10,0.4910159673135326,0.7112786317295517,0.25906474552977893,lgbm-depth2-leaves3,0.4710644704571674,0.752760314381402,0.27977279441275676,-0.04148168265185026
0xe92068c56170b2159be93f6fc3a81c08b484dc2543c442fbc72bf484ff8bed6d,1782141600000,2026-06-22T15:20:00Z,1782141840000,2026-06-22T15:24:00Z,240,Up,1,calendar_ridge_logistic-l2-10,0.49099529839887923,0.7113207267958266,0.259085786252046,lgbm-depth2-leaves3,0.7868749362278785,0.2396859552283217,0.04542229280787085,0.4716347715675049
0x03a4fa80e242fad4fd14486fdf3963b22a145ef52aa267a385e39aae22d64458,1782141900000,2026-06-22T15:25:00Z,1782141930000,2026-06-22T15:25:30Z,30,Up,1,calendar_ridge_logistic-l2-10,0.49093321956354546,0.711447169473233,0.25914898694393745,lgbm-depth2-leaves3,0.5691706034167674,0.563575059537976,0.18561396896027232,0.147872109935257
0x03a4fa80e242fad4fd14486fdf3963b22a145ef52aa267a385e39aae22d64458,1782141900000,2026-06-22T15:25:00Z,1782141960000,2026-06-22T15:26:00Z,60,Up,1,calendar_ridge_logistic-l2-10,0.4909125565828946,0.711489259547165,0.2591700250449644,lgbm-depth2-leaves3,0.39480713066409834,0.9293579101267011,0.3662584090950217,-0.21786865057953608
0x03a4fa80e242fad4fd14486fdf3963b22a145ef52aa267a385e39aae22d64458,1782141900000,2026-06-22T15:25:00Z,1782141990000,2026-06-22T15:26:30Z,90,Up,1,calendar_ridge_logistic-l2-10,0.490891895361792,0.7115313478083554,0.25919106220830856,lgbm-depth2-leaves3,0.4580095452944575,0.780865253830854,0.29375365299192074,-0.06933390602249867
0x03a4fa80e242fad4fd14486fdf3963b22a145ef52aa267a385e39aae22d64458,1782141900000,2026-06-22T15:25:00Z,1782142020000,2026-06-22T15:27:00Z,120,Up,1,calendar_ridge_logistic-l2-10,0.49087123553240913,0.7115734350058388,0.25921209880829554,lgbm-depth2-leaves3,0.7533725477273613,0.2831954222333571,0.06082510021449269,0.4283780127724817
0x03a4fa80e242fad4fd14486fdf3963b22a145ef52aa267a385e39aae22d64458,1782141900000,2026-06-22T15:25:00Z,1782142050000,2026-06-22T15:27:30Z,150,Up,1,calendar_ridge_logistic-l2-10,0.49085057789166536,0.7116155195158586,0.25923313403325104,lgbm-depth2-leaves3,0.7661788829574749,0.2663396078400091,0.054672314775014205,0.44527591167584946
0x03a4fa80e242fad4fd14486fdf3963b22a145ef52aa267a385e39aae22d64458,1782141900000,2026-06-22T15:25:00Z,1782142080000,2026-06-22T15:28:00Z,180,Up,1,calendar_ridge_logistic-l2-10,0.49082992243961904,0.7116576013378819,0.25925416788284433,lgbm-depth2-leaves3,0.5102891001009734,0.6727778509267871,0.23981676547991446,0.038879750411094816
0x03a4fa80e242fad4fd14486fdf3963b22a145ef52aa267a385e39aae22d64458,1782141900000,2026-06-22T15:25:00Z,1782142110000,2026-06-22T15:28:30Z,210,Up,1,calendar_ridge_logistic-l2-10,0.4908092687473649,0.7116996813453685,0.2592752007935933,lgbm-depth2-leaves3,0.48517107689812417,0.7232537143689052,0.26504882006223723,-0.011554033023536636
0x03a4fa80e242fad4fd14486fdf3963b22a145ef52aa267a385e39aae22d64458,1782141900000,2026-06-22T15:25:00Z,1782142140000,2026-06-22T15:29:00Z,240,Up,1,calendar_ridge_logistic-l2-10,0.49078861767289556,0.7117417577898232,0.2592962318914806,lgbm-depth2-leaves3,0.3421761989553338,1.0724294729665393,0.43273215322085257,-0.36068771517671616
0x4a7db4c9f2268212bf4807055eeaa25fe62f0cf53068a001d706daba1acc6d49,1782142200000,2026-06-22T15:30:00Z,1782142230000,2026-06-22T15:30:30Z,30,Up,1,calendar_ridge_logistic-l2-10,0.4907265964084144,0.711868136400514,0.259359399605758,lgbm-depth2-leaves3,0.663781944733665,0.40980157992508137,0.11304258068707627,0.3020665564754327
0x4a7db4c9f2268212bf4807055eeaa25fe62f0cf53068a001d706daba1acc6d49,1782142200000,2026-06-22T15:30:00Z,1782142260000,2026-06-22T15:31:00Z,60,Up,1,calendar_ridge_logistic-l2-10,0.4907059548867872,0.7119102004661555,0.2593804243877793,lgbm-depth2-leaves3,0.4218673415102195,0.8630643709773763,0.33423737081246124,-0.15115417051122082
0x4a7db4c9f2268212bf4807055eeaa25fe62f0cf53068a001d706daba1acc6d49,1782142200000,2026-06-22T15:30:00Z,1782142290000,2026-06-22T15:31:30Z,90,Up,1,calendar_ridge_logistic-l2-10,0.4906853159221615,0.711952261090175,0.25940144741730836,lgbm-depth2-leaves3,0.3910485431767643,0.9389235753556887,0.3708218767671411,-0.22697131426551376
0x4a7db4c9f2268212bf4807055eeaa25fe62f0cf53068a001d706daba1acc6d49,1782142200000,2026-06-22T15:30:00Z,1782142320000,2026-06-22T15:32:00Z,120,Up,1,calendar_ridge_logistic-l2-10,0.49066468037250727,0.7119943165234764,0.25942246782004025,lgbm-depth2-leaves3,0.5422694496822161,0.6119922614403738,0.20951725669422128,0.10000205508310267
0x4a7db4c9f2268212bf4807055eeaa25fe62f0cf53068a001d706daba1acc6d49,1782142200000,2026-06-22T15:30:00Z,1782142350000,2026-06-22T15:32:30Z,150,Up,1,calendar_ridge_logistic-l2-10,0.49064404701209013,0.7120363692635456,0.2594434868442219,lgbm-depth2-leaves3,0.36512457212779115,1.0075166901262267,0.4030668089159203,-0.29548032086268106
0x4a7db4c9f2268212bf4807055eeaa25fe62f0cf53068a001d706daba1acc6d49,1782142200000,2026-06-22T15:30:00Z,1782142380000,2026-06-22T15:33:00Z,180,Up,1,calendar_ridge_logistic-l2-10,0.4906234166378034,0.7120784176857221,0.2594645036777448,lgbm-depth2-leaves3,0.5378873590421336,0.6201061105514317,0.21354809293305396,0.09197230713429039
0x4a7db4c9f2268212bf4807055eeaa25fe62f0cf53068a001d706daba1acc6d49,1782142200000,2026-06-22T15:30:00Z,1782142410000,2026-06-22T15:33:30Z,210,Up,1,calendar_ridge_logistic-l2-10,0.4906027896786578,0.7121204609149304,0.25948551788316576,lgbm-depth2-leaves3,0.7872967476741506,0.23915003978697413,0.045242673549993964,0.4729704211279563
0x4a7db4c9f2268212bf4807055eeaa25fe62f0cf53068a001d706daba1acc6d49,1782142200000,2026-06-22T15:30:00Z,1782142440000,2026-06-22T15:34:00Z,240,Up,1,calendar_ridge_logistic-l2-10,0.4905821652768013,0.7121625006990818,0.25950653033407217,lgbm-depth2-leaves3,0.657010624564366,0.42005508929743485,0.1176417116617263,0.292107411401647
0x4ab3e054e80b8a1d29994f0847fd5c47e4ab05739729359768e68fde86dfb01b,1782142500000,2026-06-22T15:35:00Z,1782142530000,2026-06-22T15:35:30Z,30,Down,0,calendar_ridge_logistic-l2-10,0.49052023218647395,0.6743651369929463,0.24061009818427231,lgbm-depth2-leaves3,0.32434542852063347,0.3920733224743594,0.10519995700223336,0.2822918145185869
0x4ab3e054e80b8a1d29994f0847fd5c47e4ab05739729359768e68fde86dfb01b,1782142500000,2026-06-22T15:35:00Z,1782142560000,2026-06-22T15:36:00Z,60,Down,0,calendar_ridge_logistic-l2-10,0.49049962181396095,0.6743246840506654,0.2405898789996387,lgbm-depth2-leaves3,0.5655893179040534,0.8337649202044696,0.3198912765271724,-0.1594402361538042
0x4ab3e054e80b8a1d29994f0847fd5c47e4ab05739729359768e68fde86dfb01b,1782142500000,2026-06-22T15:35:00Z,1782142590000,2026-06-22T15:36:30Z,90,Down,0,calendar_ridge_logistic-l2-10,0.4904790152247962,0.6742842401700627,0.24056966437588587,lgbm-depth2-leaves3,0.748649024289928,1.3809050069729412,0.5604753615702611,-0.7066207668028784
0x4ab3e054e80b8a1d29994f0847fd5c47e4ab05739729359768e68fde86dfb01b,1782142500000,2026-06-22T15:35:00Z,1782142620000,2026-06-22T15:37:00Z,120,Down,0,calendar_ridge_logistic-l2-10,0.49045841241902616,0.6742438053501965,0.24054945431259156,lgbm-depth2-leaves3,0.5453114575718616,0.7881426165593941,0.2973645857591482,-0.11389881120919765
0x4ab3e054e80b8a1d29994f0847fd5c47e4ab05739729359768e68fde86dfb01b,1782142500000,2026-06-22T15:35:00Z,1782142650000,2026-06-22T15:37:30Z,150,Down,0,calendar_ridge_logistic-l2-10,0.4904378133967079,0.6742033795901455,0.24052924880934407,lgbm-depth2-leaves3,0.24901934566784664,0.28637538742708607,0.062010634516842494,0.38782799216305947
0x4ab3e054e80b8a1d29994f0847fd5c47e4ab05739729359768e68fde86dfb01b,1782142500000,2026-06-22T15:35:00Z,1782142680000,2026-06-22T15:38:00Z,180,Down,0,calendar_ridge_logistic-l2-10,0.4904172182189701,0.6741629630088357,0.24050904792563293,lgbm-depth2-leaves3,0.3327125942439972,0.40453443268691314,0.11069767036857071,0.2696285303219226
0x4ab3e054e80b8a1d29994f0847fd5c47e4ab05739729359768e68fde86dfb01b,1782142500000,2026-06-22T15:35:00Z,1782142710000,2026-06-22T15:38:30Z,210,Down,0,calendar_ridge_logistic-l2-10,0.4903966271926556,0.674122556207341,0.24048885196193243,lgbm-depth2-leaves3,0.5154583510810642,0.7245518886649136,0.2656973116992096,-0.05042933245757264
0x4ab3e054e80b8a1d29994f0847fd5c47e4ab05739729359768e68fde86dfb01b,1782142500000,2026-06-22T15:35:00Z,1782142740000,2026-06-22T15:39:00Z,240,Down,0,calendar_ridge_logistic-l2-10,0.4903760404399763,0.6740821594243499,0.24046866103758927,lgbm-depth2-leaves3,0.26522823870568646,0.3081953568446418,0.0703460186069206,0.3658868025797081
0x1705e5b319360a4e7ab06fe7575a4310cd08189d13b323e6be289acc9251ab3b,1782142800000,2026-06-22T15:40:00Z,1782142830000,2026-06-22T15:40:30Z,30,Up,1,calendar_ridge_logistic-l2-10,0.4903142245314213,0.7127088188522083,0.25977958971500636,lgbm-depth2-leaves3,0.7529054654106212,0.28381560300694214,0.061055709023941716,0.42889321584526613
0x1705e5b319360a4e7ab06fe7575a4310cd08189d13b323e6be289acc9251ab3b,1782142800000,2026-06-22T15:40:00Z,1782142860000,2026-06-22T15:41:00Z,60,Up,1,calendar_ridge_logistic-l2-10,0.49029365536532005,0.7127507707200771,0.2598005577608471,lgbm-depth2-leaves3,0.5102891001009734,0.6727778509267871,0.23981676547991446,0.039972919793289985
0x1705e5b319360a4e7ab06fe7575a4310cd08189d13b323e6be289acc9251ab3b,1782142800000,2026-06-22T15:40:00Z,1782142890000,2026-06-22T15:41:30Z,90,Up,1,calendar_ridge_logistic-l2-10,0.49027309077989,0.7127927150048775,0.2598215219830863,lgbm-depth2-leaves3,0.3917966323590826,0.9370123688147045,0.369911336409753,-0.224219653809827
0x1705e5b319360a4e7ab06fe7575a4310cd08189d13b323e6be289acc9251ab3b,1782142800000,2026-06-22T15:40:00Z,1782142920000,2026-06-22T15:42:00Z,120,Up,1,calendar_ridge_logistic-l2-10,0.490252530836251,0.7128346515809114,0.25984248231884727,lgbm-depth2-leaves3,0.5621966747651571,0.5759035352103046,0.19167175158668562,0.13693111637060684
0x1705e5b319360a4e7ab06fe7575a4310cd08189d13b323e6be289acc9251ab3b,1782142800000,2026-06-22T15:40:00Z,1782142950000,2026-06-22T15:42:30Z,150,Up,1,calendar_ridge_logistic-l2-10,0.49023197547337827,0.7128765805716164,0.2598634388297744,lgbm-depth2-leaves3,0.6024814810574634,0.5066983509237989,0.15802097290226785,0.2061782296478175
0x1705e5b319360a4e7ab06fe7575a4310cd08189d13b323e6be289acc9251ab3b,1782142800000,2026-06-22T15:40:00Z,1782142980000,2026-06-22T15:43:00Z,180,Up,1,calendar_ridge_logistic-l2-10,0.4902114255492048,0.7129185002258361,0.25988439064057395,lgbm-depth2-leaves3,0.6168889762425176,0.4830662125282213,0.14677405652450626,0.22985228769761484
0x1705e5b319360a4e7ab06fe7575a4310cd08189d13b323e6be289acc9251ab3b,1782142800000,2026-06-22T15:40:00Z,1782143010000,2026-06-22T15:43:30Z,210,Up,1,calendar_ridge_logistic-l2-10,0.4901908802058851,0.7129604122923463,0.2599053386252502,lgbm-depth2-leaves3,0.48435563178792446,0.724935865660207,0.2658891144688305,-0.011975453367860656
0x1705e5b319360a4e7ab06fe7575a4310cd08189d13b323e6be289acc9251ab3b,1782142800000,2026-06-22T15:40:00Z,1782143040000,2026-06-22T15:44:00Z,240,Up,1,calendar_ridge_logistic-l2-10,0.4901703406692218,0.7130023142693501,0.2599262815333373,lgbm-depth2-leaves3,0.38768973555170333,0.9475499098899219,0.37492385994874305,-0.2345475956205718
0xcdf0cafb1dc87b5a7aa697a760e11d7a64c081f06f232e131179ece89bb362c4,1782143100000,2026-06-22T15:45:00Z,1782143130000,2026-06-22T15:45:30Z,30,Down,0,calendar_ridge_logistic-l2-10,0.49010867149909404,0.6735576573395989,0.24020650987860687,lgbm-depth2-leaves3,0.41862778261377975,0.5423640777125506,0.17524922037613003,0.13119357962704836
0xcdf0cafb1dc87b5a7aa697a760e11d7a64c081f06f232e131179ece89bb362c4,1782143100000,2026-06-22T15:45:00Z,1782143160000,2026-06-22T15:46:00Z,60,Down,0,calendar_ridge_logistic-l2-10,0.4900881528602634,0.6735174169494462,0.2401863975739849,lgbm-depth2-leaves3,0.5219257827642501,0.7379892923596502,0.2724065227140751,-0.06447187541020394
0xcdf0cafb1dc87b5a7aa697a760e11d7a64c081f06f232e131179ece89bb362c4,1782143100000,2026-06-22T15:45:00Z,1782143190000,2026-06-22T15:46:30Z,90,Down,0,calendar_ridge_logistic-l2-10,0.49006764039616485,0.6734771902874409,0.24016629216346475,lgbm-depth2-leaves3,0.5048802125101862,0.7029555507605798,0.2549040289843308,-0.029478360473138898
0xcdf0cafb1dc87b5a7aa697a760e11d7a64c081f06f232e131179ece89bb362c4,1782143100000,2026-06-22T15:45:00Z,1782143220000,2026-06-22T15:47:00Z,120,Down,0,calendar_ridge_logistic-l2-10,0.4900471333711086,0.6734369759093295,0.24014619292524111,lgbm-depth2-leaves3,0.45805099095485613,0.6125833612207234,0.2098107103147257,0.06085361468860606
0xcdf0cafb1dc87b5a7aa697a760e11d7a64c081f06f232e131179ece89bb362c4,1782143100000,2026-06-22T15:45:00Z,1782143250000,2026-06-22T15:47:30Z,150,Down,0,calendar_ridge_logistic-l2-10,0.49002663178514194,0.6733967738137876,0.24012609985869107,lgbm-depth2-leaves3,0.28887485913516225,0.340906857824036,0.08344868424035984,0.3324899159897516
0xcdf0cafb1dc87b5a7aa697a760e11d7a64c081f06f232e131179ece89bb362c4,1782143100000,2026-06-22T15:45:00Z,1782143280000,2026-06-22T15:48:00Z,180,Down,0,calendar_ridge_logistic-l2-10,0.4900061368029631,0.6733565862831487,0.2401060141045642,lgbm-depth2-leaves3,0.39172283823534115,0.49712464272218027,0.15344678199515124,0.17623194356096838
0xcdf0cafb1dc87b5a7aa697a760e11d7a64c081f06f232e131179ece89bb362c4,1782143100000,2026-06-22T15:45:00Z,1782143310000,2026-06-22T15:48:30Z,210,Down,0,calendar_ridge_logistic-l2-10,0.48998564725995053,0.673316411032214,0.24008593452075266,lgbm-depth2-leaves3,0.547439666950877,0.7928341920249271,0.29969018895128713,-0.11951778099271315
0xcdf0cafb1dc87b5a7aa697a760e11d7a64c081f06f232e131179ece89bb362c4,1782143100000,2026-06-22T15:45:00Z,1782143340000,2026-06-22T15:49:00Z,240,Down,0,calendar_ridge_logistic-l2-10,0.48996516432080556,0.6732762503431408,0.24006586224791399,lgbm-depth2-leaves3,0.38592415797356583,0.48763683724742096,0.1489374557076058,0.1856394130957198
0x6c2e49a61958e372e60e6c6024b02a59c94713342cdf8aaf33576e1905828c06,1782143400000,2026-06-22T15:50:00Z,1782143430000,2026-06-22T15:50:30Z,30,Down,0,calendar_ridge_logistic-l2-10,0.4899036709535714,0.6731556906162449,0.24000560681378516,lgbm-depth2-leaves3,0.4267872294761446,0.5564983039255418,0.18214733924392332,0.11665738669070314
0x6c2e49a61958e372e60e6c6024b02a59c94713342cdf8aaf33576e1905828c06,1782143400000,2026-06-22T15:50:00Z,1782143460000,2026-06-22T15:51:00Z,60,Down,0,calendar_ridge_logistic-l2-10,0.4898832133268132,0.673115586001933,0.239985562699404,lgbm-depth2-leaves3,0.3293363907150136,0.3994875951612071,0.10846245824919208,0.2736279908407259
0x6c2e49a61958e372e60e6c6024b02a59c94713342cdf8aaf33576e1905828c06,1782143400000,2026-06-22T15:50:00Z,1782143490000,2026-06-22T15:51:30Z,90,Down,0,calendar_ridge_logistic-l2-10,0.48986276193624995,0.6730754952204803,0.23996552553181108,lgbm-depth2-leaves3,0.22895593408810377,0.260009752821314,0.05242081975415612,0.41306574239916627
0x6c2e49a61958e372e60e6c6024b02a59c94713342cdf8aaf33576e1905828c06,1782143400000,2026-06-22T15:50:00Z,1782143520000,2026-06-22T15:52:00Z,120,Down,0,calendar_ridge_logistic-l2-10,0.4898423175787016,0.6730354198321967,0.23994549609087357,lgbm-depth2-leaves3,0.2549588820455209,0.29431587024038675,0.06500403153390184,0.37871954959181
0x6c2e49a61958e372e60e6c6024b02a59c94713342cdf8aaf33576e1905828c06,1782143400000,2026-06-22T15:50:00Z,1782143550000,2026-06-22T15:52:30Z,150,Down,0,calendar_ridge_logistic-l2-10,0.48982187982527536,0.6729953589946235,0.2399254739555665,lgbm-depth2-leaves3,0.7539649063131147,1.402281095960593,0.5684630799517439,-0.7292857369659694
0x6c2e49a61958e372e60e6c6024b02a59c94713342cdf8aaf33576e1905828c06,1782143400000,2026-06-22T15:50:00Z,1782143580000,2026-06-22T15:53:00Z,180,Down,0,calendar_ridge_logistic-l2-10,0.4898014491660094,0.6729553136665614,0.23990545960512286,lgbm-depth2-leaves3,0.7640571289522647,1.4441655750922724,0.5837832963027777,-0.771210261425711
0x6c2e49a61958e372e60e6c6024b02a59c94713342cdf8aaf33576e1905828c06,1782143400000,2026-06-22T15:50:00Z,1782143610000,2026-06-22T15:53:30Z,210,Down,0,calendar_ridge_logistic-l2-10,0.48978102511093086,0.672915282885893,0.2398854525587143,lgbm-depth2-leaves3,0.39104850028148924,0.4960166536578787,0.15291892957240188,0.17689862922801425
0x6c2e49a61958e372e60e6c6024b02a59c94713342cdf8aaf33576e1905828c06,1782143400000,2026-06-22T15:50:00Z,1782143640000,2026-06-22T15:54:00Z,240,Down,0,calendar_ridge_logistic-l2-10,0.48976060845686115,0.672875268212597,0.23986545359603484,lgbm-depth2-leaves3,0.3945084039463398,0.5017145954351685,0.15563688078428842,0.17116067277742852
0x2a09147da2d59cc5f917ec1712cf74c96d83fae5b76de0f55ddf5e9a896b7b3f,1782143700000,2026-06-22T15:55:00Z,1782143730000,2026-06-22T15:55:30Z,30,Down,0,calendar_ridge_logistic-l2-10,0.4896993209347587,0.6727551601953987,0.2398054249239638,lgbm-depth2-leaves3,0.31917765521709435,0.38445388090008703,0.10187437558988235,0.2883012792953117
0x2a09147da2d59cc5f917ec1712cf74c96d83fae5b76de0f55ddf5e9a896b7b3f,1782143700000,2026-06-22T15:55:00Z,1782143760000,2026-06-22T15:56:00Z,60,Down,0,calendar_ridge_logistic-l2-10,0.4896789332716063,0.6727152087378893,0.23978545769001824,lgbm-depth2-leaves3,0.3962879098462737,0.5046578666224192,0.15704410749032835,0.16805734211547008
0x2a09147da2d59cc5f917ec1712cf74c96d83fae5b76de0f55ddf5e9a896b7b3f,1782143700000,2026-06-22T15:55:00Z,1782143790000,2026-06-22T15:56:30Z,90,Down,0,calendar_ridge_logistic-l2-10,0.48965855343854425,0.6726752742192812,0.2397654989555277,lgbm-depth2-leaves3,0.3768180757855556,0.47291678963693173,0.14199186223872873,0.19975848458234946
0x2a09147da2d59cc5f917ec1712cf74c96d83fae5b76de0f55ddf5e9a896b7b3f,1782143700000,2026-06-22T15:55:00Z,1782143820000,2026-06-22T15:57:00Z,120,Down,0,calendar_ridge_logistic-l2-10,0.4896381814966689,0.6726353567573208,0.23974554877936485,lgbm-depth2-leaves3,0.2328539910529966,0.2650781320459549,0.05422098114930902,0.4075572247113659
0x2a09147da2d59cc5f917ec1712cf74c96d83fae5b76de0f55ddf5e9a896b7b3f,1782143700000,2026-06-22T15:55:00Z,1782143850000,2026-06-22T15:57:30Z,150,Down,0,calendar_ridge_logistic-l2-10,0.4896178169560161,0.6725954553900345,0.23972560668077486,lgbm-depth2-leaves3,0.3239072196660568,0.3914249633422484,0.10491588695179517,0.2811704920477861
0x2a09147da2d59cc5f917ec1712cf74c96d83fae5b76de0f55ddf5e9a896b7b3f,1782143700000,2026-06-22T15:55:00Z,1782143880000,2026-06-22T15:58:00Z,180,Down,0,calendar_ridge_logistic-l2-10,0.48959746030661044,0.6725555710756342,0.239705673138683,lgbm-depth2-leaves3,0.6188714283793995,0.9646185024599029,0.3830018448643582,-0.29206293138426864
0x2a09147da2d59cc5f917ec1712cf74c96d83fae5b76de0f55ddf5e9a896b7b3f,1782143700000,2026-06-22T15:55:00Z,1782143910000,2026-06-22T15:58:30Z,210,Down,0,calendar_ridge_logistic-l2-10,0.4895771118552511,0.6725157044132115,0.23968574845252905,lgbm-depth2-leaves3,0.7748638024895811,1.4910497376428133,0.6004139124086125,-0.8185340332296018
0x2a09147da2d59cc5f917ec1712cf74c96d83fae5b76de0f55ddf5e9a896b7b3f,1782143700000,2026-06-22T15:55:00Z,1782143940000,2026-06-22T15:59:00Z,240,Down,0,calendar_ridge_logistic-l2-10,0.4895567712951952,0.6724758547997846,0.23966583232097607,lgbm-depth2-leaves3,0.6508232992801153,1.0521771791216032,0.4235709668858545,-0.3797013243218187
0x01359bc25c6fc13ac7c8ca85b2e668d42d0ca4b6e858ad304e12d02e9bd84f76,1782144000000,2026-06-22T16:00:00Z,1782144030000,2026-06-22T16:00:30Z,30,Down,0,calendar_ridge_logistic-l2-10,0.4894957177890348,0.6723562531443019,0.2396060577338024,lgbm-depth2-leaves3,0.3764414185392828,0.47231256244447634,0.1417081415918675,0.20004369069982558
0x01359bc25c6fc13ac7c8ca85b2e668d42d0ca4b6e858ad304e12d02e9bd84f76,1782144000000,2026-06-22T16:00:00Z,1782144060000,2026-06-22T16:01:00Z,60,Down,0,calendar_ridge_logistic-l2-10,0.48947541063381034,0.6723164753166764,0.23958617761513726,lgbm-depth2-leaves3,0.2503409830479329,0.28813681989763973,0.06267060779340543,0.38417965541903665
0x01359bc25c6fc13ac7c8ca85b2e668d42d0ca4b6e858ad304e12d02e9bd84f76,1782144000000,2026-06-22T16:00:00Z,1782144090000,2026-06-22T16:01:30Z,90,Down,0,calendar_ridge_logistic-l2-10,0.4894551117378622,0.6722767152486389,0.23956630640632318,lgbm-depth2-leaves3,0.23027264845466117,0.26171891574084255,0.053025492626323965,0.4105577995077963
0x01359bc25c6fc13ac7c8ca85b2e668d42d0ca4b6e858ad304e12d02e9bd84f76,1782144000000,2026-06-22T16:00:00Z,1782144120000,2026-06-22T16:02:00Z,120,Down,0,calendar_ridge_logistic-l2-10,0.4894348215301263,0.6722369737782535,0.2395464445262266,lgbm-depth2-leaves3,0.479300408216212,0.6525820027894158,0.22972888131622746,0.019654970988837728
0x01359bc25c6fc13ac7c8ca85b2e668d42d0ca4b6e858ad304e12d02e9bd84f76,1782144000000,2026-06-22T16:00:00Z,1782144150000,2026-06-22T16:02:30Z,150,Down,0,calendar_ridge_logistic-l2-10,0.4894145401640148,0.6721972512038294,0.23952659212395408,lgbm-depth2-leaves3,0.539254790399687,0.7749100794470498,0.2907957289690104,-0.10271282824322037
0x01359bc25c6fc13ac7c8ca85b2e668d42d0ca4b6e858ad304e12d02e9bd84f76,1782144000000,2026-06-22T16:00:00Z,1782144180000,2026-06-22T16:03:00Z,180,Down,0,calendar_ridge_logistic-l2-10,0.4893942676395466,0.6721575475232144,0.23950674919844814,lgbm-depth2-leaves3,0.32211655778051473,0.38877991995122213,0.10375907679636769,0.2833776275719923
0x01359bc25c6fc13ac7c8ca85b2e668d42d0ca4b6e858ad304e12d02e9bd84f76,1782144000000,2026-06-22T16:00:00Z,1782144210000,2026-06-22T16:03:30Z,210,Down,0,calendar_ridge_logistic-l2-10,0.4893740040178142,0.6721178628538634,0.23948691580842765,lgbm-depth2-leaves3,0.36906442083746555,0.4605515148975888,0.13620854672809388,0.21156634795627466
0x01359bc25c6fc13ac7c8ca85b2e668d42d0ca4b6e858ad304e12d02e9bd84f76,1782144000000,2026-06-22T16:00:00Z,1782144240000,2026-06-22T16:04:00Z,240,Down,0,calendar_ridge_logistic-l2-10,0.48935374923776964,0.672078197074025,0.23946709189306192,lgbm-depth2-leaves3,0.5693943429331015,0.8425625565002289,0.3242099177642184,-0.17048435942620388
0xe77e1cdc66c2673c1ea629eabe73fecebfc2bed3aad56af97ac108b3e8278508,1782144300000,2026-06-22T16:05:00Z,1782144330000,2026-06-22T16:05:30Z,30,Down,0,calendar_ridge_logistic-l2-10,0.48929295963166836,0.671959159701353,0.23940760034511743,lgbm-depth2-leaves3,0.7004483713417822,1.2054684934507331,0.4906279209153552,-0.5335093337493801
0xe77e1cdc66c2673c1ea629eabe73fecebfc2bed3aad56af97ac108b3e8278508,1782144300000,2026-06-22T16:05:00Z,1782144360000,2026-06-22T16:06:00Z,60,Down,0,calendar_ridge_logistic-l2-10,0.48927274178096636,0.6719195725233376,0.23938781584986418,lgbm-depth2-leaves3,0.26094768556507747,0.3023865696938563,0.06809369460177055,0.36953300282948126
0xe77e1cdc66c2673c1ea629eabe73fecebfc2bed3aad56af97ac108b3e8278508,1782144300000,2026-06-22T16:05:00Z,1782144390000,2026-06-22T16:06:30Z,90,Down,0,calendar_ridge_logistic-l2-10,0.48925253415109105,0.6718800069239119,0.23936804217326452,lgbm-depth2-leaves3,0.44709792026520145,0.5925743641427043,0.19989655030546843,0.07930564278120766
0xe77e1cdc66c2673c1ea629eabe73fecebfc2bed3aad56af97ac108b3e8278508,1782144300000,2026-06-22T16:05:00Z,1782144420000,2026-06-22T16:07:00Z,120,Down,0,calendar_ridge_logistic-l2-10,0.4892323356385376,0.6718404607400938,0.23934827823433868,lgbm-depth2-leaves3,0.5902174647370448,0.8921286617942458,0.3483566556806248,-0.22028820105415192
0xe77e1cdc66c2673c1ea629eabe73fecebfc2bed3aad56af97ac108b3e8278508,1782144300000,2026-06-22T16:05:00Z,1782144450000,2026-06-22T16:07:30Z,150,Down,0,calendar_ridge_logistic-l2-10,0.4892121466111671,0.6718009346898257,0.23932852439190602,lgbm-depth2-leaves3,0.28769283751168073,0.3392460526106205,0.08276716875552233,0.3325548820792052
0xe77e1cdc66c2673c1ea629eabe73fecebfc2bed3aad56af97ac108b3e8278508,1782144300000,2026-06-22T16:05:00Z,1782144480000,2026-06-22T16:08:00Z,180,Down,0,calendar_ridge_logistic-l2-10,0.4891919680191182,0.6717614306308519,0.23930878157441796,lgbm-depth2-leaves3,0.24152319003176276,0.2764430542031357,0.058333451323118984,0.3953183764277162
0xe77e1cdc66c2673c1ea629eabe73fecebfc2bed3aad56af97ac108b3e8278508,1782144300000,2026-06-22T16:05:00Z,1782144510000,2026-06-22T16:08:30Z,210,Down,0,calendar_ridge_logistic-l2-10,0.489171798758895,0.6717219464004186,0.23928904870101286,lgbm-depth2-leaves3,0.3859975529160302,0.48775636536415845,0.14899411085716355,0.18396558103626015
0xe77e1cdc66c2673c1ea629eabe73fecebfc2bed3aad56af97ac108b3e8278508,1782144300000,2026-06-22T16:05:00Z,1782144540000,2026-06-22T16:09:00Z,240,Down,0,calendar_ridge_logistic-l2-10,0.4891516395661885,0.6716824834363744,0.2392693264902904,lgbm-depth2-leaves3,0.7021677316346929,1.2112248087752082,0.49303952334901013,-0.5395423253388338
0x16e316af860c1cab27dfc5125c3e21acc9fb98622021152eb45c0c984b1b6fcf,1782144600000,2026-06-22T16:10:00Z,1782144630000,2026-06-22T16:10:30Z,30,Up,1,calendar_ridge_logistic-l2-10,0.48909114220935984,0.7152064219885534,0.2610278609689366,lgbm-depth2-leaves3,0.7874430847848161,0.2389641841833114,0.045180442205794896,0.47624223780524205
0x16e316af860c1cab27dfc5125c3e21acc9fb98622021152eb45c0c984b1b6fcf,1782144600000,2026-06-22T16:10:00Z,1782144660000,2026-06-22T16:11:00Z,60,Up,1,calendar_ridge_logistic-l2-10,0.48907102377694794,0.7152475571563495,0.26104841874433604,lgbm-depth2-leaves3,0.7818073527118441,0.246146920817362,0.04760803133061361,0.46910063633898746
0x16e316af860c1cab27dfc5125c3e21acc9fb98622021152eb45c0c984b1b6fcf,1782144600000,2026-06-22T16:10:00Z,1782144690000,2026-06-22T16:11:30Z,90,Up,1,calendar_ridge_logistic-l2-10,0.48905091642329906,0.7152886713627185,0.26106896600787055,lgbm-depth2-leaves3,0.31547952225902237,1.1536615047839665,0.4685682844467363,-0.438372833421248
0x16e316af860c1cab27dfc5125c3e21acc9fb98622021152eb45c0c984b1b6fcf,1782144600000,2026-06-22T16:10:00Z,1782144720000,2026-06-22T16:12:00Z,120,Up,1,calendar_ridge_logistic-l2-10,0.48903081898385004,0.7153297669863751,0.26108950394831504,lgbm-depth2-leaves3,0.31702672831741824,1.1487691922005567,0.46645248983280974,-0.43343942521418166
0x16e316af860c1cab27dfc5125c3e21acc9fb98622021152eb45c0c984b1b6fcf,1782144600000,2026-06-22T16:10:00Z,1782144750000,2026-06-22T16:12:30Z,150,Up,1,calendar_ridge_logistic-l2-10,0.48901073283763136,0.7153708412049173,0.2611100311551345,lgbm-depth2-leaves3,0.5771797044222402,0.5496016148242542,0.17877700235246416,0.16576922638066316
0x16e316af860c1cab27dfc5125c3e21acc9fb98622021152eb45c0c984b1b6fcf,1782144600000,2026-06-22T16:10:00Z,1782144780000,2026-06-22T16:13:00Z,180,Up,1,calendar_ridge_logistic-l2-10,0.48899065682008686,0.7154118963971894,0.2611305488171663,lgbm-depth2-leaves3,0.6895942795399022,0.3716518549978285,0.09635171129435241,0.3437600413993609
0x16e316af860c1cab27dfc5125c3e21acc9fb98622021152eb45c0c984b1b6fcf,1782144600000,2026-06-22T16:10:00Z,1782144810000,2026-06-22T16:13:30Z,210,Up,1,calendar_ridge_logistic-l2-10,0.48897059188133174,0.7154529306176854,0.2611510559621164,lgbm-depth2-leaves3,0.3917872061578871,0.9370364280173898,0.3699228025932285,-0.2215834973997044
0x16e316af860c1cab27dfc5125c3e21acc9fb98622021152eb45c0c984b1b6fcf,1782144600000,2026-06-22T16:10:00Z,1782144840000,2026-06-22T16:14:00Z,240,Up,1,calendar_ridge_logistic-l2-10,0.4889505380213774,0.7154939438637314,0.26117155258863956,lgbm-depth2-leaves3,0.43164331337353407,0.8401556952730536,0.32302932323301486,-0.12466175140932212
0x4d1da4f1905cc526bc6ff3da429eb3589043d7168a596996f902b79fd641e4da,1782144900000,2026-06-22T16:15:00Z,1782144930000,2026-06-22T16:15:30Z,30,Up,1,calendar_ridge_logistic-l2-10,0.48889036147500414,0.7156170243085773,0.2612330625931519,lgbm-depth2-leaves3,0.4473413936889129,0.8044332316023113,0.30543153512971316,-0.08881620729373396
0x4d1da4f1905cc526bc6ff3da429eb3589043d7168a596996f902b79fd641e4da,1782144900000,2026-06-22T16:15:00Z,1782144960000,2026-06-22T16:16:00Z,60,Up,1,calendar_ridge_logistic-l2-10,0.4888703524814768,0.7156579525096075,0.26125351657240975,lgbm-depth2-leaves3,0.3387716468235587,1.0824290067677103,0.43722293504442866,-0.36677105425810275
0x4d1da4f1905cc526bc6ff3da429eb3589043d7168a596996f902b79fd641e4da,1782144900000,2026-06-22T16:15:00Z,1782144990000,2026-06-22T16:16:30Z,90,Up,1,calendar_ridge_logistic-l2-10,0.48885035478122274,0.7156988592841256,0.26127395980728185,lgbm-depth2-leaves3,0.40555829798136794,0.9024906476188437,0.3533609370988082,-0.1867917883347181
0x4d1da4f1905cc526bc6ff3da429eb3589043d7168a596996f902b79fd641e4da,1782144900000,2026-06-22T16:15:00Z,1782145020000,2026-06-22T16:17:00Z,120,Up,1,calendar_ridge_logistic-l2-10,0.4888303684353105,0.7157397445045056,0.2612943922339803,lgbm-depth2-leaves3,0.24152319003176276,1.4207897855233693,0.5752870712595936,-0.7050500410188637
0x4d1da4f1905cc526bc6ff3da429eb3589043d7168a596996f902b79fd641e4da,1782144900000,2026-06-22T16:15:00Z,1782145050000,2026-06-22T16:17:30Z,150,Up,1,calendar_ridge_logistic-l2-10,0.4888103935971246,0.715780607854244,0.26131481369432663,lgbm-depth2-leaves3,0.5668256515338631,0.5677035154256189,0.1876400161690622,0.1480770924286251
0x4d1da4f1905cc526bc6ff3da429eb3589043d7168a596996f902b79fd641e4da,1782144900000,2026-06-22T16:15:00Z,1782145080000,2026-06-22T16:18:00Z,180,Up,1,calendar_ridge_logistic-l2-10,0.4887904308489345,0.7158214481393455,0.26133522359161804,lgbm-depth2-leaves3,0.8123457820601181,0.20782918948905424,0.035214105510628695,0.5079922586502912
0x4d1da4f1905cc526bc6ff3da429eb3589043d7168a596996f902b79fd641e4da,1782144900000,2026-06-22T16:15:00Z,1782145110000,2026-06-22T16:18:30Z,210,Up,1,calendar_ridge_logistic-l2-10,0.4887704796695389,0.7158622664232676,0.2613556224573133,lgbm-depth2-leaves3,0.6876475140820683,0.3744789065198354,0.09756407545911175,0.34138335990343216
0x4d1da4f1905cc526bc6ff3da429eb3589043d7168a596996f902b79fd641e4da,1782144900000,2026-06-22T16:15:00Z,1782145140000,2026-06-22T16:19:00Z,240,Up,1,calendar_ridge_logistic-l2-10,0.488750540580141,0.7159030616368489,0.26137600975709807,lgbm-depth2-leaves3,0.5676533856383053,0.5662442830833732,0.18692359495002,0.14965877855347576
0xab4480032e5802fff1a4bd6ee1c7de583352404fb12c92af013b5b112ab5e2bb,1782145200000,2026-06-22T16:20:00Z,1782145230000,2026-06-22T16:20:30Z,30,Down,0,calendar_ridge_logistic-l2-10,0.48869071383174084,0.6707806151830346,0.23881861378537642,lgbm-depth2-leaves3,0.7748638024895811,1.4910497376428133,0.6004139124086125,-0.8202691224597788
0xab4480032e5802fff1a4bd6ee1c7de583352404fb12c92af013b5b112ab5e2bb,1782145200000,2026-06-22T16:20:00Z,1782145260000,2026-06-22T16:21:00Z,60,Down,0,calendar_ridge_logistic-l2-10,0.48867082328565925,0.6707417147371663,0.238799173530684,lgbm-depth2-leaves3,0.5360214322802043,0.7679169180817456,0.2873189758637216,-0.0971752033445793
0xab4480032e5802fff1a4bd6ee1c7de583352404fb12c92af013b5b112ab5e2bb,1782145200000,2026-06-22T16:20:00Z,1782145290000,2026-06-22T16:21:30Z,90,Down,0,calendar_ridge_logistic-l2-10,0.4886509446761913,0.6707028391478602,0.23877974573293417,lgbm-depth2-leaves3,0.5000596264458099,0.6932664405627565,0.25005963000112297,-0.022563601414896328
0xab4480032e5802fff1a4bd6ee1c7de583352404fb12c92af013b5b112ab5e2bb,1782145200000,2026-06-22T16:20:00Z,1782145320000,2026-06-22T16:22:00Z,120,Down,0,calendar_ridge_logistic-l2-10,0.48863107880003354,0.6706639899702448,0.23876033116928458,lgbm-depth2-leaves3,0.6288127406794298,0.9910486016101877,0.3954054628407759,-0.3203846116399429
0xab4480032e5802fff1a4bd6ee1c7de583352404fb12c92af013b5b112ab5e2bb,1782145200000,2026-06-22T16:20:00Z,1782145350000,2026-06-22T16:22:30Z,150,Down,0,calendar_ridge_logistic-l2-10,0.4886112256571844,0.6706251672012974,0.238740929838216,lgbm-depth2-leaves3,0.5450349588523064,0.7875346956253968,0.29706310637113525,-0.11690952842409941
0xab4480032e5802fff1a4bd6ee1c7de583352404fb12c92af013b5b112ab5e2bb,1782145200000,2026-06-22T16:20:00Z,1782145380000,2026-06-22T16:23:00Z,180,Down,0,calendar_ridge_logistic-l2-10,0.4885913848798202,0.6705863701187644,0.23872154137878057,lgbm-depth2-leaves3,0.29222766783569537,0.3456328017411273,0.0853970098486895,0.3249535683776371
0xab4480032e5802fff1a4bd6ee1c7de583352404fb12c92af013b5b112ab5e2bb,1782145200000,2026-06-22T16:20:00Z,1782145410000,2026-06-22T16:23:30Z,210,Down,0,calendar_ridge_logistic-l2-10,0.48857155683574865,0.6705475994388924,0.23870216614890719,lgbm-depth2-leaves3,0.39104850028148924,0.4960166536578787,0.15291892957240188,0.1745309457810137
0xab4480032e5802fff1a4bd6ee1c7de583352404fb12c92af013b5b112ab5e2bb,1782145200000,2026-06-22T16:20:00Z,1782145440000,2026-06-22T16:24:00Z,240,Down,0,calendar_ridge_logistic-l2-10,0.4885517421072249,0.6705088562971124,0.2386828047160044,lgbm-depth2-leaves3,0.5552137594231407,0.8101614704791317,0.3082623186527771,-0.13965261418201924
0xbd59cf04d72f2d2a64d2bc1a30e08b11671c45e6b9113e4d72a29b3710c6db9e,1782145500000,2026-06-22T16:25:00Z,1782145530000,2026-06-22T16:25:30Z,30,Down,0,calendar_ridge_logistic-l2-10,0.4884922936205074,0.6703926274683832,0.238624720926624,lgbm-depth2-leaves3,0.4820347649224833,0.6578471527248503,0.23235751459387374,0.012545474743532958
0xbd59cf04d72f2d2a64d2bc1a30e08b11671c45e6b9113e4d72a29b3710c6db9e,1782145500000,2026-06-22T16:25:00Z,1782145560000,2026-06-22T16:26:00Z,60,Down,0,calendar_ridge_logistic-l2-10,0.4884725309584719,0.6703539921164173,0.23860541350097525,lgbm-depth2-leaves3,0.40206583586895916,0.5142746245185845,0.16165693637300482,0.1560793675978328
0xbd59cf04d72f2d2a64d2bc1a30e08b11671c45e6b9113e4d72a29b3710c6db9e,1782145500000,2026-06-22T16:25:00Z,1782145590000,2026-06-22T16:26:30Z,90,Down,0,calendar_ridge_logistic-l2-10,0.4884527816119362,0.6703153842869387,0.23858611986443787,lgbm-depth2-leaves3,0.26193667523750014,0.30372565215153474,0.06861082183447562,0.36658973213540397
0xbd59cf04d72f2d2a64d2bc1a30e08b11671c45e6b9113e4d72a29b3710c6db9e,1782145500000,2026-06-22T16:25:00Z,1782145620000,2026-06-22T16:27:00Z,120,Down,0,calendar_ridge_logistic-l2-10,0.4884330452741409,0.6702768033771704,0.23856683971577097,lgbm-depth2-leaves3,0.31830729359659404,0.38317629980015394,0.10131953315678832,0.2871005035770165
0xbd59cf04d72f2d2a64d2bc1a30e08b11671c45e6b9113e4d72a29b3710c6db9e,1782145500000,2026-06-22T16:25:00Z,1782145650000,2026-06-22T16:27:30Z,150,Down,0,calendar_ridge_logistic-l2-10,0.48841332304851165,0.670238251540924,0.2385475741312898,lgbm-depth2-leaves3,0.47030373587829666,0.6354515232756639,0.2211856039810826,0.03478672826526008
0xbd59cf04d72f2d2a64d2bc1a30e08b11671c45e6b9113e4d72a29b3710c6db9e,1782145500000,2026-06-22T16:25:00Z,1782145680000,2026-06-22T16:28:00Z,180,Down,0,calendar_ridge_logistic-l2-10,0.48839361383160174,0.6701997266180668,0.2385283220314917,lgbm-depth2-leaves3,0.7153704252784114,1.2565666819242776,0.5117548453630152,-0.5863669553062107
0xbd59cf04d72f2d2a64d2bc1a30e08b11671c45e6b9113e4d72a29b3710c6db9e,1782145500000,2026-06-22T16:25:00Z,1782145710000,2026-06-22T16:28:30Z,210,Down,0,calendar_ridge_logistic-l2-10,0.48837391857345563,0.6701612304624575,0.23850908434279228,lgbm-depth2-leaves3,0.487711908056704,0.6688681326106743,0.2378629052603109,0.0012930978517831093
0xbd59cf04d72f2d2a64d2bc1a30e08b11671c45e6b9113e4d72a29b3710c6db9e,1782145500000,2026-06-22T16:25:00Z,1782145740000,2026-06-22T16:29:00Z,240,Down,0,calendar_ridge_logistic-l2-10,0.48835423727406224,0.6701227630708092,0.2384898610635311,lgbm-depth2-leaves3,0.47979948192740823,0.6535409300576785,0.23020754285780934,0.016581833013130653
0xdee3d89e46ec32aec1f435a0fb54fd296f8ce6f26121d87d4cc1cec7e26fc7ee,1782145800000,2026-06-22T16:30:00Z,1782145830000,2026-06-22T16:30:30Z,30,Down,0,calendar_ridge_logistic-l2-10,0.48829519535672194,0.6700073736445686,0.23843219780845926,lgbm-depth2-leaves3,0.4479559623620824,0.5941274575576025,0.2006645442157394,0.07587991608696609
0xdee3d89e46ec32aec1f435a0fb54fd296f8ce6f26121d87d4cc1cec7e26fc7ee,1782145800000,2026-06-22T16:30:00Z,1782145860000,2026-06-22T16:31:00Z,60,Down,0,calendar_ridge_logistic-l2-10,0.4882755699533846,0.6699690214015909,0.2384130322133026,lgbm-depth2-leaves3,0.37607879348431283,0.47173119019511595,0.1414352589086164,0.19823783120647492
0xdee3d89e46ec32aec1f435a0fb54fd296f8ce6f26121d87d4cc1cec7e26fc7ee,1782145800000,2026-06-22T16:30:00Z,1782145890000,2026-06-22T16:31:30Z,90,Down,0,calendar_ridge_logistic-l2-10,0.4882559589375911,0.6699306987441773,0.23839388143806664,lgbm-depth2-leaves3,0.40293251691877713,0.5157251349907608,0.16235461319050062,0.15420556375341654
0xdee3d89e46ec32aec1f435a0fb54fd296f8ce6f26121d87d4cc1cec7e26fc7ee,1782145800000,2026-06-22T16:30:00Z,1782145920000,2026-06-22T16:32:00Z,120,Down,0,calendar_ridge_logistic-l2-10,0.48823636194151315,0.6698924049502369,0.23837474512188422,lgbm-depth2-leaves3,0.5610767855091194,0.8234307912490636,0.3148071592372464,-0.15353838629882666
0xdee3d89e46ec32aec1f435a0fb54fd296f8ce6f26121d87d4cc1cec7e26fc7ee,1782145800000,2026-06-22T16:30:00Z,1782145950000,2026-06-22T16:32:30Z,150,Down,0,calendar_ridge_logistic-l2-10,0.48821677991518025,0.6698541418728223,0.23835562419074754,lgbm-depth2-leaves3,0.39703006013764763,0.5058879344720928,0.1576328686529041,0.16396620740072954
0xdee3d89e46ec32aec1f435a0fb54fd296f8ce6f26121d87d4cc1cec7e26fc7ee,1782145800000,2026-06-22T16:30:00Z,1782145980000,2026-06-22T16:33:00Z,180,Down,0,calendar_ridge_logistic-l2-10,0.4881972120618952,0.6698159079518151,0.23833651786500706,lgbm-depth2-leaves3,0.402140290296023,0.5143991517114214,0.16171681307936964,0.15541675624039375
0xdee3d89e46ec32aec1f435a0fb54fd296f8ce6f26121d87d4cc1cec7e26fc7ee,1782145800000,2026-06-22T16:30:00Z,1782146010000,2026-06-22T16:33:30Z,210,Down,0,calendar_ridge_logistic-l2-10,0.4881776586571383,0.6697777037221612,0.23831742641196543,lgbm-depth2-leaves3,0.520878318612388,0.7358006817074676,0.27131422280046835,-0.06602297798530643
0xdee3d89e46ec32aec1f435a0fb54fd296f8ce6f26121d87d4cc1cec7e26fc7ee,1782145800000,2026-06-22T16:30:00Z,1782146040000,2026-06-22T16:34:00Z,240,Down,0,calendar_ridge_logistic-l2-10,0.48815812000762965,0.6697395297797614,0.23829835012938336,lgbm-depth2-leaves3,0.6164151081309164,0.9581943218655596,0.37996758553204935,-0.2884547920857983
0x0ade7f0195238f7f2b54c8704c7bbabb1d16b3eaca0805613b6430b0bbb4a7e4,1782146100000,2026-06-22T16:35:00Z,1782146130000,2026-06-22T16:35:30Z,30,Down,0,calendar_ridge_logistic-l2-10,0.4880995131791211,0.6696250345112789,0.238241134765695,lgbm-depth2-leaves3,0.30716234458196784,0.36695957070224877,0.09434870592909154,0.3026654638090301
0x0ade7f0195238f7f2b54c8704c7bbabb1d16b3eaca0805613b6430b0bbb4a7e4,1782146100000,2026-06-22T16:35:00Z,1782146160000,2026-06-22T16:36:00Z,60,Down,0,calendar_ridge_logistic-l2-10,0.48808003453037485,0.6695869836036124,0.23822212010717192,lgbm-depth2-leaves3,0.23027264845466117,0.26171891574084255,0.053025492626323965,0.4078680678627698
0x0ade7f0195238f7f2b54c8704c7bbabb1d16b3eaca0805613b6430b0bbb4a7e4,1782146100000,2026-06-22T16:35:00Z,1782146190000,2026-06-22T16:36:30Z,90,Down,0,calendar_ridge_logistic-l2-10,0.4880605709122584,0.6695489635039341,0.23820312087919962,lgbm-depth2-leaves3,0.5856839854948795,0.8811262762767362,0.34302573086516625,-0.21157731277280212
0x0ade7f0195238f7f2b54c8704c7bbabb1d16b3eaca0805613b6430b0bbb4a7e4,1782146100000,2026-06-22T16:35:00Z,1782146220000,2026-06-22T16:37:00Z,120,Down,0,calendar_ridge_logistic-l2-10,0.4880411229069698,0.6695109753459823,0.23818413764829602,lgbm-depth2-leaves3,0.7647073536411142,1.4469252359306106,0.5847773367127961,-0.7774142605846284
0x0ade7f0195238f7f2b54c8704c7bbabb1d16b3eaca0805613b6430b0bbb4a7e4,1782146100000,2026-06-22T16:35:00Z,1782146250000,2026-06-22T16:37:30Z,150,Down,0,calendar_ridge_logistic-l2-10,0.4880216897178276,0.6694730175700871,0.2381651696350436,lgbm-depth2-leaves3,0.4739361708163504,0.6423327253486425,0.22461549400806488,0.02714029222144465
0x0ade7f0195238f7f2b54c8704c7bbabb1d16b3eaca0805613b6430b0bbb4a7e4,1782146100000,2026-06-22T16:35:00Z,1782146280000,2026-06-22T16:38:00Z,180,Down,0,calendar_ridge_logistic-l2-10,0.4880022723558926,0.6694350921475808,0.23814621782451478,lgbm-depth2-leaves3,0.5175950582440745,0.7289713895173087,0.2679046443186869,-0.059536297369727875
0x0ade7f0195238f7f2b54c8704c7bbabb1d16b3eaca0805613b6430b0bbb4a7e4,1782146100000,2026-06-22T16:35:00Z,1782146310000,2026-06-22T16:38:30Z,210,Down,0,calendar_ridge_logistic-l2-10,0.48798287039227306,0.6693971982371859,0.23812728179628198,lgbm-depth2-leaves3,0.5170487491227181,0.7278395602840256,0.26733940896936753,-0.058442362046839724
0x0ade7f0195238f7f2b54c8704c7bbabb1d16b3eaca0805613b6430b0bbb4a7e4,1782146100000,2026-06-22T16:35:00Z,1782146340000,2026-06-22T16:39:00Z,240,Down,0,calendar_ridge_logistic-l2-10,0.4879634842558057,0.6693593366728867,0.23810836196706595,lgbm-depth2-leaves3,0.3153186618812727,0.3788017487855964,0.09942585853059639,0.2905575878872903
0xd289f460d337f4b9a888c4ad28ad671ddec3c9795171236275a6440130428510,1782146400000,2026-06-22T16:40:00Z,1782146430000,2026-06-22T16:40:30Z,30,Down,0,calendar_ridge_logistic-l2-10,0.4879053397150536,0.6692457876624172,0.23805162052246187,lgbm-depth2-leaves3,0.2633181927468168,0.3055992205172794,0.06933647063144975,0.36364656714513777
0xd289f460d337f4b9a888c4ad28ad671ddec3c9795171236275a6440130428510,1782146400000,2026-06-22T16:40:00Z,1782146460000,2026-06-22T16:41:00Z,60,Down,0,calendar_ridge_logistic-l2-10,0.487886017101458,0.6692080558707036,0.23803276568312418,lgbm-depth2-leaves3,0.23329208403871804,0.2656493637525991,0.05442519647512828,0.4035586921181045
0xd289f460d337f4b9a888c4ad28ad671ddec3c9795171236275a6440130428510,1782146400000,2026-06-22T16:40:00Z,1782146490000,2026-06-22T16:41:30Z,90,Down,0,calendar_ridge_logistic-l2-10,0.48786671031486145,0.6691703564066862,0.23801392703344493,lgbm-depth2-leaves3,0.5241015684105151,0.742550826532945,0.2746824540103619,-0.07338047012625881
0xd289f460d337f4b9a888c4ad28ad671ddec3c9795171236275a6440130428510,1782146400000,2026-06-22T16:40:00Z,1782146520000,2026-06-22T16:42:00Z,120,Down,0,calendar_ridge_logistic-l2-10,0.4878474199985083,0.6691326905227248,0.23799510519920095,lgbm-depth2-leaves3,0.6675929961997649,1.1013951458250024,0.44568040857497926,-0.4322624553022776
0xd289f460d337f4b9a888c4ad28ad671ddec3c9795171236275a6440130428510,1782146400000,2026-06-22T16:40:00Z,1782146550000,2026-06-22T16:42:30Z,150,Down,0,calendar_ridge_logistic-l2-10,0.4878281458768782,0.6690950576771337,0.23797629990967278,lgbm-depth2-leaves3,0.44709792026520145,0.5925743641427043,0.19989655030546843,0.07652069353442947
0xd289f460d337f4b9a888c4ad28ad671ddec3c9795171236275a6440130428510,1782146400000,2026-06-22T16:40:00Z,1782146580000,2026-06-22T16:43:00Z,180,Down,0,calendar_ridge_logistic-l2-10,0.48780888822542556,0.6690574584040322,0.23795751143172572,lgbm-depth2-leaves3,0.6177695757550916,0.9617316474008651,0.38163924872862587,-0.29267418899683295
0xd289f460d337f4b9a888c4ad28ad671ddec3c9795171236275a6440130428510,1782146400000,2026-06-22T16:40:00Z,1782146610000,2026-06-22T16:43:30Z,210,Down,0,calendar_ridge_logistic-l2-10,0.48778964704411254,0.669019892699613,0.2379387397634199,lgbm-depth2-leaves3,0.3726810786882187,0.46630022123568954,0.13889118641221426,0.2027196714639235
0xd289f460d337f4b9a888c4ad28ad671ddec3c9795171236275a6440130428510,1782146400000,2026-06-22T16:40:00Z,1782146640000,2026-06-22T16:44:00Z,240,Down,0,calendar_ridge_logistic-l2-10,0.48777042248627045,0.6689823608594875,0.23791998505243478,lgbm-depth2-leaves3,0.3025522480443317,0.3603276756827697,0.0915378627966788,0.3086546851767178
0xcf28d30d36ba262f287501614ebab2277db7365a6c2b1807804d96f377bd121e,1782146700000,2026-06-22T16:45:00Z,1782146730000,2026-06-22T16:45:30Z,30,Up,1,calendar_ridge_logistic-l2-10,0.4877127674905927,0.7180286376245971,0.26243820859214745,lgbm-depth2-leaves3,0.400351932075008,0.9154112885103383,0.35957780536617584,-0.19738265088574114
0xcf28d30d36ba262f287501614ebab2277db7365a6c2b1807804d96f377bd121e,1782146700000,2026-06-22T16:45:00Z,1782146760000,2026-06-22T16:46:00Z,60,Up,1,calendar_ridge_logistic-l2-10,0.48769360997737854,0.7180679187153489,0.26245783725801036,lgbm-depth2-leaves3,0.24953598580819006,1.3881521424948022,0.5631962365968851,-0.6700842237794533
0xcf28d30d36ba262f287501614ebab2277db7365a6c2b1807804d96f377bd121e,1782146700000,2026-06-22T16:45:00Z,1782146790000,2026-06-22T16:46:30Z,90,Up,1,calendar_ridge_logistic-l2-10,0.4876744695162949,0.7181071663829496,0.26247744918540983,lgbm-depth2-leaves3,0.3851780526102665,0.9540495772902569,0.3780060269921042,-0.23594241090730728
0xcf28d30d36ba262f287501614ebab2277db7365a6c2b1807804d96f377bd121e,1782146700000,2026-06-22T16:45:00Z,1782146820000,2026-06-22T16:47:00Z,120,Up,1,calendar_ridge_logistic-l2-10,0.4876553463217187,0.7181463801837954,0.262497044152718,lgbm-depth2-leaves3,0.4780943515080593,0.7379471778769732,0.2723855059277931,-0.019800797693177774
0xcf28d30d36ba262f287501614ebab2277db7365a6c2b1807804d96f377bd121e,1782146700000,2026-06-22T16:45:00Z,1782146850000,2026-06-22T16:47:30Z,150,Up,1,calendar_ridge_logistic-l2-10,0.48763624002583134,0.7181855608681308,0.26251662253486746,lgbm-depth2-leaves3,0.790122652235608,0.235567089577594,0.044048501104615556,0.4826184712905368
0xcf28d30d36ba262f287501614ebab2277db7365a6c2b1807804d96f377bd121e,1782146700000,2026-06-22T16:45:00Z,1782146880000,2026-06-22T16:48:00Z,180,Up,1,calendar_ridge_logistic-l2-10,0.4876171509963721,0.718224707677847,0.2625361839530746,lgbm-depth2-leaves3,0.7834713693689879,0.24402075982056654,0.046884647882941284,0.47420394785728043
0xcf28d30d36ba262f287501614ebab2277db7365a6c2b1807804d96f377bd121e,1782146700000,2026-06-22T16:45:00Z,1782146910000,2026-06-22T16:48:30Z,210,Up,1,calendar_ridge_logistic-l2-10,0.4875980798155001,0.7182638194149731,0.26255572780876263,lgbm-depth2-leaves3,0.4531374520660173,0.7915597733292222,0.2990586463328475,-0.07329595391424915
0xcf28d30d36ba262f287501614ebab2277db7365a6c2b1807804d96f377bd121e,1782146700000,2026-06-22T16:45:00Z,1782146940000,2026-06-22T16:49:00Z,240,Up,1,calendar_ridge_logistic-l2-10,0.487579025533193,0.7183028980237817,0.2625752550735121,lgbm-depth2-leaves3,0.5182843547211871,0.6572312400009273,0.23204996290638313,0.061071658022854414
0x6ec7f6a8d3603dd39983b90f9173183fe99ad968f56776a232fcea249cc5e436,1782147000000,2026-06-22T16:50:00Z,1782147030000,2026-06-22T16:50:30Z,30,Up,1,calendar_ridge_logistic-l2-10,0.4875218881338392,0.7184200908160729,0.2626338151419052,lgbm-depth2-leaves3,0.4208823608417237,0.865401912276411,0.3353772399842555,-0.146981821460338
0x6ec7f6a8d3603dd39983b90f9173183fe99ad968f56776a232fcea249cc5e436,1782147000000,2026-06-22T16:50:00Z,1782147060000,2026-06-22T16:51:00Z,60,Up,1,calendar_ridge_logistic-l2-10,0.4875029049997603,0.7184590295881226,0.2626532723836847,lgbm-depth2-leaves3,0.7863343037798093,0.2403732541019904,0.04565302974125882,0.4780857754861322
0x6ec7f6a8d3603dd39983b90f9173183fe99ad968f56776a232fcea249cc5e436,1782147000000,2026-06-22T16:50:00Z,1782147090000,2026-06-22T16:51:30Z,90,Up,1,calendar_ridge_logistic-l2-10,0.48748393977506393,0.7184979331380532,0.26267271198849035,lgbm-depth2-leaves3,0.7390678539959749,0.3023655435805743,0.06808558481826589,0.4161323895574789
0x6ec7f6a8d3603dd39983b90f9173183fe99ad968f56776a232fcea249cc5e436,1782147000000,2026-06-22T16:50:00Z,1782147120000,2026-06-22T16:52:00Z,120,Up,1,calendar_ridge_logistic-l2-10,0.4874649926130538,0.7185368011472034,0.2626921337971369,lgbm-depth2-leaves3,0.47102944895821597,0.7528346625928611,0.2798098438694486,-0.03429786144565772
0x6ec7f6a8d3603dd39983b90f9173183fe99ad968f56776a232fcea249cc5e436,1782147000000,2026-06-22T16:50:00Z,1782147150000,2026-06-22T16:52:30Z,150,Up,1,calendar_ridge_logistic-l2-10,0.48744606320697303,0.7185756342406844,0.2627115381220303,lgbm-depth2-leaves3,0.39476021092759195,0.9294767593599205,0.366315202276413,-0.2109011251192361
0x6ec7f6a8d3603dd39983b90f9173183fe99ad968f56776a232fcea249cc5e436,1782147000000,2026-06-22T16:50:00Z,1782147180000,2026-06-22T16:53:00Z,180,Up,1,calendar_ridge_logistic-l2-10,0.48742715229232314,0.7186144309054232,0.26273092420715727,lgbm-depth2-leaves3,0.6917887686608205,0.36847461756196925,0.09499416312361322,0.35013981334345395
0x6ec7f6a8d3603dd39983b90f9173183fe99ad968f56776a232fcea249cc5e436,1782147000000,2026-06-22T16:50:00Z,1782147210000,2026-06-22T16:53:30Z,210,Up,1,calendar_ridge_logistic-l2-10,0.4874082598690499,0.7186531911372325,0.2627502920504755,lgbm-depth2-leaves3,0.790689425432544,0.2348500236730148,0.04381091662575858,0.4838031674642177
0x6ec7f6a8d3603dd39983b90f9173183fe99ad968f56776a232fcea249cc5e436,1782147000000,2026-06-22T16:50:00Z,1782147240000,2026-06-22T16:54:00Z,240,Up,1,calendar_ridge_logistic-l2-10,0.48738938556933364,0.7186919156864903,0.2627696420269853,lgbm-depth2-leaves3,0.7638557234369766,0.26937635131770615,0.05576411935347368,0.4493155643687841
0xead521fb878a69ee3301071b7ce5ce3883ea62f1bc35e2a010646edc443cc10f,1782147300000,2026-06-22T16:55:00Z,1782147330000,2026-06-22T16:55:30Z,30,Down,0,calendar_ridge_logistic-l2-10,0.487332792650421,0.6681283629371402,0.23749325079245823,lgbm-depth2-leaves3,0.6190343332276395,0.965046021374269,0.38320350571458817,-0.2969176584371288
0xead521fb878a69ee3301071b7ce5ce3883ea62f1bc35e2a010646edc443cc10f,1782147300000,2026-06-22T16:55:00Z,1782147360000,2026-06-22T16:56:00Z,60,Down,0,calendar_ridge_logistic-l2-10,0.4873139930199639,0.6680916933676757,0.23747492779306145,lgbm-depth2-leaves3,0.5516490253280473,0.8021789276777722,0.30431664714538453,-0.1340872343100965
0xead521fb878a69ee3301071b7ce5ce3883ea62f1bc35e2a010646edc443cc10f,1782147300000,2026-06-22T16:55:00Z,1782147390000,2026-06-22T16:56:30Z,90,Down,0,calendar_ridge_logistic-l2-10,0.4872952117272211,0.6680550609094328,0.23745662337227727,lgbm-depth2-leaves3,0.4728729503512493,0.6403136785686911,0.2236088271738951,0.027741382340741638
0xead521fb878a69ee3301071b7ce5ce3883ea62f1bc35e2a010646edc443cc10f,1782147300000,2026-06-22T16:55:00Z,1782147420000,2026-06-22T16:57:00Z,120,Down,0,calendar_ridge_logistic-l2-10,0.4872764499365038,0.6680184678292185,0.23743833866272213,lgbm-depth2-leaves3,0.542570395060879,0.7821322750911357,0.29438263359651834,-0.11411380726191722
0xead521fb878a69ee3301071b7ce5ce3883ea62f1bc35e2a010646edc443cc10f,1782147300000,2026-06-22T16:55:00Z,1782147450000,2026-06-22T16:57:30Z,150,Down,0,calendar_ridge_logistic-l2-10,0.4872577069122219,0.6679819126881396,0.23742007294535675,lgbm-depth2-leaves3,0.38266611201870643,0.4823452539867067,0.14643335328751317,0.18563665870143287
0xead521fb878a69ee3301071b7ce5ce3883ea62f1bc35e2a010646edc443cc10f,1782147300000,2026-06-22T16:55:00Z,1782147480000,2026-06-22T16:58:00Z,180,Down,0,calendar_ridge_logistic-l2-10,0.487238982807672,0.6679453957810477,0.2374018263674549,lgbm-depth2-leaves3,0.3030884564130298,0.3610967864806024,0.09186261241083306,0.30684860930044533
0xead521fb878a69ee3301071b7ce5ce3883ea62f1bc35e2a010646edc443cc10f,1782147300000,2026-06-22T16:55:00Z,1782147510000,2026-06-22T16:58:30Z,210,Down,0,calendar_ridge_logistic-l2-10,0.48722027805162293,0.6679089179399688,0.23738359934470077,lgbm-depth2-leaves3,0.6301241563732627,0.9945878874215465,0.397056452445116,-0.3266789694815777
0xead521fb878a69ee3301071b7ce5ce3883ea62f1bc35e2a010646edc443cc10f,1782147300000,2026-06-22T16:55:00Z,1782147540000,2026-06-22T16:59:00Z,240,Down,0,calendar_ridge_logistic-l2-10,0.4872015924296094,0.6678724787424513,0.23736539166594725,lgbm-depth2-leaves3,0.5808649518274713,0.8695621003166336,0.33740409226153056,-0.20168962157418235
0x4696cbe743e985b4c3ee5e51e04324591cae498d3bd6d2b48ca03a409d6e05de,1782147600000,2026-06-22T17:00:00Z,1782147630000,2026-06-22T17:00:30Z,30,Up,1,calendar_ridge_logistic-l2-10,0.48714557099468836,0.7191922868185673,0.26301966535036425,lgbm-depth2-leaves3,0.38579701830585644,0.9524439071410573,0.3772453027219764,-0.23325162032249003
0x4696cbe743e985b4c3ee5e51e04324591cae498d3bd6d2b48ca03a409d6e05de,1782147600000,2026-06-22T17:00:00Z,1782147660000,2026-06-22T17:01:00Z,60,Up,1,calendar_ridge_logistic-l2-10,0.4871269634092578,0.7192304847247502,0.26303875166180873,lgbm-depth2-leaves3,0.4742916246613062,0.7459329045692775,0.2763692959012489,-0.02670241984452737
0x4696cbe743e985b4c3ee5e51e04324591cae498d3bd6d2b48ca03a409d6e05de,1782147600000,2026-06-22T17:00:00Z,1782147690000,2026-06-22T17:01:30Z,90,Up,1,calendar_ridge_logistic-l2-10,0.4871083755397414,0.7192686436146518,0.26305781844148296,lgbm-depth2-leaves3,0.3749459758207776,0.9809733278679363,0.39069253314263996,-0.2617046842532845
0x4696cbe743e985b4c3ee5e51e04324591cae498d3bd6d2b48ca03a409d6e05de,1782147600000,2026-06-22T17:00:00Z,1782147720000,2026-06-22T17:02:00Z,120,Up,1,calendar_ridge_logistic-l2-10,0.4870898076615417,0.7193067629183462,0.26307686540467423,lgbm-depth2-leaves3,0.29049779051642255,1.2361593085145426,0.5033933852620782,-0.5168525455961964
0x4696cbe743e985b4c3ee5e51e04324591cae498d3bd6d2b48ca03a409d6e05de,1782147600000,2026-06-22T17:00:00Z,1782147750000,2026-06-22T17:02:30Z,150,Up,1,calendar_ridge_logistic-l2-10,0.4870712593457808,0.7193448435117743,0.26309589298912317,lgbm-depth2-leaves3,0.25366911748221976,1.3717245482758915,0.5570097861997687,-0.6523797047641172
0x4696cbe743e985b4c3ee5e51e04324591cae498d3bd6d2b48ca03a409d6e05de,1782147600000,2026-06-22T17:00:00Z,1782147780000,2026-06-22T17:03:00Z,180,Up,1,calendar_ridge_logistic-l2-10,0.48705273138897454,0.7193828837550795,0.2631149003755115,lgbm-depth2-leaves3,0.5832768450069621,0.5390933425526269,0.1736581879073515,0.18028954120245266
0x4696cbe743e985b4c3ee5e51e04324591cae498d3bd6d2b48ca03a409d6e05de,1782147600000,2026-06-22T17:00:00Z,1782147810000,2026-06-22T17:03:30Z,210,Up,1,calendar_ridge_logistic-l2-10,0.4870342233160906,0.7194208846189589,0.2631338880489264,lgbm-depth2-leaves3,0.6928324352130468,0.3669671052590248,0.09435191285714707,0.3524537793599341
0x4696cbe743e985b4c3ee5e51e04324591cae498d3bd6d2b48ca03a409d6e05de,1782147600000,2026-06-22T17:00:00Z,1782147840000,2026-06-22T17:04:00Z,240,Up,1,calendar_ridge_logistic-l2-10,0.48701573523427444,0.7194588458788637,0.26315285589723203,lgbm-depth2-leaves3,0.6045598663639657,0.5032545793164653,0.15637289929008463,0.21620426656239833
0x07045e9c8b74d465dd6586528c7f70d9a0190d10fb97436ffa59d16edf207b12,1782147900000,2026-06-22T17:05:00Z,1782147930000,2026-06-22T17:05:30Z,30,Down,0,calendar_ridge_logistic-l2-10,0.48696031196259065,0.6674020722085137,0.2371303454267036,lgbm-depth2-leaves3,0.34927093664828923,0.4296619087303512,0.12199018718717328,0.23774016347816246
0x07045e9c8b74d465dd6586528c7f70d9a0190d10fb97436ffa59d16edf207b12,1782147900000,2026-06-22T17:05:00Z,1782147960000,2026-06-22T17:06:00Z,60,Down,0,calendar_ridge_logistic-l2-10,0.48694190569823603,0.6673661959700626,0.2371124195250298,lgbm-depth2-leaves3,0.2536105252520174,0.29250773090429266,0.06431829851860414,0.37485846506577
0x07045e9c8b74d465dd6586528c7f70d9a0190d10fb97436ffa59d16edf207b12,1782147900000,2026-06-22T17:05:00Z,1782147990000,2026-06-22T17:06:30Z,90,Down,0,calendar_ridge_logistic-l2-10,0.4869235197462284,0.6673303606079853,0.23709451408205567,lgbm-depth2-leaves3,0.23589690109026865,0.2690525527031124,0.05564734794399199,0.39827780790487294
0x07045e9c8b74d465dd6586528c7f70d9a0190d10fb97436ffa59d16edf207b12,1782147900000,2026-06-22T17:05:00Z,1782148020000,2026-06-22T17:07:00Z,120,Down,0,calendar_ridge_logistic-l2-10,0.48690515468865775,0.6672945672524022,0.23707662966238574,lgbm-depth2-leaves3,0.40870685432590015,0.5254433681824592,0.16704129277297255,0.14185119906994303
0x07045e9c8b74d465dd6586528c7f70d9a0190d10fb97436ffa59d16edf207b12,1782147900000,2026-06-22T17:05:00Z,1782148050000,2026-06-22T17:07:30Z,150,Down,0,calendar_ridge_logistic-l2-10,0.48688681041825566,0.6672588156897944,0.2370587661592624,lgbm-depth2-leaves3,0.4753259974113978,0.6449781567085074,0.22593480381514014,0.02228065898128695
0x07045e9c8b74d465dd6586528c7f70d9a0190d10fb97436ffa59d16edf207b12,1782147900000,2026-06-22T17:05:00Z,1782148080000,2026-06-22T17:08:00Z,180,Down,0,calendar_ridge_logistic-l2-10,0.4868684867816008,0.6672231056167351,0.23704092342100577,lgbm-depth2-leaves3,0.7737082601134816,1.4859302277312239,0.5986244717678308,-0.8187071221144887
0x07045e9c8b74d465dd6586528c7f70d9a0190d10fb97436ffa59d16edf207b12,1782147900000,2026-06-22T17:05:00Z,1782148110000,2026-06-22T17:08:30Z,210,Down,0,calendar_ridge_logistic-l2-10,0.48685018414637443,0.667187437745344,0.2370231018033587,lgbm-depth2-leaves3,0.6856631179993586,1.157289995576884,0.4701339113846024,-0.4901025578315401
0x07045e9c8b74d465dd6586528c7f70d9a0190d10fb97436ffa59d16edf207b12,1782147900000,2026-06-22T17:05:00Z,1782148140000,2026-06-22T17:09:00Z,240,Down,0,calendar_ridge_logistic-l2-10,0.48683190251250996,0.6671518120710207,0.23700530130395,lgbm-depth2-leaves3,0.4580193649427572,0.612525006857449,0.20978173866256658,0.05462680521357166
0x8f8aba606d93caa3a04ce5531637a7b1d3a3fd5940cc45682095b6e856f08da1,1782148200000,2026-06-22T17:10:00Z,1782148230000,2026-06-22T17:10:30Z,30,Up,1,calendar_ridge_logistic-l2-10,0.48677710403449925,0.719948952593411,0.2633977409432152,lgbm-depth2-leaves3,0.46679486134368886,0.761865386891491,0.284307719889496,-0.04191643429808001
0x8f8aba606d93caa3a04ce5531637a7b1d3a3fd5940cc45682095b6e856f08da1,1782148200000,2026-06-22T17:10:00Z,1782148260000,2026-06-22T17:11:00Z,60,Up,1,calendar_ridge_logistic-l2-10,0.48675890758471574,0.7199863347745906,0.2634164189436344,lgbm-depth2-leaves3,0.5693552034629686,0.5632507804628712,0.18545494078442112,0.15673555431171937
0x8f8aba606d93caa3a04ce5531637a7b1d3a3fd5940cc45682095b6e856f08da1,1782148200000,2026-06-22T17:10:00Z,1782148290000,2026-06-22T17:11:30Z,90,Up,1,calendar_ridge_logistic-l2-10,0.4867407321969835,0.720023675081647,0.26343507598568866,lgbm-depth2-leaves3,0.5649834920481529,0.5709587658764276,0.18923936219061946,0.14906490920521942
0x8f8aba606d93caa3a04ce5531637a7b1d3a3fd5940cc45682095b6e856f08da1,1782148200000,2026-06-22T17:10:00Z,1782148320000,2026-06-22T17:12:00Z,120,Up,1,calendar_ridge_logistic-l2-10,0.486722578606719,0.7200609719988808,0.2634537113121357,lgbm-depth2-leaves3,0.48868223725860643,0.716042822289846,0.2614458544948641,0.004018149709034802
0x8f8aba606d93caa3a04ce5531637a7b1d3a3fd5940cc45682095b6e856f08da1,1782148200000,2026-06-22T17:10:00Z,1782148350000,2026-06-22T17:12:30Z,150,Up,1,calendar_ridge_logistic-l2-10,0.4867044467677068,0.7200982256163408,0.2634723249680459,lgbm-depth2-leaves3,0.5818557507659259,0.5415327128884672,0.1748446131675275,0.1785655127278737
0x8f8aba606d93caa3a04ce5531637a7b1d3a3fd5940cc45682095b6e856f08da1,1782148200000,2026-06-22T17:10:00Z,1782148380000,2026-06-22T17:13:00Z,180,Up,1,calendar_ridge_logistic-l2-10,0.4866863369404116,0.7201354353939562,0.2634909166836527,lgbm-depth2-leaves3,0.39518483634181456,0.9284016834249842,0.36580138219087766,-0.208266248031028
0x8f8aba606d93caa3a04ce5531637a7b1d3a3fd5940cc45682095b6e856f08da1,1782148200000,2026-06-22T17:10:00Z,1782148410000,2026-06-22T17:13:30Z,210,Up,1,calendar_ridge_logistic-l2-10,0.48666824838925865,0.7201726028382311,0.26350948721175194,lgbm-depth2-leaves3,0.6123963513767867,0.49037557312493496,0.15023658842602738,0.22979702971329619
0x8f8aba606d93caa3a04ce5531637a7b1d3a3fd5940cc45682095b6e856f08da1,1782148200000,2026-06-22T17:10:00Z,1782148440000,2026-06-22T17:14:00Z,240,Up,1,calendar_ridge_logistic-l2-10,0.48665018217127143,0.7202097257723544,0.2635280354647888,lgbm-depth2-leaves3,0.6640862955357415,0.40934317479394533,0.1128380168469012,0.3108665509784091
0xdc071a522a792f59722b1788be61bc65f6af4d949178d0d8486058909a6c06dc,1782148500000,2026-06-22T17:15:00Z,1782148530000,2026-06-22T17:15:30Z,30,Down,0,calendar_ridge_logistic-l2-10,0.48659603379709154,0.6666922852089296,0.23677570010706026,lgbm-depth2-leaves3,0.7426003390730698,1.3571253011211717,0.5514552635914381,-0.690433015912242
0xdc071a522a792f59722b1788be61bc65f6af4d949178d0d8486058909a6c06dc,1782148500000,2026-06-22T17:15:00Z,1782148560000,2026-06-22T17:16:00Z,60,Down,0,calendar_ridge_logistic-l2-10,0.4865780559150621,0.6666572687921228,0.2367582044980813,lgbm-depth2-leaves3,0.6189396773095583,0.9647975891163754,0.3830863241480602,-0.29814032032425253
0xdc071a522a792f59722b1788be61bc65f6af4d949178d0d8486058909a6c06dc,1782148500000,2026-06-22T17:15:00Z,1782148590000,2026-06-22T17:16:30Z,90,Down,0,calendar_ridge_logistic-l2-10,0.48656010021244683,0.666622296799105,0.2367407311187463,lgbm-depth2-leaves3,0.2536105252520174,0.29250773090429266,0.06431829851860414,0.37411456589481235
0xdc071a522a792f59722b1788be61bc65f6af4d949178d0d8486058909a6c06dc,1782148500000,2026-06-22T17:15:00Z,1782148620000,2026-06-22T17:17:00Z,120,Down,0,calendar_ridge_logistic-l2-10,0.48654216668915823,0.6665873692250879,0.23672327996658063,lgbm-depth2-leaves3,0.35856427760646287,0.44404629886557506,0.12856834117544458,0.22254107035951282
0xdc071a522a792f59722b1788be61bc65f6af4d949178d0d8486058909a6c06dc,1782148500000,2026-06-22T17:15:00Z,1782148650000,2026-06-22T17:17:30Z,150,Down,0,calendar_ridge_logistic-l2-10,0.4865242562949983,0.6665524879152104,0.2367058519634012,lgbm-depth2-leaves3,0.4870280933168142,0.6675341981117118,0.23719636367981145,-0.0009817101965013952
0xdc071a522a792f59722b1788be61bc65f6af4d949178d0d8486058909a6c06dc,1782148500000,2026-06-22T17:15:00Z,1782148680000,2026-06-22T17:18:00Z,180,Down,0,calendar_ridge_logistic-l2-10,0.48650636792665797,0.6665176507160415,0.2366884460331887,lgbm-depth2-leaves3,0.4114542771542292,0.5301006614242522,0.16929462218850927,0.13641698929178936
0xdc071a522a792f59722b1788be61bc65f6af4d949178d0d8486058909a6c06dc,1782148500000,2026-06-22T17:15:00Z,1782148710000,2026-06-22T17:18:30Z,210,Down,0,calendar_ridge_logistic-l2-10,0.4864885024267298,0.6664828592638584,0.2366710629934023,lgbm-depth2-leaves3,0.34050887988795053,0.41628677149153503,0.11594629728254673,0.2501960877723234
0xdc071a522a792f59722b1788be61bc65f6af4d949178d0d8486058909a6c06dc,1782148500000,2026-06-22T17:15:00Z,1782148740000,2026-06-22T17:19:00Z,240,Down,0,calendar_ridge_logistic-l2-10,0.48647065979513276,0.6664481135537708,0.2366537028415118,lgbm-depth2-leaves3,0.4700409873402636,0.6349556100307152,0.22093852977980985,0.03149250352305555
0xf4747922fdfdb643940ffd93ff54f7a4fef774e5b8bbe8efb64eaf24b88573df,1782148800000,2026-06-22T17:20:00Z,1782148830000,2026-06-22T17:20:30Z,30,Down,0,calendar_ridge_logistic-l2-10,0.4864171877361278,0.6663439923846759,0.2366016805251234,lgbm-depth2-leaves3,0.386942324920286,0.4892962608817195,0.1497243628147162,0.17704773150295638
0xf4747922fdfdb643940ffd93ff54f7a4fef774e5b8bbe8efb64eaf24b88573df,1782148800000,2026-06-22T17:20:00Z,1782148860000,2026-06-22T17:21:00Z,60,Down,0,calendar_ridge_logistic-l2-10,0.48639943680643416,0.6663094300463057,0.23658441212561634,lgbm-depth2-leaves3,0.46399163885931366,0.6236055188899289,0.21528824093135174,0.04270391115637684
0xf4747922fdfdb643940ffd93ff54f7a4fef774e5b8bbe8efb64eaf24b88573df,1782148800000,2026-06-22T17:20:00Z,1782148890000,2026-06-22T17:21:30Z,90,Down,0,calendar_ridge_logistic-l2-10,0.4863817091734238,0.666274914260419,0.23656716701846103,lgbm-depth2-leaves3,0.3819133153114036,0.48112656487446814,0.1458577804121476,0.18514834938595082
0xf4747922fdfdb643940ffd93ff54f7a4fef774e5b8bbe8efb64eaf24b88573df,1782148800000,2026-06-22T17:20:00Z,1782148920000,2026-06-22T17:22:00Z,120,Down,0,calendar_ridge_logistic-l2-10,0.4863640044692673,0.666240444306108,0.23654994484338146,lgbm-depth2-leaves3,0.25448469976917915,0.2936796215394952,0.06476246241660925,0.3725608227666128
0xf4747922fdfdb643940ffd93ff54f7a4fef774e5b8bbe8efb64eaf24b88573df,1782148800000,2026-06-22T17:20:00Z,1782148950000,2026-06-22T17:22:30Z,150,Down,0,calendar_ridge_logistic-l2-10,0.4863463236437413,0.6662060220277348,0.23653274652178277,lgbm-depth2-leaves3,0.26590920408510027,0.3091225578613158,0.07070770481717151,0.357083464166419
0xf4747922fdfdb643940ffd93ff54f7a4fef774e5b8bbe8efb64eaf24b88573df,1782148800000,2026-06-22T17:20:00Z,1782148980000,2026-06-22T17:23:00Z,180,Down,0,calendar_ridge_logistic-l2-10,0.4863286659612856,0.6661716459884507,0.2365155713356837,lgbm-depth2-leaves3,0.3968744142021704,0.5056298356183455,0.15750930064831592,0.16054181037010518
0xf4747922fdfdb643940ffd93ff54f7a4fef774e5b8bbe8efb64eaf24b88573df,1782148800000,2026-06-22T17:20:00Z,1782149010000,2026-06-22T17:23:30Z,210,Down,0,calendar_ridge_logistic-l2-10,0.48631103178953855,0.6661373168992107,0.23649841964020557,lgbm-depth2-leaves3,0.7048842784303148,1.2203877230552234,0.4968618459782255,-0.5542504061560126
0xf4747922fdfdb643940ffd93ff54f7a4fef774e5b8bbe8efb64eaf24b88573df,1782148800000,2026-06-22T17:20:00Z,1782149040000,2026-06-22T17:24:00Z,240,Down,0,calendar_ridge_logistic-l2-10,0.48629342097507605,0.6661030344565593,0.23648129128364254,lgbm-depth2-leaves3,0.6856631179993586,1.157289995576884,0.4701339113846024,-0.4911869611203248
0xc623da59b6e61b7ce2580fdc7bc40f74a21df5e652eb0e5a7ebc0aaeb4117fb8,1782149100000,2026-06-22T17:25:00Z,1782149130000,2026-06-22T17:25:30Z,30,Down,0,calendar_ridge_logistic-l2-10,0.48624065085790275,0.6660003154937731,0.23642997054671688,lgbm-depth2-leaves3,0.24026942194815287,0.27479141111600736,0.057729395123299526,0.3912089043777658
0xc623da59b6e61b7ce2580fdc7bc40f74a21df5e652eb0e5a7ebc0aaeb4117fb8,1782149100000,2026-06-22T17:25:00Z,1782149160000,2026-06-22T17:26:00Z,60,Down,0,calendar_ridge_logistic-l2-10,0.48622313537149126,0.6659662232911268,0.23641293737048352,lgbm-depth2-leaves3,0.32850644520353756,0.3982508612831322,0.10791648454026483,0.26771536200799456
0xc623da59b6e61b7ce2580fdc7bc40f74a21df5e652eb0e5a7ebc0aaeb4117fb8,1782149100000,2026-06-22T17:25:00Z,1782149190000,2026-06-22T17:26:30Z,90,Down,0,calendar_ridge_logistic-l2-10,0.4862056442989388,0.665932179767509,0.2363959285481462,lgbm-depth2-leaves3,0.6293398815084258,0.9924697589357613,0.3960686864570394,-0.3265375791682523
0xc623da59b6e61b7ce2580fdc7bc40f74a21df5e652eb0e5a7ebc0aaeb4117fb8,1782149100000,2026-06-22T17:25:00Z,1782149220000,2026-06-22T17:27:00Z,120,Down,0,calendar_ridge_logistic-l2-10,0.4861881769046876,0.6658981834864173,0.2363789433619038,lgbm-depth2-leaves3,0.59871164056015,0.9130750092571925,0.3584556285422263,-0.24717682577077527
0xc623da59b6e61b7ce2580fdc7bc40f74a21df5e652eb0e5a7ebc0aaeb4117fb8,1782149100000,2026-06-22T17:25:00Z,1782149250000,2026-06-22T17:27:30Z,150,Down,0,calendar_ridge_logistic-l2-10,0.48617073366356944,0.6658642353671776,0.23636198227097338,lgbm-depth2-leaves3,0.5711997065275185,0.846763984821671,0.3262691047371233,-0.18089974945449339
0xc623da59b6e61b7ce2580fdc7bc40f74a21df5e652eb0e5a7ebc0aaeb4117fb8,1782149100000,2026-06-22T17:25:00Z,1782149280000,2026-06-22T17:28:00Z,180,Down,0,calendar_ridge_logistic-l2-10,0.48615331515760013,0.6658303365375884,0.23634504583872487,lgbm-depth2-leaves3,0.450104909964215,0.5980277643393177,0.20259442997389407,0.06780257219827068
0xc623da59b6e61b7ce2580fdc7bc40f74a21df5e652eb0e5a7ebc0aaeb4117fb8,1782149100000,2026-06-22T17:25:00Z,1782149310000,2026-06-22T17:28:30Z,210,Down,0,calendar_ridge_logistic-l2-10,0.4861359205440321,0.6657964853526559,0.2363281332431935,lgbm-depth2-leaves3,0.5032645602944634,0.6996977090909392,0.2532752176483796,-0.033901223738283304
0xc623da59b6e61b7ce2580fdc7bc40f74a21df5e652eb0e5a7ebc0aaeb4117fb8,1782149100000,2026-06-22T17:25:00Z,1782149340000,2026-06-22T17:29:00Z,240,Down,0,calendar_ridge_logistic-l2-10,0.4861185506654171,0.6657626834471646,0.2363112453010457,lgbm-depth2-leaves3,0.5618857005938815,0.8252754451009737,0.3157155405318771,-0.15951276165380912
0xb5f84cd34c8cf806ef2716eb3799a58101d0de103cd6da88e583fc08d589ae74,1782149400000,2026-06-22T17:30:00Z,1782149430000,2026-06-22T17:30:30Z,30,Down,0,calendar_ridge_logistic-l2-10,0.4860665066433472,0.6656614122553329,0.2362606488804671,lgbm-depth2-leaves3,0.24918049524034727,0.2865899959715633,0.06209091920822473,0.3790714162837696
0xb5f84cd34c8cf806ef2716eb3799a58101d0de103cd6da88e583fc08d589ae74,1782149400000,2026-06-22T17:30:00Z,1782149460000,2026-06-22T17:31:00Z,60,Down,0,calendar_ridge_logistic-l2-10,0.48604923545806267,0.6656278069439305,0.23624385928936725,lgbm-depth2-leaves3,0.23329208403871804,0.2656493637525991,0.05442519647512828,0.3999784431913314
0xb5f84cd34c8cf806ef2716eb3799a58101d0de103cd6da88e583fc08d589ae74,1782149400000,2026-06-22T17:30:00Z,1782149490000,2026-06-22T17:31:30Z,90,Down,0,calendar_ridge_logistic-l2-10,0.48603198870055736,0.6655942502896262,0.23622709404021872,lgbm-depth2-leaves3,0.29574734871200237,0.3506181075355493,0.08746649427017873,0.31497614275407687
0xb5f84cd34c8cf806ef2716eb3799a58101d0de103cd6da88e583fc08d589ae74,1782149400000,2026-06-22T17:30:00Z,1782149520000,2026-06-22T17:32:00Z,120,Down,0,calendar_ridge_logistic-l2-10,0.48601476710616465,0.6655607437182104,0.23621035384525946,lgbm-depth2-leaves3,0.5541922319640972,0.8078674332474506,0.3071290299693477,-0.1423066895292402
0xb5f84cd34c8cf806ef2716eb3799a58101d0de103cd6da88e583fc08d589ae74,1782149400000,2026-06-22T17:30:00Z,1782149550000,2026-06-22T17:32:30Z,150,Down,0,calendar_ridge_logistic-l2-10,0.48599757046785663,0.6655272868219106,0.23619363850065928,lgbm-depth2-leaves3,0.3775955798742831,0.4741652043987687,0.1425784219405961,0.19136208242314195
0xb5f84cd34c8cf806ef2716eb3799a58101d0de103cd6da88e583fc08d589ae74,1782149400000,2026-06-22T17:30:00Z,1782149580000,2026-06-22T17:33:00Z,180,Down,0,calendar_ridge_logistic-l2-10,0.48598039873193116,0.6654938794913037,0.2361769479516468,lgbm-depth2-leaves3,0.5632461336881254,0.8283854775472235,0.3172462071146216,-0.1628915980559198
0xb5f84cd34c8cf806ef2716eb3799a58101d0de103cd6da88e583fc08d589ae74,1782149400000,2026-06-22T17:30:00Z,1782149610000,2026-06-22T17:33:30Z,210,Down,0,calendar_ridge_logistic-l2-10,0.48596325248038413,0.6654605228536664,0.23616028276131357,lgbm-depth2-leaves3,0.5946307271960461,0.9029568425976494,0.35358570172569864,-0.237496319743983
0xb5f84cd34c8cf806ef2716eb3799a58101d0de103cd6da88e583fc08d589ae74,1782149400000,2026-06-22T17:30:00Z,1782149640000,2026-06-22T17:34:00Z,240,Down,0,calendar_ridge_logistic-l2-10,0.48594613097768163,0.6654272154731133,0.23614364221217812,lgbm-depth2-leaves3,0.5425704397679768,0.7821323728266113,0.2943826821100157,-0.11670515735349796
0xee8004a813d8b58708edde9742ecb3edbd2cc77f4d401e0dc0b81c510bd7bda9,1782149700000,2026-06-22T17:35:00Z,1782149730000,2026-06-22T17:35:30Z,30,Up,1,calendar_ridge_logistic-l2-10,0.48589483878713946,0.7217630595918312,0.2643041167857013,lgbm-depth2-leaves3,0.38701796577687,0.949284163833832,0.37574697428032655,-0.22752110424200078
0xee8004a813d8b58708edde9742ecb3edbd2cc77f4d401e0dc0b81c510bd7bda9,1782149700000,2026-06-22T17:35:00Z,1782149760000,2026-06-22T17:36:00Z,60,Up,1,calendar_ridge_logistic-l2-10,0.48587781928913754,0.7217980873277161,0.2643216166988927,lgbm-depth2-leaves3,0.24384853413062607,1.4112080082010185,0.5717650393364031,-0.6894099208733024
0xee8004a813d8b58708edde9742ecb3edbd2cc77f4d401e0dc0b81c510bd7bda9,1782149700000,2026-06-22T17:35:00Z,1782149790000,2026-06-22T17:36:30Z,90,Up,1,calendar_ridge_logistic-l2-10,0.4858608256500491,0.7218330630677027,0.2643390906012491,lgbm-depth2-leaves3,0.559154545665469,0.5813293759416484,0.1943447146074191,0.14050368712605432
0xee8004a813d8b58708edde9742ecb3edbd2cc77f4d401e0dc0b81c510bd7bda9,1782149700000,2026-06-22T17:35:00Z,1782149820000,2026-06-22T17:37:00Z,120,Up,1,calendar_ridge_logistic-l2-10,0.48584385760923704,0.7218679873427549,0.26435653875815057,lgbm-depth2-leaves3,0.5690836567263875,0.5637278315390895,0.18568889490030185,0.15814015580366547
0xee8004a813d8b58708edde9742ecb3edbd2cc77f4d401e0dc0b81c510bd7bda9,1782149700000,2026-06-22T17:35:00Z,1782149850000,2026-06-22T17:37:30Z,150,Up,1,calendar_ridge_logistic-l2-10,0.4858269155879067,0.7219028592804511,0.2643739607338456,lgbm-depth2-leaves3,0.5940120346604733,0.5208556994535636,0.16482622800052876,0.20104715982688748
0xee8004a813d8b58708edde9742ecb3edbd2cc77f4d401e0dc0b81c510bd7bda9,1782149700000,2026-06-22T17:35:00Z,1782149880000,2026-06-22T17:38:00Z,180,Up,1,calendar_ridge_logistic-l2-10,0.4858099992718277,0.7219376795220906,0.26439135684883786,lgbm-depth2-leaves3,0.7377863388634517,0.3041010100340169,0.06875600408663259,0.41783666948807374
0xee8004a813d8b58708edde9742ecb3edbd2cc77f4d401e0dc0b81c510bd7bda9,1782149700000,2026-06-22T17:35:00Z,1782149910000,2026-06-22T17:38:30Z,210,Up,1,calendar_ridge_logistic-l2-10,0.4857931091357902,0.7219724470848805,0.26440872661223735,lgbm-depth2-leaves3,0.6731247311150214,0.3958246305292851,0.10684744140862709,0.3261478165555954
0xee8004a813d8b58708edde9742ecb3edbd2cc77f4d401e0dc0b81c510bd7bda9,1782149700000,2026-06-22T17:35:00Z,1782149940000,2026-06-22T17:39:00Z,240,Up,1,calendar_ridge_logistic-l2-10,0.48577624486557225,0.7220071626101289,0.2644260703445519,lgbm-depth2-leaves3,0.49995076712077274,0.6932456511664709,0.2500492353031036,0.028761511443658017
0xa56a080c1eadf701f07e29ed3e32108f7d5f9d181abec8a2a5d54c7fe31ebecf,1782150000000,2026-06-22T17:40:00Z,1782150030000,2026-06-22T17:40:30Z,30,Down,0,calendar_ridge_logistic-l2-10,0.4857257281340632,0.6649985529903323,0.23592948297136584,lgbm-depth2-leaves3,0.3100744893782725,0.3711716428391442,0.0961461889631964,0.29382691015118806
0xa56a080c1eadf701f07e29ed3e32108f7d5f9d181abec8a2a5d54c7fe31ebecf,1782150000000,2026-06-22T17:40:00Z,1782150060000,2026-06-22T17:41:00Z,60,Down,0,calendar_ridge_logistic-l2-10,0.485708968811896,0.6649659652253768,0.23591320238431537,lgbm-depth2-leaves3,0.40119048601355045,0.5128117381419589,0.1609538060677888,0.15215422708341786
0xa56a080c1eadf701f07e29ed3e32108f7d5f9d181abec8a2a5d54c7fe31ebecf,1782150000000,2026-06-22T17:40:00Z,1782150090000,2026-06-22T17:41:30Z,90,Down,0,calendar_ridge_logistic-l2-10,0.4856922361514523,0.6649334303623652,0.2358969482577981,lgbm-depth2-leaves3,0.3877539059774873,0.49062096288027546,0.15035309160079807,0.17431246748208973
0xa56a080c1eadf701f07e29ed3e32108f7d5f9d181abec8a2a5d54c7fe31ebecf,1782150000000,2026-06-22T17:40:00Z,1782150120000,2026-06-22T17:42:00Z,120,Down,0,calendar_ridge_logistic-l2-10,0.4856755302062056,0.6649009485001373,0.2358807206410789,lgbm-depth2-leaves3,0.44653751875630376,0.5915613136951573,0.19939575565703632,0.07333963480497996
0xa56a080c1eadf701f07e29ed3e32108f7d5f9d181abec8a2a5d54c7fe31ebecf,1782150000000,2026-06-22T17:40:00Z,1782150150000,2026-06-22T17:42:30Z,150,Down,0,calendar_ridge_logistic-l2-10,0.4856588506083399,0.6648685189184422,0.23586451917421383,lgbm-depth2-leaves3,0.4986945656016706,0.6905397141603683,0.2486962697606389,-0.02567119524192607
0xa56a080c1eadf701f07e29ed3e32108f7d5f9d181abec8a2a5d54c7fe31ebecf,1782150000000,2026-06-22T17:40:00Z,1782150180000,2026-06-22T17:43:00Z,180,Down,0,calendar_ridge_logistic-l2-10,0.48564219746492737,0.6648361418203946,0.23584834395856352,lgbm-depth2-leaves3,0.6555753182781017,1.0658798431372658,0.4297789979354343,-0.40104370131687117
0xa56a080c1eadf701f07e29ed3e32108f7d5f9d181abec8a2a5d54c7fe31ebecf,1782150000000,2026-06-22T17:40:00Z,1782150210000,2026-06-22T17:43:30Z,210,Down,0,calendar_ridge_logistic-l2-10,0.48562557161844677,0.6648038188388016,0.23583219580974318,lgbm-depth2-leaves3,0.6691310369859267,1.106032864119802,0.4477363446578616,-0.4412290452810005
0xa56a080c1eadf701f07e29ed3e32108f7d5f9d181abec8a2a5d54c7fe31ebecf,1782150000000,2026-06-22T17:40:00Z,1782150240000,2026-06-22T17:44:00Z,240,Down,0,calendar_ridge_logistic-l2-10,0.48560897201926956,0.6647715479279229,0.23581607370561172,lgbm-depth2-leaves3,0.5531972969333695,0.8056381619696027,0.3060272493343866,-0.14086661404167977
0x5f6ada0cb52ceb3990583e4aadc16bcb74403d4156ab394b710126c3fabf4c41,1782150300000,2026-06-22T17:45:00Z,1782150330000,2026-06-22T17:45:30Z,30,Up,1,calendar_ridge_logistic-l2-10,0.485559255214675,0.7224539488224908,0.26464927989527987,lgbm-depth2-leaves3,0.7724247109436221,0.2582207365215774,0.05179051218909396,0.4642332123009134
0x5f6ada0cb52ceb3990583e4aadc16bcb74403d4156ab394b710126c3fabf4c41,1782150300000,2026-06-22T17:45:00Z,1782150360000,2026-06-22T17:46:00Z,60,Up,1,calendar_ridge_logistic-l2-10,0.48554276432240867,0.7224879120764769,0.2646662473410288,lgbm-depth2-leaves3,0.7826466170431179,0.24507400409624533,0.047242493082801054,0.47741390798023153
0x5f6ada0cb52ceb3990583e4aadc16bcb74403d4156ab394b710126c3fabf4c41,1782150300000,2026-06-22T17:45:00Z,1782150390000,2026-06-22T17:46:30Z,90,Up,1,calendar_ridge_logistic-l2-10,0.48552630039291883,0.7225218209509116,0.2646831875873971,lgbm-depth2-leaves3,0.5491799930235484,0.5993290350607913,0.2032386786902479,0.12319278589012028
0x5f6ada0cb52ceb3990583e4aadc16bcb74403d4156ab394b710126c3fabf4c41,1782150300000,2026-06-22T17:45:00Z,1782150420000,2026-06-22T17:47:00Z,120,Up,1,calendar_ridge_logistic-l2-10,0.485509863900966,0.7225556744623641,0.26470010014320244,lgbm-depth2-leaves3,0.6331721710411579,0.45701290165499797,0.13456265609865756,0.26554277280736616
0x5f6ada0cb52ceb3990583e4aadc16bcb74403d4156ab394b710126c3fabf4c41,1782150300000,2026-06-22T17:45:00Z,1782150450000,2026-06-22T17:47:30Z,150,Up,1,calendar_ridge_logistic-l2-10,0.48549345492682533,0.7225894724398253,0.2647169849231348,lgbm-depth2-leaves3,0.5127335229841471,0.667999017145395,0.2374286196234407,0.054590455294430296
0x5f6ada0cb52ceb3990583e4aadc16bcb74403d4156ab394b710126c3fabf4c41,1782150300000,2026-06-22T17:45:00Z,1782150480000,2026-06-22T17:48:00Z,180,Up,1,calendar_ridge_logistic-l2-10,0.48547707352396524,0.7226232147674896,0.264733841869463,lgbm-depth2-leaves3,0.25964588564549684,1.3484365545885972,0.5481242146416407,-0.6258133398211077
0x5f6ada0cb52ceb3990583e4aadc16bcb74403d4156ab394b710126c3fabf4c41,1782150300000,2026-06-22T17:45:00Z,1782150510000,2026-06-22T17:48:30Z,210,Up,1,calendar_ridge_logistic-l2-10,0.48546071943175184,0.7226569019765643,0.2647506712476904,lgbm-depth2-leaves3,0.4253466599475207,0.8548507720713363,0.3302264612334705,-0.13219387009477201
0x5f6ada0cb52ceb3990583e4aadc16bcb74403d4156ab394b710126c3fabf4c41,1782150300000,2026-06-22T17:45:00Z,1782150540000,2026-06-22T17:49:00Z,240,Up,1,calendar_ridge_logistic-l2-10,0.4854443930445618,0.7226905332490374,0.2647674726492794,lgbm-depth2-leaves3,0.6041148450662318,0.503990958283668,0.15672505589693364,0.2186995749653694
0x078432a420cd42c8f5ddc333e2642af458042113482a876576a6db6b9ea2f1f1,1782150600000,2026-06-22T17:50:00Z,1782150630000,2026-06-22T17:50:30Z,30,Up,1,calendar_ridge_logistic-l2-10,0.48539549958306827,0.7227912572961355,0.2648177918493599,lgbm-depth2-leaves3,0.738766870043128,0.30277287459278085,0.06824274818706397,0.4200183827033546
0x078432a420cd42c8f5ddc333e2642af458042113482a876576a6db6b9ea2f1f1,1782150600000,2026-06-22T17:50:00Z,1782150660000,2026-06-22T17:51:00Z,60,Up,1,calendar_ridge_logistic-l2-10,0.48537928450466683,0.7228246637641829,0.2648344808169286,lgbm-depth2-leaves3,0.5193310750332026,0.655213689688823,0.23104261542873666,0.06761097407535988
0x078432a420cd42c8f5ddc333e2642af458042113482a876576a6db6b9ea2f1f1,1782150600000,2026-06-22T17:50:00Z,1782150690000,2026-06-22T17:51:30Z,90,Up,1,calendar_ridge_logistic-l2-10,0.4853630975058183,0.7228580134955843,0.2648511414088059,lgbm-depth2-leaves3,0.463959953821718,0.7679570368992062,0.28733893110681463,-0.04509902340362193
0x078432a420cd42c8f5ddc333e2642af458042113482a876576a6db6b9ea2f1f1,1782150600000,2026-06-22T17:50:00Z,1782150720000,2026-06-22T17:52:00Z,120,Up,1,calendar_ridge_logistic-l2-10,0.48534693832588405,0.7228913070216411,0.2648677738905414,lgbm-depth2-leaves3,0.4695361668841394,0.7560099505336206,0.28139187824397166,-0.03311864351197957
0x078432a420cd42c8f5ddc333e2642af458042113482a876576a6db6b9ea2f1f1,1782150600000,2026-06-22T17:50:00Z,1782150750000,2026-06-22T17:52:30Z,150,Up,1,calendar_ridge_logistic-l2-10,0.48533080778051635,0.7229245426560911,0.2648843774198559,lgbm-depth2-leaves3,0.6208425348443456,0.4766777962805739,0.14376038338326128,0.2462467463755172
0x078432a420cd42c8f5ddc333e2642af458042113482a876576a6db6b9ea2f1f1,1782150600000,2026-06-22T17:50:00Z,1782150780000,2026-06-22T17:53:00Z,180,Up,1,calendar_ridge_logistic-l2-10,0.48531470517439657,0.7229577218258423,0.2649009527097183,lgbm-depth2-leaves3,0.7672140871102515,0.2649893938632197,0.05418928123991357,0.4579683279626226
0x078432a420cd42c8f5ddc333e2642af458042113482a876576a6db6b9ea2f1f1,1782150600000,2026-06-22T17:50:00Z,1782150810000,2026-06-22T17:53:30Z,210,Up,1,calendar_ridge_logistic-l2-10,0.4852986309822719,0.7229908435469795,0.26491749926872354,lgbm-depth2-leaves3,0.790122652235608,0.235567089577594,0.044048501104615556,0.48742375396938553
0x078432a420cd42c8f5ddc333e2642af458042113482a876576a6db6b9ea2f1f1,1782150600000,2026-06-22T17:50:00Z,1782150840000,2026-06-22T17:54:00Z,240,Up,1,calendar_ridge_logistic-l2-10,0.48528258525761203,0.7230239077035753,0.2649340170390874,lgbm-depth2-leaves3,0.665276460171936,0.40755259513602404,0.11203984811502957,0.31547131256755123
0x7701e44cddf7b412758e07d28650684dda8aa5375dad32b22d1cc43bb904c22c,1782150900000,2026-06-22T17:55:00Z,1782150930000,2026-06-22T17:55:30Z,30,Down,0,calendar_ridge_logistic-l2-10,0.48523453823924795,0.6640438961076699,0.23545255710025617,lgbm-depth2-leaves3,0.3835706603300899,0.48381157824274484,0.1471264514660612,0.18023231786492505
0x7701e44cddf7b412758e07d28650684dda8aa5375dad32b22d1cc43bb904c22c,1782150900000,2026-06-22T17:55:00Z,1782150960000,2026-06-22T17:56:00Z,60,Down,0,calendar_ridge_logistic-l2-10,0.4852186067926937,0.6640129476443171,0.2354370963778427,lgbm-depth2-leaves3,0.2843588477693876,0.3345764216916468,0.08085995430473374,0.32943652595267026
0x7701e44cddf7b412758e07d28650684dda8aa5375dad32b22d1cc43bb904c22c,1782150900000,2026-06-22T17:55:00Z,1782150990000,2026-06-22T17:56:30Z,90,Down,0,calendar_ridge_logistic-l2-10,0.48520270419479955,0.6639820561776131,0.23542166415794616,lgbm-depth2-leaves3,0.6468607067802193,1.040892701525978,0.4184287739762049,-0.3769106453483648
0x7701e44cddf7b412758e07d28650684dda8aa5375dad32b22d1cc43bb904c22c,1782150900000,2026-06-22T17:55:00Z,1782151020000,2026-06-22T17:57:00Z,120,Down,0,calendar_ridge_logistic-l2-10,0.4851868305191184,0.6639512218451783,0.2354062605091877,lgbm-depth2-leaves3,0.5928707299272158,0.8986245270826597,0.3514957024044296,-0.23467330523748142
0x7701e44cddf7b412758e07d28650684dda8aa5375dad32b22d1cc43bb904c22c,1782150900000,2026-06-22T17:55:00Z,1782151050000,2026-06-22T17:57:30Z,150,Down,0,calendar_ridge_logistic-l2-10,0.4851709858392119,0.6639204447846433,0.23539088550019277,lgbm-depth2-leaves3,0.44475458560225944,0.5883450748680144,0.1978066414142375,0.07557536991662894
0x7701e44cddf7b412758e07d28650684dda8aa5375dad32b22d1cc43bb904c22c,1782150900000,2026-06-22T17:55:00Z,1782151080000,2026-06-22T17:58:00Z,180,Down,0,calendar_ridge_logistic-l2-10,0.4851551702286348,0.6638897251336168,0.2353755391995756,lgbm-depth2-leaves3,0.4837498053003516,0.6611637575647896,0.2340138741281281,0.002725967568827148
0x7701e44cddf7b412758e07d28650684dda8aa5375dad32b22d1cc43bb904c22c,1782150900000,2026-06-22T17:55:00Z,1782151110000,2026-06-22T17:58:30Z,210,Down,0,calendar_ridge_logistic-l2-10,0.48513938339660645,0.6638590623220619,0.2353602213224395,lgbm-depth2-leaves3,0.37927152356572763,0.47686152867986153,0.1438468885878683,0.1869975336422004
0x7701e44cddf7b412758e07d28650684dda8aa5375dad32b22d1cc43bb904c22c,1782150900000,2026-06-22T17:55:00Z,1782151140000,2026-06-22T17:59:00Z,240,Down,0,calendar_ridge_logistic-l2-10,0.4851236261520537,0.6638284579158881,0.23534493265091755,lgbm-depth2-leaves3,0.4882875718021231,0.6699924754107803,0.23842475277641353,-0.00616401749489226
0x816ffa51aa7b82f6fee782513fd010c0b81e5d11bd589d5baf999655a18bece1,1782151200000,2026-06-22T18:00:00Z,1782151230000,2026-06-22T18:00:30Z,30,Up,1,calendar_ridge_logistic-l2-10,0.4850764483138932,0.7234487750767598,0.2651462640810347,lgbm-depth2-leaves3,0.6377576315684674,0.4497969556367249,0.13121953348688617,0.27365181944003486
0x816ffa51aa7b82f6fee782513fd010c0b81e5d11bd589d5baf999655a18bece1,1782151200000,2026-06-22T18:00:00Z,1782151260000,2026-06-22T18:01:00Z,60,Up,1,calendar_ridge_logistic-l2-10,0.4850608083299061,0.723481017904012,0.2651623711178496,lgbm-depth2-leaves3,0.790689425432544,0.2348500236730148,0.04381091662575858,0.4886309942309972
0x816ffa51aa7b82f6fee782513fd010c0b81e5d11bd589d5baf999655a18bece1,1782151200000,2026-06-22T18:00:00Z,1782151290000,2026-06-22T18:01:30Z,90,Up,1,calendar_ridge_logistic-l2-10,0.4850451975691503,0.7235132015224253,0.26517844854659545,lgbm-depth2-leaves3,0.6688730285655088,0.4021610297435243,0.10964507121137836,0.32135217177890096
0x816ffa51aa7b82f6fee782513fd010c0b81e5d11bd589d5baf999655a18bece1,1782151200000,2026-06-22T18:00:00Z,1782151320000,2026-06-22T18:02:00Z,120,Up,1,calendar_ridge_logistic-l2-10,0.4850296168438781,0.7235453242516047,0.265194495527963,lgbm-depth2-leaves3,0.2772534076490585,1.2828233619378928,0.522362636754898,-0.5592780376862881
0x816ffa51aa7b82f6fee782513fd010c0b81e5d11bd589d5baf999655a18bece1,1782151200000,2026-06-22T18:00:00Z,1782151350000,2026-06-22T18:02:30Z,150,Up,1,calendar_ridge_logistic-l2-10,0.4850140654922901,0.723577387450144,0.2652105127407793,lgbm-depth2-leaves3,0.3738965496327538,0.9837761250899124,0.3920055305617708,-0.2601987376397684
0x816ffa51aa7b82f6fee782513fd010c0b81e5d11bd589d5baf999655a18bece1,1782151200000,2026-06-22T18:00:00Z,1782151380000,2026-06-22T18:03:00Z,180,Up,1,calendar_ridge_logistic-l2-10,0.4849985439589618,0.7236093901956309,0.2652264997243894,lgbm-depth2-leaves3,0.7616514724335829,0.2722662131857992,0.056810020593079096,0.4513431770098317
0x816ffa51aa7b82f6fee782513fd010c0b81e5d11bd589d5baf999655a18bece1,1782151200000,2026-06-22T18:00:00Z,1782151410000,2026-06-22T18:03:30Z,210,Up,1,calendar_ridge_logistic-l2-10,0.4849830523174402,0.7236413323305793,0.2652424564002605,lgbm-depth2-leaves3,0.6513450099280987,0.42871580799004344,0.12156030210203757,0.2949255243405358
0x816ffa51aa7b82f6fee782513fd010c0b81e5d11bd589d5baf999655a18bece1,1782151200000,2026-06-22T18:00:00Z,1782151440000,2026-06-22T18:04:00Z,240,Up,1,calendar_ridge_logistic-l2-10,0.48496759064128037,0.7236732136974785,0.26525838268984775,lgbm-depth2-leaves3,0.5481974595343314,0.601119729319134,0.20412553557123211,0.12255348437834446
0xf04e2cee1bf13593d476e1cb5bb535180f917bdb89b1ae1a448c10e598f6cfd8,1782151500000,2026-06-22T18:05:00Z,1782151530000,2026-06-22T18:05:30Z,30,Down,0,calendar_ridge_logistic-l2-10,0.4849213047118364,0.6634355836073237,0.2351486717634297,lgbm-depth2-leaves3,0.45313749670396936,0.6035578732471786,0.20533359091913983,0.05987771036014511
0xf04e2cee1bf13593d476e1cb5bb535180f917bdb89b1ae1a448c10e598f6cfd8,1782151500000,2026-06-22T18:05:00Z,1782151560000,2026-06-22T18:06:00Z,60,Down,0,calendar_ridge_logistic-l2-10,0.48490596327176794,0.6634057993981463,0.23513379321652114,lgbm-depth2-leaves3,0.49486092436645424,0.682921490327501,0.24488733446482153,-0.01951569092935479
0xf04e2cee1bf13593d476e1cb5bb535180f917bdb89b1ae1a448c10e598f6cfd8,1782151500000,2026-06-22T18:05:00Z,1782151590000,2026-06-22T18:06:30Z,90,Down,0,calendar_ridge_logistic-l2-10,0.48489065217149807,0.6633760749757642,0.23511894456330074,lgbm-depth2-leaves3,0.3859882203821935,0.48774116597373773,0.14898690627381278,0.1756349090020265
0xf04e2cee1bf13593d476e1cb5bb535180f917bdb89b1ae1a448c10e598f6cfd8,1782151500000,2026-06-22T18:05:00Z,1782151620000,2026-06-22T18:07:00Z,120,Down,0,calendar_ridge_logistic-l2-10,0.4848753714912659,0.663346410490639,0.23510412587879312,lgbm-depth2-leaves3,0.6525643666186184,1.057175858813533,0.42584025258035857,-0.3938294483228939
0xf04e2cee1bf13593d476e1cb5bb535180f917bdb89b1ae1a448c10e598f6cfd8,1782151500000,2026-06-22T18:05:00Z,1782151650000,2026-06-22T18:07:30Z,150,Down,0,calendar_ridge_logistic-l2-10,0.48486012128452644,0.6633168060412308,0.2350893372120457,lgbm-depth2-leaves3,0.48976214003189666,0.6728782698964332,0.23986695380862316,-0.009561463855202401
0xf04e2cee1bf13593d476e1cb5bb535180f917bdb89b1ae1a448c10e598f6cfd8,1782151500000,2026-06-22T18:05:00Z,1782151680000,2026-06-22T18:08:00Z,180,Down,0,calendar_ridge_logistic-l2-10,0.48484490129064534,0.6632872611163002,0.23507457830753561,lgbm-depth2-leaves3,0.253669151585421,0.29258628055960867,0.0643480384660673,0.37070098055669154
0xf04e2cee1bf13593d476e1cb5bb535180f917bdb89b1ae1a448c10e598f6cfd8,1782151500000,2026-06-22T18:05:00Z,1782151710000,2026-06-22T18:08:30Z,210,Down,0,calendar_ridge_logistic-l2-10,0.4848297122850112,0.6632577772157084,0.23505984991436674,lgbm-depth2-leaves3,0.47472874900196416,0.643840481250074,0.2253673851289699,0.019417295965634462
0xf04e2cee1bf13593d476e1cb5bb535180f917bdb89b1ae1a448c10e598f6cfd8,1782151500000,2026-06-22T18:05:00Z,1782151740000,2026-06-22T18:09:00Z,240,Down,0,calendar_ridge_logistic-l2-10,0.48481455361253334,0.6632283530625209,0.23504515139451995,lgbm-depth2-leaves3,0.6589446140666883,1.0757103927958367,0.43420800440749674,-0.41248203973331576
0xfb7f054417a876074a844c7a449f6dc849fe0be7ec18d195f3a1d10e1cd8b7e9,1782151800000,2026-06-22T18:10:00Z,1782151830000,2026-06-22T18:10:30Z,30,Up,1,calendar_ridge_logistic-l2-10,0.48476918122224066,0.7240824163338332,0.2654627966184003,lgbm-depth2-leaves3,0.49996409180296614,0.6932189995329338,0.2500359094864324,0.030863416800899435
0xfb7f054417a876074a844c7a449f6dc849fe0be7ec18d195f3a1d10e1cd8b7e9,1782151800000,2026-06-22T18:10:00Z,1782151860000,2026-06-22T18:11:00Z,60,Up,1,calendar_ridge_logistic-l2-10,0.48475414578794596,0.7241134324710978,0.26547829028270925,lgbm-depth2-leaves3,0.4969317573138622,0.6993025715409248,0.2530776567993189,0.02481086093017304
0xfb7f054417a876074a844c7a449f6dc849fe0be7ec18d195f3a1d10e1cd8b7e9,1782151800000,2026-06-22T18:10:00Z,1782151890000,2026-06-22T18:11:30Z,90,Up,1,calendar_ridge_logistic-l2-10,0.4847391414288864,0.724144385463261,0.2654937523754411,lgbm-depth2-leaves3,0.48435563178792446,0.724935865660207,0.2658891144688305,-0.0007914801969459706
0xfb7f054417a876074a844c7a449f6dc849fe0be7ec18d195f3a1d10e1cd8b7e9,1782151800000,2026-06-22T18:10:00Z,1782151920000,2026-06-22T18:12:00Z,120,Up,1,calendar_ridge_logistic-l2-10,0.4847241682520891,0.7241752750836293,0.2655091827835014,lgbm-depth2-leaves3,0.4580193649427572,0.7808438142273866,0.29374300877705223,-0.056668539143757246
0xfb7f054417a876074a844c7a449f6dc849fe0be7ec18d195f3a1d10e1cd8b7e9,1782151800000,2026-06-22T18:10:00Z,1782151950000,2026-06-22T18:12:30Z,150,Up,1,calendar_ridge_logistic-l2-10,0.4847092259165467,0.7242061020298299,0.2655245818555246,lgbm-depth2-leaves3,0.5734947256244636,0.5560065392737236,0.1819067490701516,0.16819956275610637
0xfb7f054417a876074a844c7a449f6dc849fe0be7ec18d195f3a1d10e1cd8b7e9,1782151800000,2026-06-22T18:10:00Z,1782151980000,2026-06-22T18:13:00Z,180,Up,1,calendar_ridge_logistic-l2-10,0.4846943148969533,0.7242368653166693,0.2655399490995203,lgbm-depth2-leaves3,0.5060508421228842,0.6811181362385745,0.24398577056751186,0.043118729078094775
0xfb7f054417a876074a844c7a449f6dc849fe0be7ec18d195f3a1d10e1cd8b7e9,1782151800000,2026-06-22T18:10:00Z,1782152010000,2026-06-22T18:13:30Z,210,Up,1,calendar_ridge_logistic-l2-10,0.48467943524675006,0.724267564827982,0.26555528445760845,lgbm-depth2-leaves3,0.4073540706134114,0.8980725193616765,0.3512291976184934,-0.1738049545336945
0xfb7f054417a876074a844c7a449f6dc849fe0be7ec18d195f3a1d10e1cd8b7e9,1782151800000,2026-06-22T18:10:00Z,1782152040000,2026-06-22T18:14:00Z,240,Up,1,calendar_ridge_logistic-l2-10,0.4846645870461787,0.724298200392304,0.26557058784428544,lgbm-depth2-leaves3,0.4773592241955038,0.7394859809675871,0.27315338053352567,-0.015187780575283139
0x46f8865dc973827d60afb83c4c58966a0439b99441cbf338fa397f6b033648c6,1782152100000,2026-06-22T18:15:00Z,1782152130000,2026-06-22T18:15:30Z,30,Down,0,calendar_ridge_logistic-l2-10,0.48462014980376455,0.6628510769952612,0.2348566895958232,lgbm-depth2-leaves3,0.6522840221256949,1.0563692879775237,0.42547444552047403,-0.3935182109822625
0x46f8865dc973827d60afb83c4c58966a0439b99441cbf338fa397f6b033648c6,1782152100000,2026-06-22T18:15:00Z,1782152160000,2026-06-22T18:16:00Z,60,Down,0,calendar_ridge_logistic-l2-10,0.4846054274688965,0.6628225114147726,0.23484242033231192,lgbm-depth2-leaves3,0.6883420212510531,1.1658489144219217,0.4738147382199853,-0.5030264030071492
0x46f8865dc973827d60afb83c4c58966a0439b99441cbf338fa397f6b033648c6,1782152100000,2026-06-22T18:15:00Z,1782152190000,2026-06-22T18:16:30Z,90,Down,0,calendar_ridge_logistic-l2-10,0.4845907372989089,0.662794009056736,0.23482818267590014,lgbm-depth2-leaves3,0.5895465918335243,0.8904928567347593,0.3475651839425241,-0.2276988476780233
0x46f8865dc973827d60afb83c4c58966a0439b99441cbf338fa397f6b033648c6,1782152100000,2026-06-22T18:15:00Z,1782152220000,2026-06-22T18:17:00Z,120,Down,0,calendar_ridge_logistic-l2-10,0.4845760782978501,0.662765567983473,0.23481397565852416,lgbm-depth2-leaves3,0.4963241807076619,0.6858224335525335,0.2463376923551318,-0.023056865569060503
0x46f8865dc973827d60afb83c4c58966a0439b99441cbf338fa397f6b033648c6,1782152100000,2026-06-22T18:15:00Z,1782152250000,2026-06-22T18:17:30Z,150,Down,0,calendar_ridge_logistic-l2-10,0.4845614516221396,0.6627371904333419,0.23479980039815512,lgbm-depth2-leaves3,0.4658507400055545,0.627079965980238,0.21701691196372272,0.03565722445310393
0x46f8865dc973827d60afb83c4c58966a0439b99441cbf338fa397f6b033648c6,1782152100000,2026-06-22T18:15:00Z,1782152280000,2026-06-22T18:18:00Z,180,Down,0,calendar_ridge_logistic-l2-10,0.4845468566434861,0.6627088751820474,0.2347856562830831,lgbm-depth2-leaves3,0.238648400675134,0.2726600050541843,0.05695305914479929,0.39004887012786305
0x46f8865dc973827d60afb83c4c58966a0439b99441cbf338fa397f6b033648c6,1782152100000,2026-06-22T18:15:00Z,1782152310000,2026-06-22T18:18:30Z,210,Down,0,calendar_ridge_logistic-l2-10,0.484532293468916,0.6626806224319499,0.23477154341424775,lgbm-depth2-leaves3,0.2742974445726133,0.32061505137671814,0.07523908809906586,0.3420655710552318
0x46f8865dc973827d60afb83c4c58966a0439b99441cbf338fa397f6b033648c6,1782152100000,2026-06-22T18:15:00Z,1782152340000,2026-06-22T18:19:00Z,240,Down,0,calendar_ridge_logistic-l2-10,0.4845177624659415,0.6626524328907232,0.23475746214500254,lgbm-depth2-leaves3,0.37927152356572763,0.47686152867986153,0.1438468885878683,0.18579090421086164
0x6902839d9e6c56a9a706e1e5fdb672970ed60fc5d388067c84da9ea5b76e0aea,1782152400000,2026-06-22T18:20:00Z,1782152430000,2026-06-22T18:20:30Z,30,Up,1,calendar_ridge_logistic-l2-10,0.48447428154398126,0.7246909315288032,0.26576676638959423,lgbm-depth2-leaves3,0.34027889918544074,1.0779897059054275,0.43523193085997386,-0.3532987743766244
0x6902839d9e6c56a9a706e1e5fdb672970ed60fc5d388067c84da9ea5b76e0aea,1782152400000,2026-06-22T18:20:00Z,1782152460000,2026-06-22T18:21:00Z,60,Up,1,calendar_ridge_logistic-l2-10,0.4844598797157659,0.7247206586842535,0.2657816156226826,lgbm-depth2-leaves3,0.5005635295315894,0.6920207561510152,0.24943678803394354,0.03269990253323829
0x6902839d9e6c56a9a706e1e5fdb672970ed60fc5d388067c84da9ea5b76e0aea,1782152400000,2026-06-22T18:20:00Z,1782152490000,2026-06-22T18:21:30Z,90,Up,1,calendar_ridge_logistic-l2-10,0.4844455100658537,0.7247503203004748,0.2657964320912578,lgbm-depth2-leaves3,0.5711258225605811,0.560145738853591,0.18393306007433818,0.16460458144688384
0x6902839d9e6c56a9a706e1e5fdb672970ed60fc5d388067c84da9ea5b76e0aea,1782152400000,2026-06-22T18:20:00Z,1782152520000,2026-06-22T18:22:00Z,120,Up,1,calendar_ridge_logistic-l2-10,0.4844311727012637,0.724779916150692,0.2658112156821942,lgbm-depth2-leaves3,0.6331435069499333,0.45705817329101683,0.13458368649299365,0.2677217428596752
0x6902839d9e6c56a9a706e1e5fdb672970ed60fc5d388067c84da9ea5b76e0aea,1782152400000,2026-06-22T18:20:00Z,1782152550000,2026-06-22T18:22:30Z,150,Up,1,calendar_ridge_logistic-l2-10,0.48441686804308876,0.7248094453597618,0.26582596595849783,lgbm-depth2-leaves3,0.37681811808578314,0.9759926533441508,0.3883556579461449,-0.251183207984389
0x6902839d9e6c56a9a706e1e5fdb672970ed60fc5d388067c84da9ea5b76e0aea,1782152400000,2026-06-22T18:20:00Z,1782152580000,2026-06-22T18:23:00Z,180,Up,1,calendar_ridge_logistic-l2-10,0.4844025958306972,0.724838908459802,0.26584068318612336,lgbm-depth2-leaves3,0.582681002944697,0.5401154071412921,0.17415514530324397,0.1847235013185099
0x6902839d9e6c56a9a706e1e5fdb672970ed60fc5d388067c84da9ea5b76e0aea,1782152400000,2026-06-22T18:20:00Z,1782152610000,2026-06-22T18:23:30Z,210,Up,1,calendar_ridge_logistic-l2-10,0.4843883564851723,0.7248683045756347,0.2658553669280618,lgbm-depth2-leaves3,0.4963241807076619,0.7005259756178064,0.253689330939808,0.024342328957828285
0x6902839d9e6c56a9a706e1e5fdb672970ed60fc5d388067c84da9ea5b76e0aea,1782152400000,2026-06-22T18:20:00Z,1782152640000,2026-06-22T18:24:00Z,240,Up,1,calendar_ridge_logistic-l2-10,0.48437414969230524,0.724897634350017,0.2658700175055332,lgbm-depth2-leaves3,0.6225546553656077,0.47392385471334103,0.14246498818617515,0.25097377963667594
0x04e35e5ec0291b6869d0684a70250bf4212b9201b4d3f1c70726a10badf34366,1782152700000,2026-06-22T18:25:00Z,1782152730000,2026-06-22T18:25:30Z,30,Down,0,calendar_ridge_logistic-l2-10,0.484331645947928,0.6622914448419294,0.23457714326662907,lgbm-depth2-leaves3,0.3969653499205893,0.5057806210876162,0.1575814890375759,0.15651082375431313
0x04e35e5ec0291b6869d0684a70250bf4212b9201b4d3f1c70726a10badf34366,1782152700000,2026-06-22T18:25:00Z,1782152760000,2026-06-22T18:26:00Z,60,Down,0,calendar_ridge_logistic-l2-10,0.4843175705893294,0.6622641498442909,0.23456350918155006,lgbm-depth2-leaves3,0.24637386847723708,0.28285888073363763,0.060700083068438916,0.3794052691106533
0x04e35e5ec0291b6869d0684a70250bf4212b9201b4d3f1c70726a10badf34366,1782152700000,2026-06-22T18:25:00Z,1782152790000,2026-06-22T18:26:30Z,90,Down,0,calendar_ridge_logistic-l2-10,0.48430352889302175,0.6622369208670422,0.23454990809823395,lgbm-depth2-leaves3,0.24901934566784664,0.28637538742708607,0.062010634516842494,0.37586153343995615
0x04e35e5ec0291b6869d0684a70250bf4212b9201b4d3f1c70726a10badf34366,1782152700000,2026-06-22T18:25:00Z,1782152820000,2026-06-22T18:27:00Z,120,Down,0,calendar_ridge_logistic-l2-10,0.4842895198630817,0.662209755973643,0.23453633904921423,lgbm-depth2-leaves3,0.24953598580819006,0.2870635781697282,0.06226820821326523,0.37514617780391474
0x04e35e5ec0291b6869d0684a70250bf4212b9201b4d3f1c70726a10badf34366,1782152700000,2026-06-22T18:25:00Z,1782152850000,2026-06-22T18:27:30Z,150,Down,0,calendar_ridge_logistic-l2-10,0.48427554423465136,0.662182656584346,0.23452280274376777,lgbm-depth2-leaves3,0.32784205588281257,0.397261930186923,0.1074804136054692,0.26492072639742303
0x04e35e5ec0291b6869d0684a70250bf4212b9201b4d3f1c70726a10badf34366,1782152700000,2026-06-22T18:25:00Z,1782152880000,2026-06-22T18:28:00Z,180,Down,0,calendar_ridge_logistic-l2-10,0.4842616018542723,0.6621556223962956,0.23450929903046575,lgbm-depth2-leaves3,0.6827783069646047,1.1481544024192845,0.46618621646145203,-0.4859987800229889
0x04e35e5ec0291b6869d0684a70250bf4212b9201b4d3f1c70726a10badf34366,1782152700000,2026-06-22T18:25:00Z,1782152910000,2026-06-22T18:28:30Z,210,Down,0,calendar_ridge_logistic-l2-10,0.48424769266820356,0.662128653300024,0.23449582785447892,lgbm-depth2-leaves3,0.4836661975863019,0.6610018187501921,0.23393299068759166,0.0011268345498318677
0x04e35e5ec0291b6869d0684a70250bf4212b9201b4d3f1c70726a10badf34366,1782152700000,2026-06-22T18:25:00Z,1782152940000,2026-06-22T18:29:00Z,240,Down,0,calendar_ridge_logistic-l2-10,0.48423381720469466,0.6621017503144886,0.23448238972462965,lgbm-depth2-leaves3,0.24637386847723708,0.28285888073363763,0.060700083068438916,0.37924286958085096
0x31fc74c641731e13d81b13bc391514b439c045acb61e9032f5b9812a05b011de,1782153000000,2026-06-22T18:30:00Z,1782153030000,2026-06-22T18:30:30Z,30,Down,0,calendar_ridge_logistic-l2-10,0.48419231020330566,0.6620212771607684,0.23444219326001417,lgbm-depth2-leaves3,0.37665409111137693,0.47265368331749014,0.14186830435093745,0.18936759384327828
0x31fc74c641731e13d81b13bc391514b439c045acb61e9032f5b9812a05b011de,1782153000000,2026-06-22T18:30:00Z,1782153060000,2026-06-22T18:31:00Z,60,Down,0,calendar_ridge_logistic-l2-10,0.48417856869390347,0.6619946367545955,0.234428886382477,lgbm-depth2-leaves3,0.5796063007050324,0.8665636274965828,0.33594346381697243,-0.2045689907419873
0x31fc74c641731e13d81b13bc391514b439c045acb61e9032f5b9812a05b011de,1782153000000,2026-06-22T18:30:00Z,1782153090000,2026-06-22T18:31:30Z,90,Down,0,calendar_ridge_logistic-l2-10,0.484164860860156,0.6619680623418674,0.2344156124917342,lgbm-depth2-leaves3,0.6052273891636873,0.9294453486107283,0.36630019259389346,-0.2674772862688608
0x31fc74c641731e13d81b13bc391514b439c045acb61e9032f5b9812a05b011de,1782153000000,2026-06-22T18:30:00Z,1782153120000,2026-06-22T18:32:00Z,120,Down,0,calendar_ridge_logistic-l2-10,0.484151187176711,0.6619415548374719,0.23440237204461867,lgbm-depth2-leaves3,0.3726810786882187,0.46630022123568954,0.13889118641221426,0.19564133360178232
0x31fc74c641731e13d81b13bc391514b439c045acb61e9032f5b9812a05b011de,1782153000000,2026-06-22T18:30:00Z,1782153150000,2026-06-22T18:32:30Z,150,Down,0,calendar_ridge_logistic-l2-10,0.48413754701531087,0.6619151130182285,0.23438916443000235,lgbm-depth2-leaves3,0.40206583586895916,0.5142746245185845,0.16165693637300482,0.14764048849964395
0x31fc74c641731e13d81b13bc391514b439c045acb61e9032f5b9812a05b011de,1782153000000,2026-06-22T18:30:00Z,1782153180000,2026-06-22T18:33:00Z,180,Down,0,calendar_ridge_logistic-l2-10,0.4841239410039038,0.6618887380961919,0.23437599025315134,lgbm-depth2-leaves3,0.4767159086090071,0.647630766618359,0.2272580575209112,0.01425797147783281
0x31fc74c641731e13d81b13bc391514b439c045acb61e9032f5b9812a05b011de,1782153000000,2026-06-22T18:30:00Z,1782153210000,2026-06-22T18:33:30Z,210,Down,0,calendar_ridge_logistic-l2-10,0.4841103689890318,0.6618624297686243,0.23436284936269652,lgbm-depth2-leaves3,0.5660556946802169,0.8348390818728316,0.3204190494799029,-0.17297665210420732
0x31fc74c641731e13d81b13bc391514b439c045acb61e9032f5b9812a05b011de,1782153000000,2026-06-22T18:30:00Z,1782153240000,2026-06-22T18:34:00Z,240,Down,0,calendar_ridge_logistic-l2-10,0.48409683071007775,0.6618361875251217,0.23434974150354168,lgbm-depth2-leaves3,0.485525339221741,0.6646089751088923,0.2357348550263867,-0.0027727875837705307
0x36706222f87fe769a15248005137baedca60fcd87deed91ee2dd4d135b5419ef,1782153300000,2026-06-22T18:35:00Z,1782153330000,2026-06-22T18:35:30Z,30,Down,0,calendar_ridge_logistic-l2-10,0.484056340597982,0.6617577066673227,0.2343105408731096,lgbm-depth2-leaves3,0.4113654039440961,0.5299496680566687,0.16922149556208935,0.13180803861065404
0x36706222f87fe769a15248005137baedca60fcd87deed91ee2dd4d135b5419ef,1782153300000,2026-06-22T18:35:00Z,1782153360000,2026-06-22T18:36:00Z,60,Down,0,calendar_ridge_logistic-l2-10,0.4840429392676451,0.6617317325981584,0.23429756705486113,lgbm-depth2-leaves3,0.4994877321413966,0.6921231693212556,0.24948799455975554,-0.030391436723097187
0x36706222f87fe769a15248005137baedca60fcd87deed91ee2dd4d135b5419ef,1782153300000,2026-06-22T18:35:00Z,1782153390000,2026-06-22T18:36:30Z,90,Down,0,calendar_ridge_logistic-l2-10,0.48402957272921426,0.6617058266336658,0.2342846272764257,lgbm-depth2-leaves3,0.3969653499205893,0.5057806210876162,0.1575814890375759,0.1559252055460496
0x36706222f87fe769a15248005137baedca60fcd87deed91ee2dd4d135b5419ef,1782153300000,2026-06-22T18:35:00Z,1782153420000,2026-06-22T18:37:00Z,120,Down,0,calendar_ridge_logistic-l2-10,0.4840162402472628,0.661679987343279,0.23427172082309602,lgbm-depth2-leaves3,0.48916607346112545,0.6717107385899029,0.2392834474253752,-0.010030751246623892
0x36706222f87fe769a15248005137baedca60fcd87deed91ee2dd4d135b5419ef,1782153300000,2026-06-22T18:35:00Z,1782153450000,2026-06-22T18:37:30Z,150,Down,0,calendar_ridge_logistic-l2-10,0.4840029424036052,0.6616542158494009,0.23425884825534757,lgbm-depth2-leaves3,0.680216592121681,1.14011136273525,0.46269461219763325,-0.47845714688584906
0x36706222f87fe769a15248005137baedca60fcd87deed91ee2dd4d135b5419ef,1782153300000,2026-06-22T18:35:00Z,1782153480000,2026-06-22T18:38:00Z,180,Down,0,calendar_ridge_logistic-l2-10,0.4839896788304518,0.6616285114340507,0.2342460092144039,lgbm-depth2-leaves3,0.5690836567263875,0.8418413068512135,0.3238562083530768,-0.18021279541716284
0x36706222f87fe769a15248005137baedca60fcd87deed91ee2dd4d135b5419ef,1782153300000,2026-06-22T18:35:00Z,1782153510000,2026-06-22T18:38:30Z,210,Down,0,calendar_ridge_logistic-l2-10,0.4839764502629022,0.6616028755166197,0.23423320440907944,lgbm-depth2-leaves3,0.41669071404058233,0.539037725651992,0.17363115116765035,0.12256514986462763
0x36706222f87fe769a15248005137baedca60fcd87deed91ee2dd4d135b5419ef,1782153300000,2026-06-22T18:35:00Z,1782153540000,2026-06-22T18:39:00Z,240,Down,0,calendar_ridge_logistic-l2-10,0.4839632561798787,0.6615773070820881,0.2342204333322309,lgbm-depth2-leaves3,0.23280104704086346,0.2650091201699184,0.054196327503322324,0.39656818691216966
0xfffb87800fd1bb543c5f18384f6d4c040f90b1ad1c20d779d06b8b44b42b5375,1782153600000,2026-06-22T18:40:00Z,1782153630000,2026-06-22T18:40:30Z,30,Down,0,calendar_ridge_logistic-l2-10,0.483923801938471,0.6615008537409354,0.2341822460825845,lgbm-depth2-leaves3,0.3808084613325081,0.47934062174266695,0.14501508422243234,0.18216023199826842
0xfffb87800fd1bb543c5f18384f6d4c040f90b1ad1c20d779d06b8b44b42b5375,1782153600000,2026-06-22T18:40:00Z,1782153660000,2026-06-22T18:41:00Z,60,Down,0,calendar_ridge_logistic-l2-10,0.483910747430812,0.661475558362851,0.23416961147904716,lgbm-depth2-leaves3,0.3877539059774873,0.49062096288027546,0.15035309160079807,0.17085459548257553
0xfffb87800fd1bb543c5f18384f6d4c040f90b1ad1c20d779d06b8b44b42b5375,1782153600000,2026-06-22T18:40:00Z,1782153690000,2026-06-22T18:41:30Z,90,Down,0,calendar_ridge_logistic-l2-10,0.48389772762122185,0.6614503308555983,0.2341570107969822,lgbm-depth2-leaves3,0.38768973555170333,0.49051615688192535,0.15030333105214966,0.170934173973673
0xfffb87800fd1bb543c5f18384f6d4c040f90b1ad1c20d779d06b8b44b42b5375,1782153600000,2026-06-22T18:40:00Z,1782153720000,2026-06-22T18:42:00Z,120,Down,0,calendar_ridge_logistic-l2-10,0.48388474309149515,0.6614251723413143,0.23414444459672226,lgbm-depth2-leaves3,0.4658190383435359,0.6270206179221461,0.21698737648329655,0.03440455441916812
0xfffb87800fd1bb543c5f18384f6d4c040f90b1ad1c20d779d06b8b44b42b5375,1782153600000,2026-06-22T18:40:00Z,1782153750000,2026-06-22T18:42:30Z,150,Down,0,calendar_ridge_logistic-l2-10,0.4838717938414771,0.6614000828145078,0.2341319128753689,lgbm-depth2-leaves3,0.4022221599931807,0.5145360990619047,0.16178266598957983,0.14686398375260312
0xfffb87800fd1bb543c5f18384f6d4c040f90b1ad1c20d779d06b8b44b42b5375,1782153600000,2026-06-22T18:40:00Z,1782153780000,2026-06-22T18:43:00Z,180,Down,0,calendar_ridge_logistic-l2-10,0.48385887924292303,0.6613750610528066,0.2341194150222176,lgbm-depth2-leaves3,0.5383661621397466,0.772983260885167,0.28983812453707997,-0.11160819983236037
0xfffb87800fd1bb543c5f18384f6d4c040f90b1ad1c20d779d06b8b44b42b5375,1782153600000,2026-06-22T18:40:00Z,1782153810000,2026-06-22T18:43:30Z,210,Down,0,calendar_ridge_logistic-l2-10,0.4838460003985444,0.66135010918754,0.23410695210166824,lgbm-depth2-leaves3,0.3877539059774873,0.49062096288027546,0.15035309160079807,0.17072914630726455
0xfffb87800fd1bb543c5f18384f6d4c040f90b1ad1c20d779d06b8b44b42b5375,1782153600000,2026-06-22T18:40:00Z,1782153840000,2026-06-22T18:44:00Z,240,Down,0,calendar_ridge_logistic-l2-10,0.48383315678727046,0.6613252262039908,0.23409452360673544,lgbm-depth2-leaves3,0.4898458018039608,0.6730422495581372,0.23994890954496526,-0.011717023354146372
0xdc247ac6c81ff57ea0c382e9e167d430cc06ecb6c1d3d1b14e9b8ce7a8070d11,1782153900000,2026-06-22T18:45:00Z,1782153930000,2026-06-22T18:45:30Z,30,Down,0,calendar_ridge_logistic-l2-10,0.4837947568762281,0.661250834593508,0.23405736678092864,lgbm-depth2-leaves3,0.25175109830845777,0.29001960008663424,0.06337861549951476,0.37123123450687373
0xdc247ac6c81ff57ea0c382e9e167d430cc06ecb6c1d3d1b14e9b8ce7a8070d11,1782153900000,2026-06-22T18:45:00Z,1782153960000,2026-06-22T18:46:00Z,60,Down,0,calendar_ridge_logistic-l2-10,0.4837820552526358,0.6612262291337659,0.23404507698446436,lgbm-depth2-leaves3,0.44680848212561974,0.592051012146429,0.19963781969940025,0.06917521698733697
0xdc247ac6c81ff57ea0c382e9e167d430cc06ecb6c1d3d1b14e9b8ce7a8070d11,1782153900000,2026-06-22T18:45:00Z,1782153990000,2026-06-22T18:46:30Z,90,Down,0,calendar_ridge_logistic-l2-10,0.4837693889223891,0.6612016926468371,0.23403282165834174,lgbm-depth2-leaves3,0.23329208403871804,0.2656493637525991,0.05442519647512828,0.395552328894238
0xdc247ac6c81ff57ea0c382e9e167d430cc06ecb6c1d3d1b14e9b8ce7a8070d11,1782153900000,2026-06-22T18:45:00Z,1782154020000,2026-06-22T18:47:00Z,120,Down,0,calendar_ridge_logistic-l2-10,0.4837567584062338,0.6611772261363812,0.23402060130370725,lgbm-depth2-leaves3,0.30732654599454395,0.3671965971861623,0.09444960587293653,0.29398062895021887
0xdc247ac6c81ff57ea0c382e9e167d430cc06ecb6c1d3d1b14e9b8ce7a8070d11,1782153900000,2026-06-22T18:45:00Z,1782154050000,2026-06-22T18:47:30Z,150,Down,0,calendar_ridge_logistic-l2-10,0.4837441632902697,0.661152828795542,0.23400841551740312,lgbm-depth2-leaves3,0.5895228845381998,0.8904350996051393,0.34753723139423964,-0.2292822708095973
0xdc247ac6c81ff57ea0c382e9e167d430cc06ecb6c1d3d1b14e9b8ce7a8070d11,1782153900000,2026-06-22T18:45:00Z,1782154080000,2026-06-22T18:48:00Z,180,Down,0,calendar_ridge_logistic-l2-10,0.48373160430957224,0.661128502043096,0.23399626500791257,lgbm-depth2-leaves3,0.7733204648146437,1.4842179982150412,0.5980245413011366,-0.8230894961719452
0xdc247ac6c81ff57ea0c382e9e167d430cc06ecb6c1d3d1b14e9b8ce7a8070d11,1782153900000,2026-06-22T18:45:00Z,1782154110000,2026-06-22T18:48:30Z,210,Down,0,calendar_ridge_logistic-l2-10,0.4837190809891966,0.6611042449539711,0.23398414931303294,lgbm-depth2-leaves3,0.7260193280862889,1.2946977155430706,0.5271040647548664,-0.6335934705890994
0xdc247ac6c81ff57ea0c382e9e167d430cc06ecb6c1d3d1b14e9b8ce7a8070d11,1782153900000,2026-06-22T18:45:00Z,1782154140000,2026-06-22T18:49:00Z,240,Down,0,calendar_ridge_logistic-l2-10,0.4837065940180959,0.6610800588575342,0.23397206909658705,lgbm-depth2-leaves3,0.5877899960449847,0.8862223411574598,0.3454970794505631,-0.2251422822999256
0xa6b3cfae11e9348c0a98be20a99ef2820bc686c210e82365335512a6b38ad285,1782154200000,2026-06-22T18:50:00Z,1782154230000,2026-06-22T18:50:30Z,30,Down,0,calendar_ridge_logistic-l2-10,0.4836692670497321,0.6610077634947342,0.23393595988842508,lgbm-depth2-leaves3,0.51061149052305,0.7145986070457847,0.26072409425417076,-0.05359084355105048
0xa6b3cfae11e9348c0a98be20a99ef2820bc686c210e82365335512a6b38ad285,1782154200000,2026-06-22T18:50:00Z,1782154260000,2026-06-22T18:51:00Z,60,Down,0,calendar_ridge_logistic-l2-10,0.4836569239576501,0.6609838583816673,0.2339240200921761,lgbm-depth2-leaves3,0.3000330223479373,0.356722119834265,0.09001981449923782,0.3042617385474023
0xa6b3cfae11e9348c0a98be20a99ef2820bc686c210e82365335512a6b38ad285,1782154200000,2026-06-22T18:50:00Z,1782154290000,2026-06-22T18:51:30Z,90,Down,0,calendar_ridge_logistic-l2-10,0.4836446170607503,0.6609600239374628,0.2339121156118398,lgbm-depth2-leaves3,0.24201484572205598,0.27709147891685965,0.05857118554987056,0.38386854502060314
0xa6b3cfae11e9348c0a98be20a99ef2820bc686c210e82365335512a6b38ad285,1782154200000,2026-06-22T18:50:00Z,1782154320000,2026-06-22T18:52:00Z,120,Down,0,calendar_ridge_logistic-l2-10,0.48363234657319154,0.6609362605718221,0.23390024665189166,lgbm-depth2-leaves3,0.397593322614078,0.5068225179199026,0.1580804501873023,0.15411374265191946
0xa6b3cfae11e9348c0a98be20a99ef2820bc686c210e82365335512a6b38ad285,1782154200000,2026-06-22T18:50:00Z,1782154350000,2026-06-22T18:52:30Z,150,Down,0,calendar_ridge_logistic-l2-10,0.4836201124948188,0.6609125682793916,0.23388841320950118,lgbm-depth2-leaves3,0.41537365977574797,0.536782370487567,0.17253527723549883,0.12413019779182455
0xa6b3cfae11e9348c0a98be20a99ef2820bc686c210e82365335512a6b38ad285,1782154200000,2026-06-22T18:50:00Z,1782154380000,2026-06-22T18:53:00Z,180,Down,0,calendar_ridge_logistic-l2-10,0.48360791445785656,0.660888946342931,0.2338766149262775,lgbm-depth2-leaves3,0.2545635910406598,0.2937854482689164,0.06480262188351628,0.36710349807401466
0xa6b3cfae11e9348c0a98be20a99ef2820bc686c210e82365335512a6b38ad285,1782154200000,2026-06-22T18:50:00Z,1782154410000,2026-06-22T18:53:30Z,210,Down,0,calendar_ridge_logistic-l2-10,0.4835957530440789,0.6608653958840545,0.23386485236226978,lgbm-depth2-leaves3,0.49886284311437495,0.6908754491256385,0.2488641362401575,-0.03001005324158401
0xa6b3cfae11e9348c0a98be20a99ef2820bc686c210e82365335512a6b38ad285,1782154200000,2026-06-22T18:50:00Z,1782154440000,2026-06-22T18:54:00Z,240,Down,0,calendar_ridge_logistic-l2-10,0.4835836281461681,0.6608419166899127,0.23385312541101141,lgbm-depth2-leaves3,0.5546769580498461,0.8089553232140487,0.3076665277914307,-0.14811340652413607
0x387bebb9d44df9f851b7b9fcde0d6c7a441a32fe8ce786f7f74bed5d7d925b23,1782154500000,2026-06-22T18:55:00Z,1782154530000,2026-06-22T18:55:30Z,30,Down,0,calendar_ridge_logistic-l2-10,0.4835473917827203,0.6607717502619109,0.23381808009987162,lgbm-depth2-leaves3,0.2531927996771113,0.2919482257931746,0.0641065938083338,0.36882352446873634
0x387bebb9d44df9f851b7b9fcde0d6c7a441a32fe8ce786f7f74bed5d7d925b23,1782154500000,2026-06-22T18:55:00Z,1782154560000,2026-06-22T18:56:00Z,60,Down,0,calendar_ridge_logistic-l2-10,0.4835354132831833,0.6607485567288837,0.23380649589893887,lgbm-depth2-leaves3,0.22807999412254282,0.2588743536559332,0.052020483718939164,0.40187420307295046
0x387bebb9d44df9f851b7b9fcde0d6c7a441a32fe8ce786f7f74bed5d7d925b23,1782154500000,2026-06-22T18:55:00Z,1782154590000,2026-06-22T18:56:30Z,90,Down,0,calendar_ridge_logistic-l2-10,0.4835234718345162,0.6607254354715427,0.2337949478149042,lgbm-depth2-leaves3,0.42642706732636965,0.5558701793149675,0.1818400437485682,0.1048552561565752
0x387bebb9d44df9f851b7b9fcde0d6c7a441a32fe8ce786f7f74bed5d7d925b23,1782154500000,2026-06-22T18:55:00Z,1782154620000,2026-06-22T18:57:00Z,120,Down,0,calendar_ridge_logistic-l2-10,0.4835115670689451,0.6607023857728211,0.233783435489467,lgbm-depth2-leaves3,0.7677375917901017,1.4598874766231773,0.5894210098476649,-0.7991850908503562
0x387bebb9d44df9f851b7b9fcde0d6c7a441a32fe8ce786f7f74bed5d7d925b23,1782154500000,2026-06-22T18:55:00Z,1782154650000,2026-06-22T18:57:30Z,150,Down,0,calendar_ridge_logistic-l2-10,0.48349969909347584,0.6606794078349578,0.2337719590234817,lgbm-depth2-leaves3,0.7536149625598828,1.400859773841439,0.5679355117941336,-0.7401803660064812
0x387bebb9d44df9f851b7b9fcde0d6c7a441a32fe8ce786f7f74bed5d7d925b23,1782154500000,2026-06-22T18:55:00Z,1782154680000,2026-06-22T18:58:00Z,180,Down,0,calendar_ridge_logistic-l2-10,0.4834878681683926,0.660656502156945,0.233760518666017,lgbm-depth2-leaves3,0.40511569677957393,0.5193883407130743,0.16411872777719969,0.14126816144387078
0x387bebb9d44df9f851b7b9fcde0d6c7a441a32fe8ce786f7f74bed5d7d925b23,1782154500000,2026-06-22T18:55:00Z,1782154710000,2026-06-22T18:58:30Z,210,Down,0,calendar_ridge_logistic-l2-10,0.48347607435456685,0.6606336688516777,0.23374911447330265,lgbm-depth2-leaves3,0.4800470302045223,0.6540169141978561,0.23044515120818151,0.00661675465382161
0x387bebb9d44df9f851b7b9fcde0d6c7a441a32fe8ce786f7f74bed5d7d925b23,1782154500000,2026-06-22T18:55:00Z,1782154740000,2026-06-22T18:59:00Z,240,Down,0,calendar_ridge_logistic-l2-10,0.4834643172232035,0.660610907084074,0.23373774602809833,lgbm-depth2-leaves3,0.6595805961045672,1.0775768806894646,0.43504656275765624,-0.41696597360539056
0xa6dbd80cced7dbf41b34346b6167d3d9ea4a2321395260f3d58706c5c340a2d2,1782154800000,2026-06-22T19:00:00Z,1782154830000,2026-06-22T19:00:30Z,30,Up,1,calendar_ridge_logistic-l2-10,0.4834291889732633,0.7268504298851892,0.26684540280482044,lgbm-depth2-leaves3,0.47033293907992296,0.7543144540403292,0.28054719542371265,-0.027464024155139932
0xa6dbd80cced7dbf41b34346b6167d3d9ea4a2321395260f3d58706c5c340a2d2,1782154800000,2026-06-22T19:00:00Z,1782154860000,2026-06-22T19:01:00Z,60,Up,1,calendar_ridge_logistic-l2-10,0.48341758086674347,0.7268744421834821,0.2668573957575675,lgbm-depth2-leaves3,0.4292281824652757,0.8457666076010673,0.32578046769189256,-0.11889216541758518
0xa6dbd80cced7dbf41b34346b6167d3d9ea4a2321395260f3d58706c5c340a2d2,1782154800000,2026-06-22T19:00:00Z,1782154890000,2026-06-22T19:01:30Z,90,Up,1,calendar_ridge_logistic-l2-10,0.48340601008484435,0.7268983778466329,0.26686935041646,lgbm-depth2-leaves3,0.5169974809133584,0.6597172769935895,0.23329143344404157,0.06718110085304341
0xa6dbd80cced7dbf41b34346b6167d3d9ea4a2321395260f3d58706c5c340a2d2,1782154800000,2026-06-22T19:00:00Z,1782154920000,2026-06-22T19:02:00Z,120,Up,1,calendar_ridge_logistic-l2-10,0.4833944768417179,0.7269222364261081,0.2668812665576424,lgbm-depth2-leaves3,0.583864117159187,0.5380869993244753,0.17316907298770287,0.18883523710163275
0xa6dbd80cced7dbf41b34346b6167d3d9ea4a2321395260f3d58706c5c340a2d2,1782154800000,2026-06-22T19:00:00Z,1782154950000,2026-06-22T19:02:30Z,150,Up,1,calendar_ridge_logistic-l2-10,0.48338298092289245,0.7269460183600654,0.2668931444001165,lgbm-depth2-leaves3,0.751437992495389,0.2857665848428969,0.06178307157472229,0.44117943351716854
0xa6dbd80cced7dbf41b34346b6167d3d9ea4a2321395260f3d58706c5c340a2d2,1782154800000,2026-06-22T19:00:00Z,1782154980000,2026-06-22T19:03:00Z,180,Up,1,calendar_ridge_logistic-l2-10,0.48337152275683976,0.7269697227565997,0.2669049834985865,lgbm-depth2-leaves3,0.6820040648412596,0.3827196609786367,0.10112141477748181,0.34425006177796297
0xa6dbd80cced7dbf41b34346b6167d3d9ea4a2321395260f3d58706c5c340a2d2,1782154800000,2026-06-22T19:00:00Z,1782155010000,2026-06-22T19:03:30Z,210,Up,1,calendar_ridge_logistic-l2-10,0.4833601017614807,0.7269933508144182,0.2669167844519076,lgbm-depth2-leaves3,0.5537863328638666,0.5909763473799463,0.19910663673907608,0.13601700343447187
0xa6dbd80cced7dbf41b34346b6167d3d9ea4a2321395260f3d58706c5c340a2d2,1782154800000,2026-06-22T19:00:00Z,1782155040000,2026-06-22T19:04:00Z,240,Up,1,calendar_ridge_logistic-l2-10,0.4833487186718613,0.7270169010073602,0.26692854649800757,lgbm-depth2-leaves3,0.27458130697588495,1.2925078616147452,0.5262322801888153,-0.565490960607385
0x3b6006459744331e37e253b58c730339b55b07e415909d0a224308ce89196925,1782155100000,2026-06-22T19:05:00Z,1782155130000,2026-06-22T19:05:30Z,30,Down,0,calendar_ridge_logistic-l2-10,0.48331471440521173,0.6603213217511843,0.2335931131605914,lgbm-depth2-leaves3,0.7835668891440536,1.5304737360620397,0.6139770697628896,-0.8701524143108554
0x3b6006459744331e37e253b58c730339b55b07e415909d0a224308ce89196925,1782155100000,2026-06-22T19:05:00Z,1782155160000,2026-06-22T19:06:00Z,60,Down,0,calendar_ridge_logistic-l2-10,0.4833034820173637,0.6602995826653796,0.23358225573010816,lgbm-depth2-leaves3,0.5889570197766225,0.8890574952007174,0.3468703711441609,-0.22875791253533784
0x3b6006459744331e37e253b58c730339b55b07e415909d0a224308ce89196925,1782155100000,2026-06-22T19:05:00Z,1782155190000,2026-06-22T19:06:30Z,90,Down,0,calendar_ridge_logistic-l2-10,0.48329228780980477,0.6602779179436135,0.23357143545643516,lgbm-depth2-leaves3,0.24332593116769152,0.2788226746248832,0.05920750877862415,0.38145524331873026
0x3b6006459744331e37e253b58c730339b55b07e415909d0a224308ce89196925,1782155100000,2026-06-22T19:05:00Z,1782155220000,2026-06-22T19:07:00Z,120,Down,0,calendar_ridge_logistic-l2-10,0.48328113141477247,0.6602563268693363,0.23356065198154258,lgbm-depth2-leaves3,0.3196178093971778,0.38510059369597033,0.10215554408385069,0.275155733173366
0x3b6006459744331e37e253b58c730339b55b07e415909d0a224308ce89196925,1782155100000,2026-06-22T19:05:00Z,1782155250000,2026-06-22T19:07:30Z,150,Down,0,calendar_ridge_logistic-l2-10,0.4832700131997097,0.6602348101488807,0.2335499056580476,lgbm-depth2-leaves3,0.4886671914745396,0.6707346120753442,0.23879562402361432,-0.010499801926463492
0x3b6006459744331e37e253b58c730339b55b07e415909d0a224308ce89196925,1782155100000,2026-06-22T19:05:00Z,1782155280000,2026-06-22T19:08:00Z,180,Down,0,calendar_ridge_logistic-l2-10,0.48325893316445456,0.6602133677771441,0.23353919648324675,lgbm-depth2-leaves3,0.4886671914745396,0.6707346120753442,0.23879562402361432,-0.010521244298200116
0x3b6006459744331e37e253b58c730339b55b07e415909d0a224308ce89196925,1782155100000,2026-06-22T19:05:00Z,1782155310000,2026-06-22T19:08:30Z,210,Down,0,calendar_ridge_logistic-l2-10,0.4832478905736567,0.6601919983263302,0.23352852374388888,lgbm-depth2-leaves3,0.33351041320577257,0.4057307632000127,0.11122919571668516,0.2544612351263175
0x3b6006459744331e37e253b58c730339b55b07e415909d0a224308ce89196925,1782155100000,2026-06-22T19:05:00Z,1782155340000,2026-06-22T19:09:00Z,240,Down,0,calendar_ridge_logistic-l2-10,0.48323688659098024,0.6601707040436071,0.2335178885621439,lgbm-depth2-leaves3,0.3251308277383553,0.39323642576654955,0.10571005514582806,0.26693427827705757
0x8e2c89093ae817102e352ee22d0b8e2f15a8972900ea464a0efe5e794affcca0,1782155400000,2026-06-22T19:10:00Z,1782155430000,2026-06-22T19:10:30Z,30,Up,1,calendar_ridge_logistic-l2-10,0.48320402254498357,0.7273163075928228,0.2670780823136858,lgbm-depth2-leaves3,0.42311746195481975,0.860105450647537,0.3327934627014489,-0.13278914305471412
0x8e2c89093ae817102e352ee22d0b8e2f15a8972900ea464a0efe5e794affcca0,1782155400000,2026-06-22T19:10:00Z,1782155460000,2026-06-22T19:11:00Z,60,Up,1,calendar_ridge_logistic-l2-10,0.4831931718905223,0.7273387634826458,0.2670892975805793,lgbm-depth2-leaves3,0.39399790790075134,0.931409679594871,0.3672385356286662,-0.20407091611222516
0x8e2c89093ae817102e352ee22d0b8e2f15a8972900ea464a0efe5e794affcca0,1782155400000,2026-06-22T19:10:00Z,1782155490000,2026-06-22T19:11:30Z,90,Up,1,calendar_ridge_logistic-l2-10,0.4831823592614843,0.7273611411788724,0.2671004737785254,lgbm-depth2-leaves3,0.7601563147569018,0.27423118953872583,0.05752499335099035,0.4531299516401466
0x8e2c89093ae817102e352ee22d0b8e2f15a8972900ea464a0efe5e794affcca0,1782155400000,2026-06-22T19:10:00Z,1782155520000,2026-06-22T19:12:00Z,120,Up,1,calendar_ridge_logistic-l2-10,0.48317158493304985,0.7273834401067126,0.2671116106206158,lgbm-depth2-leaves3,0.7404333588420416,0.30051964413561716,0.06737484120202432,0.42686379597109547
0x8e2c89093ae817102e352ee22d0b8e2f15a8972900ea464a0efe5e794affcca0,1782155400000,2026-06-22T19:10:00Z,1782155550000,2026-06-22T19:12:30Z,150,Up,1,calendar_ridge_logistic-l2-10,0.4831608494259372,0.7274056591831534,0.2671227075661188,lgbm-depth2-leaves3,0.6433675620395851,0.4410390819237858,0.12718669580558917,0.28636657725936754
0x8e2c89093ae817102e352ee22d0b8e2f15a8972900ea464a0efe5e794affcca0,1782155400000,2026-06-22T19:10:00Z,1782155580000,2026-06-22T19:13:00Z,180,Up,1,calendar_ridge_logistic-l2-10,0.48315015258670657,0.7274277987204427,0.2671337647711447,lgbm-depth2-leaves3,0.6291466071702596,0.46339096967862525,0.13753223897332975,0.26403682904181747
0x8e2c89093ae817102e352ee22d0b8e2f15a8972900ea464a0efe5e794affcca0,1782155400000,2026-06-22T19:10:00Z,1782155610000,2026-06-22T19:13:30Z,210,Up,1,calendar_ridge_logistic-l2-10,0.4831394940476086,0.7274498594744527,0.26714478261336205,lgbm-depth2-leaves3,0.6143285631592303,0.4872253748083499,0.1487424571948238,0.24022448466610286
0x8e2c89093ae817102e352ee22d0b8e2f15a8972900ea464a0efe5e794affcca0,1782155400000,2026-06-22T19:10:00Z,1782155640000,2026-06-22T19:14:00Z,240,Up,1,calendar_ridge_logistic-l2-10,0.4831288741760818,0.7274718406794191,0.26715576071048475,lgbm-depth2-leaves3,0.45385042352500554,0.7899875988271544,0.29827935988381576,-0.06251575814773536
0x46c56fec92f92bb4b73dd816a58c8cada090bc7ed5655d1a3487262453a9bd57,1782155700000,2026-06-22T19:15:00Z,1782155730000,2026-06-22T19:15:30Z,30,Down,0,calendar_ridge_logistic-l2-10,0.4830971666492259,0.6599003653659266,0.23338287242450995,lgbm-depth2-leaves3,0.5214755079477527,0.7370478843368707,0.27193670538936665,-0.07714751897094418
0x46c56fec92f92bb4b73dd816a58c8cada090bc7ed5655d1a3487262453a9bd57,1782155700000,2026-06-22T19:15:00Z,1782155760000,2026-06-22T19:16:00Z,60,Down,0,calendar_ridge_logistic-l2-10,0.48308670193616615,0.6598801205414512,0.23337276158756223,lgbm-depth2-leaves3,0.2822519645735894,0.3316366971126643,0.07966617150565078,0.3282434234287869
0x46c56fec92f92bb4b73dd816a58c8cada090bc7ed5655d1a3487262453a9bd57,1782155700000,2026-06-22T19:15:00Z,1782155790000,2026-06-22T19:16:30Z,90,Down,0,calendar_ridge_logistic-l2-10,0.48307627616523435,0.6598599514611971,0.23336268859366976,lgbm-depth2-leaves3,0.26008856891588394,0.30122478767123634,0.0676460636807125,0.3586351637899608
0x46c56fec92f92bb4b73dd816a58c8cada090bc7ed5655d1a3487262453a9bd57,1782155700000,2026-06-22T19:15:00Z,1782155820000,2026-06-22T19:17:00Z,120,Down,0,calendar_ridge_logistic-l2-10,0.4830658897038543,0.6598398588313644,0.2333526537953763,lgbm-depth2-leaves3,0.25999062193218897,0.30109241979961476,0.06759512349268643,0.35874743903174966
0x46c56fec92f92bb4b73dd816a58c8cada090bc7ed5655d1a3487262453a9bd57,1782155700000,2026-06-22T19:15:00Z,1782155850000,2026-06-22T19:17:30Z,150,Down,0,calendar_ridge_logistic-l2-10,0.4830555419699822,0.6598198415214221,0.23334265662791323,lgbm-depth2-leaves3,0.46586343321417734,0.6271037296740084,0.21702873840610026,0.03271611184741374
0x46c56fec92f92bb4b73dd816a58c8cada090bc7ed5655d1a3487262453a9bd57,1782155700000,2026-06-22T19:15:00Z,1782155880000,2026-06-22T19:18:00Z,180,Down,0,calendar_ridge_logistic-l2-10,0.48304523296346136,0.6597998995265522,0.23333269708872464,lgbm-depth2-leaves3,0.6190456214658635,0.9650756524052266,0.38321748145605716,-0.3052757528786745
0x46c56fec92f92bb4b73dd816a58c8cada090bc7ed5655d1a3487262453a9bd57,1782155700000,2026-06-22T19:15:00Z,1782155910000,2026-06-22T19:18:30Z,210,Down,0,calendar_ridge_logistic-l2-10,0.48303496369464005,0.6597800347966409,0.23332277615148223,lgbm-depth2-leaves3,0.7144640590004991,1.253387369895102,0.5104588916034687,-0.593607335098461
0x46c56fec92f92bb4b73dd816a58c8cada090bc7ed5655d1a3487262453a9bd57,1782155700000,2026-06-22T19:15:00Z,1782155940000,2026-06-22T19:19:00Z,240,Down,0,calendar_ridge_logistic-l2-10,0.48302473315286326,0.659760245372153,0.23331289283739476,lgbm-depth2-leaves3,0.5469196149372628,0.7916857187719568,0.2991210652031238,-0.13192547339980376
0x9f98587c0e6825f398e07b0390213c96b90b450c3bc30274bb176fce99caa8f8,1782156000000,2026-06-22T19:20:00Z,1782156030000,2026-06-22T19:20:30Z,30,Down,0,calendar_ridge_logistic-l2-10,0.48299419626958656,0.6597011787525513,0.23328339363010392,lgbm-depth2-leaves3,0.6823964223410348,1.1469512850033166,0.465664877223844,-0.48725010625076526
0x9f98587c0e6825f398e07b0390213c96b90b450c3bc30274bb176fce99caa8f8,1782156000000,2026-06-22T19:20:00Z,1782156060000,2026-06-22T19:21:00Z,60,Down,0,calendar_ridge_logistic-l2-10,0.48298412299191434,0.6596816950650036,0.23327366306226865,lgbm-depth2-leaves3,0.5477489755025919,0.7935178893750627,0.30002894016413906,-0.1338361943100591
0x9f98587c0e6825f398e07b0390213c96b90b450c3bc30274bb176fce99caa8f8,1782156000000,2026-06-22T19:20:00Z,1782156090000,2026-06-22T19:21:30Z,90,Down,0,calendar_ridge_logistic-l2-10,0.4829740890834346,0.6596622879025519,0.2332639707259734,lgbm-depth2-leaves3,0.37963760882066094,0.4774514697955424,0.1441247140310692,0.18221081810700945
0x9f98587c0e6825f398e07b0390213c96b90b450c3bc30274bb176fce99caa8f8,1782156000000,2026-06-22T19:20:00Z,1782156120000,2026-06-22T19:22:00Z,120,Down,0,calendar_ridge_logistic-l2-10,0.48296409454398853,0.6596429572604411,0.2332543166186947,lgbm-depth2-leaves3,0.24997880674288536,0.2876538151748687,0.062489403820596826,0.3719891420855724
0x9f98587c0e6825f398e07b0390213c96b90b450c3bc30274bb176fce99caa8f8,1782156000000,2026-06-22T19:20:00Z,1782156150000,2026-06-22T19:22:30Z,150,Down,0,calendar_ridge_logistic-l2-10,0.48295413980203733,0.6596237039629125,0.23324470115192583,lgbm-depth2-leaves3,0.3431456878478102,0.4202930321917849,0.11774896308854679,0.2393306717711276
0x9f98587c0e6825f398e07b0390213c96b90b450c3bc30274bb176fce99caa8f8,1782156000000,2026-06-22T19:20:00Z,1782156180000,2026-06-22T19:23:00Z,180,Down,0,calendar_ridge_logistic-l2-10,0.4829442244288159,0.6596045271762626,0.2332351239091505,lgbm-depth2-leaves3,0.4058499582073532,0.5206233959058756,0.16471418857691034,0.13898113127038703
0x9f98587c0e6825f398e07b0390213c96b90b450c3bc30274bb176fce99caa8f8,1782156000000,2026-06-22T19:20:00Z,1782156210000,2026-06-22T19:23:30Z,210,Down,0,calendar_ridge_logistic-l2-10,0.48293434869950347,0.6595854274282907,0.2332255851538136,lgbm-depth2-leaves3,0.5162502307779447,0.7261875116986102,0.2665143007782812,-0.06660208427031944
0x9f98587c0e6825f398e07b0390213c96b90b450c3bc30274bb176fce99caa8f8,1782156000000,2026-06-22T19:20:00Z,1782156240000,2026-06-22T19:24:00Z,240,Down,0,calendar_ridge_logistic-l2-10,0.4829245125529232,0.6595664045962768,0.23321608482447845,lgbm-depth2-leaves3,0.6459239103764459,1.0382434465057608,0.41721769799599895,-0.37867704190948404
0x19806432a854fa446983637940d0216f498b9a5ec61b1a37984ce0d93705ef8b,1782156300000,2026-06-22T19:25:00Z,1782156330000,2026-06-22T19:25:30Z,30,Down,0,calendar_ridge_logistic-l2-10,0.48289516101999386,0.6595096417045698,0.2331877365365258,lgbm-depth2-leaves3,0.38474739264892205,0.4857223518474153,0.1480305561501438,0.17378728985715453
0x19806432a854fa446983637940d0216f498b9a5ec61b1a37984ce0d93705ef8b,1782156300000,2026-06-22T19:25:00Z,1782156360000,2026-06-22T19:26:00Z,60,Down,0,calendar_ridge_logistic-l2-10,0.48288548381461094,0.6594909276758005,0.23317839047887087,lgbm-depth2-leaves3,0.22807999412254282,0.2588743536559332,0.052020483718939164,0.40061657401986733
0x19806432a854fa446983637940d0216f498b9a5ec61b1a37984ce0d93705ef8b,1782156300000,2026-06-22T19:25:00Z,1782156390000,2026-06-22T19:26:30Z,90,Down,0,calendar_ridge_logistic-l2-10,0.48287584640550435,0.6594722909541453,0.23316908304183223,lgbm-depth2-leaves3,0.34820946673644815,0.42803203667379125,0.12124983272488159,0.23144025428035403
0x19806432a854fa446983637940d0216f498b9a5ec61b1a37984ce0d93705ef8b,1782156300000,2026-06-22T19:25:00Z,1782156420000,2026-06-22T19:27:00Z,120,Down,0,calendar_ridge_logistic-l2-10,0.48286624943542483,0.6594537327781986,0.2331598148438339,lgbm-depth2-leaves3,0.41115177090742244,0.5295868040989871,0.1690457787203096,0.12986692867921157
0x19806432a854fa446983637940d0216f498b9a5ec61b1a37984ce0d93705ef8b,1782156300000,2026-06-22T19:25:00Z,1782156450000,2026-06-22T19:27:30Z,150,Down,0,calendar_ridge_logistic-l2-10,0.48285669174047113,0.6594352508929583,0.23315058475855235,lgbm-depth2-leaves3,0.4680028452161844,0.6311171378055166,0.21902666313044386,0.0283181130874417
0x19806432a854fa446983637940d0216f498b9a5ec61b1a37984ce0d93705ef8b,1782156300000,2026-06-22T19:25:00Z,1782156480000,2026-06-22T19:28:00Z,180,Down,0,calendar_ridge_logistic-l2-10,0.48284717433097263,0.6594168472478386,0.23314139375940468,lgbm-depth2-leaves3,0.7577638093380148,1.4178420343273683,0.5742059907424593,-0.7584251870795298
0x19806432a854fa446983637940d0216f498b9a5ec61b1a37984ce0d93705ef8b,1782156300000,2026-06-22T19:25:00Z,1782156510000,2026-06-22T19:28:30Z,210,Down,0,calendar_ridge_logistic-l2-10,0.48283769714574715,0.6593985217202224,0.23313224178500824,lgbm-depth2-leaves3,0.7420989998681587,1.3551794881192583,0.5507109256053215,-0.6957809663990359
0x19806432a854fa446983637940d0216f498b9a5ec61b1a37984ce0d93705ef8b,1782156300000,2026-06-22T19:25:00Z,1782156540000,2026-06-22T19:29:00Z,240,Down,0,calendar_ridge_logistic-l2-10,0.48282825966380455,0.6593802732984384,0.23312312832997828,lgbm-depth2-leaves3,0.4051081673551221,0.5193756838371715,0.16411262725782563,0.14000458946126693
0x1cfc13c69f4b6b2b09d2611e844619796d5dd296dfc302741033d70a97703a47,1782156600000,2026-06-22T19:30:00Z,1782156630000,2026-06-22T19:30:30Z,30,Up,1,calendar_ridge_logistic-l2-10,0.48280010745340474,0.7281525671958096,0.26749572885020967,lgbm-depth2-leaves3,0.40083130533361505,0.9142146251418862,0.3590031246682197,-0.18606205794607666
0x1cfc13c69f4b6b2b09d2611e844619796d5dd296dfc302741033d70a97703a47,1782156600000,2026-06-22T19:30:00Z,1782156660000,2026-06-22T19:31:00Z,60,Up,1,calendar_ridge_logistic-l2-10,0.48279083111068916,0.7281717810105739,0.2675053243831716,lgbm-depth2-leaves3,0.4831148123687388,0.7275009468097665,0.26717029719260416,0.0006708342008073798
0x1cfc13c69f4b6b2b09d2611e844619796d5dd296dfc302741033d70a97703a47,1782156600000,2026-06-22T19:30:00Z,1782156690000,2026-06-22T19:31:30Z,90,Up,1,calendar_ridge_logistic-l2-10,0.4827815948991142,0.7281909120696771,0.267514878575104,lgbm-depth2-leaves3,0.6268504927660821,0.4670472153215333,0.13924055474891578,0.2611436967481438
0x1cfc13c69f4b6b2b09d2611e844619796d5dd296dfc302741033d70a97703a47,1782156600000,2026-06-22T19:30:00Z,1782156720000,2026-06-22T19:32:00Z,120,Up,1,calendar_ridge_logistic-l2-10,0.48277239918609827,0.7282099596073034,0.2675243910437049,lgbm-depth2-leaves3,0.38474739264892205,0.955168283027054,0.3785357708522998,-0.22695832341975064
0x1cfc13c69f4b6b2b09d2611e844619796d5dd296dfc302741033d70a97703a47,1782156600000,2026-06-22T19:30:00Z,1782156750000,2026-06-22T19:32:30Z,150,Up,1,calendar_ridge_logistic-l2-10,0.48276324397149883,0.728228923618968,0.26753386178688726,lgbm-depth2-leaves3,0.5265639109531254,0.641382566450049,0.2241417304120002,0.08684635716891898
0x1cfc13c69f4b6b2b09d2611e844619796d5dd296dfc302741033d70a97703a47,1782156600000,2026-06-22T19:30:00Z,1782156780000,2026-06-22T19:33:00Z,180,Up,1,calendar_ridge_logistic-l2-10,0.4827541287343255,0.7282478051791165,0.26754329134138666,lgbm-depth2-leaves3,0.7827377948778007,0.24495751151577552,0.0472028657745606,0.483290293663341
0x1cfc13c69f4b6b2b09d2611e844619796d5dd296dfc302741033d70a97703a47,1782156600000,2026-06-22T19:30:00Z,1782156810000,2026-06-22T19:33:30Z,210,Up,1,calendar_ridge_logistic-l2-10,0.48274505457713857,0.7282666019991326,0.26755267856440734,lgbm-depth2-leaves3,0.7555477153071657,0.28031234200733723,0.05975691949154652,0.4479542599917954
0x1cfc13c69f4b6b2b09d2611e844619796d5dd296dfc302741033d70a97703a47,1782156600000,2026-06-22T19:30:00Z,1782156840000,2026-06-22T19:34:00Z,240,Up,1,calendar_ridge_logistic-l2-10,0.48273602039708846,0.728285316358812,0.26756202459464123,lgbm-depth2-leaves3,0.45921967154473453,0.77822659616451,0.29244336364418483,-0.04994127980569796
0x3f34cbf8441a40406416006a16b132c8df6d5d8c6eff8baea21965e71b3fb589,1782156900000,2026-06-22T19:35:00Z,1782156930000,2026-06-22T19:35:30Z,30,Up,1,calendar_ridge_logistic-l2-10,0.48270908148211145,0.7283411225666048,0.26758989438108083,lgbm-depth2-leaves3,0.5043357685792056,0.6845130252300479,0.24568303030996683,0.043828097336556904
0x3f34cbf8441a40406416006a16b132c8df6d5d8c6eff8baea21965e71b3fb589,1782156900000,2026-06-22T19:35:00Z,1782156960000,2026-06-22T19:36:00Z,60,Up,1,calendar_ridge_logistic-l2-10,0.4827002101185766,0.728359501017304,0.26759907261136473,lgbm-depth2-leaves3,0.3905395936369871,0.9402259226860568,0.3714419869241688,-0.2118664216687528
0x3f34cbf8441a40406416006a16b132c8df6d5d8c6eff8baea21965e71b3fb589,1782156900000,2026-06-22T19:35:00Z,1782156990000,2026-06-22T19:36:30Z,90,Up,1,calendar_ridge_logistic-l2-10,0.48269137916005034,0.7283777960980248,0.2676082091953308,lgbm-depth2-leaves3,0.5895824484489008,0.5283407071238804,0.16844256662119914,0.2000370889741444
0x3f34cbf8441a40406416006a16b132c8df6d5d8c6eff8baea21965e71b3fb589,1782156900000,2026-06-22T19:35:00Z,1782157020000,2026-06-22T19:37:00Z,120,Up,1,calendar_ridge_logistic-l2-10,0.4826825893415175,0.7283960062814767,0.26761730337039713,lgbm-depth2-leaves3,0.5847969895338323,0.5364905184157824,0.17239353990016856,0.19190548786569428
0x3f34cbf8441a40406416006a16b132c8df6d5d8c6eff8baea21965e71b3fb589,1782156900000,2026-06-22T19:35:00Z,1782157050000,2026-06-22T19:37:30Z,150,Up,1,calendar_ridge_logistic-l2-10,0.48267384050956824,0.728414131880849,0.26762635529311957,lgbm-depth2-leaves3,0.39983886777752137,0.9166936435883761,0.36019338463056755,-0.1882795117075271
0x3f34cbf8441a40406416006a16b132c8df6d5d8c6eff8baea21965e71b3fb589,1782156900000,2026-06-22T19:35:00Z,1782157080000,2026-06-22T19:38:00Z,180,Up,1,calendar_ridge_logistic-l2-10,0.4826651322964918,0.7284321736533704,0.2676353653418064,lgbm-depth2-leaves3,0.5354877870356726,0.624577196010483,0.21577159599301668,0.10385497764288742
0x3f34cbf8441a40406416006a16b132c8df6d5d8c6eff8baea21965e71b3fb589,1782156900000,2026-06-22T19:35:00Z,1782157110000,2026-06-22T19:38:30Z,210,Up,1,calendar_ridge_logistic-l2-10,0.48265646506970783,0.7284501308332529,0.2676443331341704,lgbm-depth2-leaves3,0.7556527990524741,0.28017326880761395,0.05970555461089062,0.448276862025639
0x3f34cbf8441a40406416006a16b132c8df6d5d8c6eff8baea21965e71b3fb589,1782156900000,2026-06-22T19:35:00Z,1782157140000,2026-06-22T19:39:00Z,240,Up,1,calendar_ridge_logistic-l2-10,0.4826478388290796,0.728468003416217,0.26765325866822204,lgbm-depth2-leaves3,0.6879039959955779,0.37410599148960505,0.09740391571552823,0.35436201192661193
0x6a60dbafc5fc464cbd888c656f5eb0a7ec04c706df4ee832551c4ab613c2462f,1782157200000,2026-06-22T19:40:00Z,1782157230000,2026-06-22T19:40:30Z,30,Down,0,calendar_ridge_logistic-l2-10,0.48262212485582756,0.6589817717522188,0.23292411540035401,lgbm-depth2-leaves3,0.4181371291422445,0.5415204760956593,0.17483865876731805,0.1174612956565595
0x6a60dbafc5fc464cbd888c656f5eb0a7ec04c706df4ee832551c4ab613c2462f,1782157200000,2026-06-22T19:40:00Z,1782157260000,2026-06-22T19:41:00Z,60,Down,0,calendar_ridge_logistic-l2-10,0.4826136631091287,0.6589654168249791,0.23291594781961156,lgbm-depth2-leaves3,0.39399790790075134,0.5008718406097906,0.15523435143016895,0.1580935762151885
0x6a60dbafc5fc464cbd888c656f5eb0a7ec04c706df4ee832551c4ab613c2462f,1782157200000,2026-06-22T19:40:00Z,1782157290000,2026-06-22T19:41:30Z,90,Down,0,calendar_ridge_logistic-l2-10,0.4826052420413421,0.6589491407877984,0.2329078196457824,lgbm-depth2-leaves3,0.5105813433422421,0.7145370072090437,0.2606933081691686,-0.05558786642124525
0x6a60dbafc5fc464cbd888c656f5eb0a7ec04c706df4ee832551c4ab613c2462f,1782157200000,2026-06-22T19:40:00Z,1782157320000,2026-06-22T19:42:00Z,120,Down,0,calendar_ridge_logistic-l2-10,0.4825968626017423,0.6589329454715196,0.2328997317930449,lgbm-depth2-leaves3,0.5396804714890248,0.7758344034430334,0.2912550113066161,-0.11690145797151386
0x6a60dbafc5fc464cbd888c656f5eb0a7ec04c706df4ee832551c4ab613c2462f,1782157200000,2026-06-22T19:40:00Z,1782157350000,2026-06-22T19:42:30Z,150,Down,0,calendar_ridge_logistic-l2-10,0.48258852384077544,0.6589168290370244,0.23289168334281868,lgbm-depth2-leaves3,0.4726160803193066,0.6398264953254733,0.22336595937638523,0.01909033371155111
0x6a60dbafc5fc464cbd888c656f5eb0a7ec04c706df4ee832551c4ab613c2462f,1782157200000,2026-06-22T19:40:00Z,1782157380000,2026-06-22T19:43:00Z,180,Down,0,calendar_ridge_logistic-l2-10,0.48258022670771866,0.6589007933151396,0.23288367520927314,lgbm-depth2-leaves3,0.516853742903066,0.7274358614426747,0.2671377915529086,-0.06853506812753507
0x6a60dbafc5fc464cbd888c656f5eb0a7ec04c706df4ee832551c4ab613c2462f,1782157200000,2026-06-22T19:40:00Z,1782157410000,2026-06-22T19:43:30Z,210,Down,0,calendar_ridge_logistic-l2-10,0.48257197104916216,0.6588848380055013,0.2328757072422734,lgbm-depth2-leaves3,0.5045126362344168,0.7022134275239895,0.25453300012020097,-0.04332858951848817
0x6a60dbafc5fc464cbd888c656f5eb0a7ec04c706df4ee832551c4ab613c2462f,1782157200000,2026-06-22T19:40:00Z,1782157440000,2026-06-22T19:44:00Z,240,Down,0,calendar_ridge_logistic-l2-10,0.48256375628311926,0.6588689619795141,0.23286777887807372,lgbm-depth2-leaves3,0.4875270728947306,0.6685073945253216,0.23768264680530393,-0.00963843254580754
0xa98cf0afdfb6948f55bf55a4f576deeb819738e83895adc985ecfcc189ba6a86,1782157500000,2026-06-22T19:45:00Z,1782157530000,2026-06-22T19:45:30Z,30,Down,0,calendar_ridge_logistic-l2-10,0.4825392804302093,0.6588216609364483,0.2328441571581042,lgbm-depth2-leaves3,0.2574187117002837,0.2976229351061546,0.06626439313343377,0.3611987258302937
0xa98cf0afdfb6948f55bf55a4f576deeb819738e83895adc985ecfcc189ba6a86,1782157500000,2026-06-22T19:45:00Z,1782157560000,2026-06-22T19:46:00Z,60,Down,0,calendar_ridge_logistic-l2-10,0.4825312316213646,0.6588061066229639,0.232836389490031,lgbm-depth2-leaves3,0.24730627747035838,0.2840968769131339,0.06116039487624589,0.37470922970983
0xa98cf0afdfb6948f55bf55a4f576deeb819738e83895adc985ecfcc189ba6a86,1782157500000,2026-06-22T19:45:00Z,1782157590000,2026-06-22T19:46:30Z,90,Down,0,calendar_ridge_logistic-l2-10,0.4825232241329361,0.6587906324012077,0.23282866182764367,lgbm-depth2-leaves3,0.23240455507915483,0.2644924490495696,0.05401187722153991,0.39429818335163813
0xa98cf0afdfb6948f55bf55a4f576deeb819738e83895adc985ecfcc189ba6a86,1782157500000,2026-06-22T19:45:00Z,1782157620000,2026-06-22T19:47:00Z,120,Down,0,calendar_ridge_logistic-l2-10,0.4825152585466322,0.6587752393915726,0.23282097473032332,lgbm-depth2-leaves3,0.565548055715967,0.8336699404300734,0.3198446033241105,-0.1748947010385008
0xa98cf0afdfb6948f55bf55a4f576deeb819738e83895adc985ecfcc189ba6a86,1782157500000,2026-06-22T19:45:00Z,1782157650000,2026-06-22T19:47:30Z,150,Down,0,calendar_ridge_logistic-l2-10,0.48250733486232256,0.6587599275900601,0.23281332819594147,lgbm-depth2-leaves3,0.650982032798849,1.0526318761531381,0.42377760702692174,-0.39387194856307806
0xa98cf0afdfb6948f55bf55a4f576deeb819738e83895adc985ecfcc189ba6a86,1782157500000,2026-06-22T19:45:00Z,1782157680000,2026-06-22T19:48:00Z,180,Down,0,calendar_ridge_logistic-l2-10,0.48249945255904664,0.6587446959862577,0.2328057217197797,lgbm-depth2-leaves3,0.5963673403721136,0.9072500729939211,0.3556540046625084,-0.2485053770076634
0xa98cf0afdfb6948f55bf55a4f576deeb819738e83895adc985ecfcc189ba6a86,1782157500000,2026-06-22T19:45:00Z,1782157710000,2026-06-22T19:48:30Z,210,Down,0,calendar_ridge_logistic-l2-10,0.4824916119431997,0.6587295451685631,0.23279815559554723,lgbm-depth2-leaves3,0.40763662820596125,0.5236350286924306,0.16616762065512508,0.13509451647613246
0xa98cf0afdfb6948f55bf55a4f576deeb819738e83895adc985ecfcc189ba6a86,1782157500000,2026-06-22T19:45:00Z,1782157740000,2026-06-22T19:49:00Z,240,Down,0,calendar_ridge_logistic-l2-10,0.4824838129224142,0.658714474954825,0.2327906297321512,lgbm-depth2-leaves3,0.3945438791689098,0.5017731862761858,0.1556648725896513,0.1569412886786392
0xd4d0ede036a8ea5ba9acba88a86ae4c6c841aba068262f3be9ddb23215ce877d,1782157800000,2026-06-22T19:50:00Z,1782157830000,2026-06-22T19:50:30Z,30,Up,1,calendar_ridge_logistic-l2-10,0.4824605860422032,0.7288560484988221,0.26784704499977974,lgbm-depth2-leaves3,0.7406990203753198,0.30016091652982757,0.06723699803431883,0.42869513196899456
0xd4d0ede036a8ea5ba9acba88a86ae4c6c841aba068262f3be9ddb23215ce877d,1782157800000,2026-06-22T19:50:00Z,1782157860000,2026-06-22T19:51:00Z,60,Up,1,calendar_ridge_logistic-l2-10,0.4824529544420494,0.7288718667039437,0.2678549443657634,lgbm-depth2-leaves3,0.7994515310901266,0.22382937257319765,0.04021968838209447,0.505042494130746
0xd4d0ede036a8ea5ba9acba88a86ae4c6c841aba068262f3be9ddb23215ce877d,1782157800000,2026-06-22T19:50:00Z,1782157890000,2026-06-22T19:51:30Z,90,Up,1,calendar_ridge_logistic-l2-10,0.4824453648038509,0.7288875981816492,0.26786280041301896,lgbm-depth2-leaves3,0.6376463746919333,0.4499714209453961,0.13130014977389878,0.27891617723625306
0xd4d0ede036a8ea5ba9acba88a86ae4c6c841aba068262f3be9ddb23215ce877d,1782157800000,2026-06-22T19:50:00Z,1782157920000,2026-06-22T19:52:00Z,120,Up,1,calendar_ridge_logistic-l2-10,0.48243781734175994,0.7289032424839456,0.26787061291796144,lgbm-depth2-leaves3,0.4671582406596447,0.7610872336126753,0.2839203404969252,-0.032183991128729716
0xd4d0ede036a8ea5ba9acba88a86ae4c6c841aba068262f3be9ddb23215ce877d,1782157800000,2026-06-22T19:50:00Z,1782157950000,2026-06-22T19:52:30Z,150,Up,1,calendar_ridge_logistic-l2-10,0.48243031132054515,0.7289188011307534,0.26787838263974784,lgbm-depth2-leaves3,0.49704527765343576,0.6990741551166543,0.2529634527307095,0.029844646014099085
0xd4d0ede036a8ea5ba9acba88a86ae4c6c841aba068262f3be9ddb23215ce877d,1782157800000,2026-06-22T19:50:00Z,1782157980000,2026-06-22T19:53:00Z,180,Up,1,calendar_ridge_logistic-l2-10,0.4824228478427342,0.7289342718326736,0.26788610843522553,lgbm-depth2-leaves3,0.6447877829338957,0.4388340350320332,0.1261757191530172,0.29010023680064034
0xd4d0ede036a8ea5ba9acba88a86ae4c6c841aba068262f3be9ddb23215ce877d,1782157800000,2026-06-22T19:50:00Z,1782158010000,2026-06-22T19:53:30Z,210,Up,1,calendar_ridge_logistic-l2-10,0.48241542638737805,0.7289496556654972,0.2678937908417596,lgbm-depth2-leaves3,0.585678754025078,0.5349838410448006,0.17166209486621184,0.19396581462069662
0xd4d0ede036a8ea5ba9acba88a86ae4c6c841aba068262f3be9ddb23215ce877d,1782157800000,2026-06-22T19:50:00Z,1782158040000,2026-06-22T19:54:00Z,240,Up,1,calendar_ridge_logistic-l2-10,0.4824080465868015,0.7289649533873778,0.26790143023809065,lgbm-depth2-leaves3,0.7673161286229057,0.26485640004953215,0.05414178399903218,0.4641085533378456
0x628bd0f5c72cbd0e8ce15a42d986ec03430358cd935e3e32d5fc0c2bd7260f44,1782158100000,2026-06-22T19:55:00Z,1782158130000,2026-06-22T19:55:30Z,30,Up,1,calendar_ridge_logistic-l2-10,0.4823860799615392,0.7290104897866191,0.26792417021758214,lgbm-depth2-leaves3,0.7406990203753198,0.30016091652982757,0.06723699803431883,0.4288495732567915
0x628bd0f5c72cbd0e8ce15a42d986ec03430358cd935e3e32d5fc0c2bd7260f44,1782158100000,2026-06-22T19:55:00Z,1782158160000,2026-06-22T19:56:00Z,60,Up,1,calendar_ridge_logistic-l2-10,0.4823788692595004,0.7290254378878012,0.2679316349890734,lgbm-depth2-leaves3,0.5546769580498461,0.5893693922648142,0.19831261169173856,0.13965604562298695
0x628bd0f5c72cbd0e8ce15a42d986ec03430358cd935e3e32d5fc0c2bd7260f44,1782158100000,2026-06-22T19:55:00Z,1782158190000,2026-06-22T19:56:30Z,90,Up,1,calendar_ridge_logistic-l2-10,0.48237170057915896,0.7290402990976634,0.2679390563613118,lgbm-depth2-leaves3,0.41887330150088103,0.8701867878397628,0.33770823970848596,-0.14114648874209934
0x628bd0f5c72cbd0e8ce15a42d986ec03430358cd935e3e32d5fc0c2bd7260f44,1782158100000,2026-06-22T19:55:00Z,1782158220000,2026-06-22T19:57:00Z,120,Up,1,calendar_ridge_logistic-l2-10,0.4823645745632452,0.7290550720798711,0.26794643366709014,lgbm-depth2-leaves3,0.3945743131186736,0.9299477835117653,0.36654026233572584,-0.20089271143189424
0x628bd0f5c72cbd0e8ce15a42d986ec03430358cd935e3e32d5fc0c2bd7260f44,1782158100000,2026-06-22T19:55:00Z,1782158250000,2026-06-22T19:57:30Z,150,Up,1,calendar_ridge_logistic-l2-10,0.4823574904155154,0.7290697584812443,0.26795376772892315,lgbm-depth2-leaves3,0.4610893986488605,0.7741633314697841,0.29042463624864684,-0.045093572988539776
0x628bd0f5c72cbd0e8ce15a42d986ec03430358cd935e3e32d5fc0c2bd7260f44,1782158100000,2026-06-22T19:55:00Z,1782158280000,2026-06-22T19:58:00Z,180,Up,1,calendar_ridge_logistic-l2-10,0.4823504489319681,0.7290843566477156,0.267961057720935,lgbm-depth2-leaves3,0.7259283852076246,0.32030391198758257,0.07511525003490022,0.4087804446601331
0x628bd0f5c72cbd0e8ce15a42d986ec03430358cd935e3e32d5fc0c2bd7260f44,1782158100000,2026-06-22T19:55:00Z,1782158310000,2026-06-22T19:58:30Z,210,Up,1,calendar_ridge_logistic-l2-10,0.48234345011247504,0.7290988665756838,0.26796830364145563,lgbm-depth2-leaves3,0.5816436151819185,0.5418973638587496,0.17502206471805465,0.18720150271693414
0x628bd0f5c72cbd0e8ce15a42d986ec03430358cd935e3e32d5fc0c2bd7260f44,1782158100000,2026-06-22T19:55:00Z,1782158340000,2026-06-22T19:59:00Z,240,Up,1,calendar_ridge_logistic-l2-10,0.4823364933750837,0.7291132894678324,0.2679755060912047,lgbm-depth2-leaves3,0.4042726498421089,0.9056657528004798,0.3548910757261425,-0.1765524633326474
0x18214c9706845611805078c7a982be25c9417836c6f5b60b62a039109dcdb333,1782158400000,2026-06-22T20:00:00Z,1782158430000,2026-06-22T20:00:30Z,30,Up,1,calendar_ridge_logistic-l2-10,0.48231579733905694,0.729156198267675,0.26799693368469635,lgbm-depth2-leaves3,0.39043139111620706,0.9405030201034635,0.37157388893652255,-0.21134682183578857
0x18214c9706845611805078c7a982be25c9417836c6f5b60b62a039109dcdb333,1782158400000,2026-06-22T20:00:00Z,1782158460000,2026-06-22T20:01:00Z,60,Up,1,calendar_ridge_logistic-l2-10,0.4823090105821832,0.7291702695559481,0.26800396052439807,lgbm-depth2-leaves3,0.7638467119159623,0.2693881487997365,0.0557683754729025,0.4597821207562116
0x18214c9706845611805078c7a982be25c9417836c6f5b60b62a039109dcdb333,1782158400000,2026-06-22T20:00:00Z,1782158490000,2026-06-22T20:01:30Z,90,Up,1,calendar_ridge_logistic-l2-10,0.4823022667639478,0.7291842520137399,0.26801094299774664,lgbm-depth2-leaves3,0.7253154115641012,0.3211486683012208,0.07545162312419912,0.40803558371251913
0x18214c9706845611805078c7a982be25c9417836c6f5b60b62a039109dcdb333,1782158400000,2026-06-22T20:00:00Z,1782158520000,2026-06-22T20:02:00Z,120,Up,1,calendar_ridge_logistic-l2-10,0.4822955650881066,0.7291981472882678,0.2680178819274428,lgbm-depth2-leaves3,0.5341144865067993,0.6271450687936068,0.21704931168282332,0.10205307849466105
0x18214c9706845611805078c7a982be25c9417836c6f5b60b62a039109dcdb333,1782158400000,2026-06-22T20:00:00Z,1782158550000,2026-06-22T20:02:30Z,150,Up,1,calendar_ridge_logistic-l2-10,0.48228890671821045,0.729211952963335,0.2680247761070258,lgbm-depth2-leaves3,0.7928971861111423,0.23206171756726057,0.04289157552068281,0.4971502353960744
0x18214c9706845611805078c7a982be25c9417836c6f5b60b62a039109dcdb333,1782158400000,2026-06-22T20:00:00Z,1782158580000,2026-06-22T20:03:00Z,180,Up,1,calendar_ridge_logistic-l2-10,0.4822822904904746,0.7292256714483054,0.26803162673978925,lgbm-depth2-leaves3,0.7311834942251181,0.31309083264031173,0.07226231377701713,0.4161348388079937
0x18214c9706845611805078c7a982be25c9417836c6f5b60b62a039109dcdb333,1782158400000,2026-06-22T20:00:00Z,1782158610000,2026-06-22T20:03:30Z,210,Up,1,calendar_ridge_logistic-l2-10,0.4822757176294646,0.7292393002004485,0.26803843255608595,lgbm-depth2-leaves3,0.39679188546051164,0.9243433537288297,0.3638600294462844,-0.19510405352838123
0x18214c9706845611805078c7a982be25c9417836c6f5b60b62a039109dcdb333,1782158400000,2026-06-22T20:00:00Z,1782158640000,2026-06-22T20:04:00Z,240,Up,1,calendar_ridge_logistic-l2-10,0.4822691869103841,0.7292528417557453,0.2680451948224348,lgbm-depth2-leaves3,0.7764078887557425,0.2530772670540191,0.049993432210664414,0.4761755747017262
0xd9327c91bafb36842f6cf49b51895526ecb0c9adc9e8abd2525d62ab3c170d6c,1782158700000,2026-06-22T20:05:00Z,1782158730000,2026-06-22T20:05:30Z,30,Down,0,calendar_ridge_logistic-l2-10,0.48224977109556566,0.6582623365927135,0.23256484172172548,lgbm-depth2-leaves3,0.560847341273403,0.8229081843811676,0.31454974021344495,-0.16464584778845415
0xd9327c91bafb36842f6cf49b51895526ecb0c9adc9e8abd2525d62ab3c170d6c,1782158700000,2026-06-22T20:05:00Z,1782158760000,2026-06-22T20:06:00Z,60,Down,0,calendar_ridge_logistic-l2-10,0.4822434122496043,0.6582500549817011,0.23255870865814182,lgbm-depth2-leaves3,0.7052127268352072,1.2215012906816458,0.4973249900903486,-0.5632512356999447
0xd9327c91bafb36842f6cf49b51895526ecb0c9adc9e8abd2525d62ab3c170d6c,1782158700000,2026-06-22T20:05:00Z,1782158790000,2026-06-22T20:06:30Z,90,Down,0,calendar_ridge_logistic-l2-10,0.48223709560602157,0.6582378550306026,0.2325526163785312,lgbm-depth2-leaves3,0.684453634329088,1.1534496484610544,0.4684767775462969,-0.49521179343045174
0xd9327c91bafb36842f6cf49b51895526ecb0c9adc9e8abd2525d62ab3c170d6c,1782158700000,2026-06-22T20:05:00Z,1782158820000,2026-06-22T20:07:00Z,120,Down,0,calendar_ridge_logistic-l2-10,0.4822308223283516,0.6582257389836377,0.23254656600347823,lgbm-depth2-leaves3,0.450003811189654,0.5978439302153636,0.20250343008521376,0.06038180876827404
0xd9327c91bafb36842f6cf49b51895526ecb0c9adc9e8abd2525d62ab3c170d6c,1782158700000,2026-06-22T20:05:00Z,1782158850000,2026-06-22T20:07:30Z,150,Down,0,calendar_ridge_logistic-l2-10,0.4822245924775088,0.6582137069554045,0.23254055759009945,lgbm-depth2-leaves3,0.23240455507915483,0.2644924490495696,0.05401187722153991,0.3937212579058349
0xd9327c91bafb36842f6cf49b51895526ecb0c9adc9e8abd2525d62ab3c170d6c,1782158700000,2026-06-22T20:05:00Z,1782158880000,2026-06-22T20:08:00Z,180,Down,0,calendar_ridge_logistic-l2-10,0.4822184048287041,0.6582017565774172,0.23253458995553994,lgbm-depth2-leaves3,0.22807999412254282,0.2588743536559332,0.052020483718939164,0.399327402921484
0xd9327c91bafb36842f6cf49b51895526ecb0c9adc9e8abd2525d62ab3c170d6c,1782158700000,2026-06-22T20:05:00Z,1782158910000,2026-06-22T20:08:30Z,210,Down,0,calendar_ridge_logistic-l2-10,0.48221226060649824,0.6581898902117362,0.23252866427922939,lgbm-depth2-leaves3,0.3159654854763942,0.37974690280280793,0.09983418801233347,0.2784429874089283
0xd9327c91bafb36842f6cf49b51895526ecb0c9adc9e8abd2525d62ab3c170d6c,1782158700000,2026-06-22T20:05:00Z,1782158940000,2026-06-22T20:09:00Z,240,Down,0,calendar_ridge_logistic-l2-10,0.4822061593822187,0.6581781070274901,0.23252278014614972,lgbm-depth2-leaves3,0.6141858626041777,0.9523995348174015,0.3772242738228379,-0.29422142778991134
0x023e8a8e333ed236364139b37584dac910cdd31b528cebc4e55680342c863779,1782159000000,2026-06-22T20:10:00Z,1782159030000,2026-06-22T20:10:30Z,30,Down,0,calendar_ridge_logistic-l2-10,0.4821880333300289,0.6581431013292522,0.23250529948668108,lgbm-depth2-leaves3,0.33118467600182416,0.40224730479743825,0.10968328961843325,0.255895796531814
0x023e8a8e333ed236364139b37584dac910cdd31b528cebc4e55680342c863779,1782159000000,2026-06-22T20:10:00Z,1782159060000,2026-06-22T20:11:00Z,60,Down,0,calendar_ridge_logistic-l2-10,0.48218210427948255,0.6581316511948717,0.2324995816873898,lgbm-depth2-leaves3,0.29278911074818054,0.3464263700795382,0.08572546337271032,0.3117052811153335
0x023e8a8e333ed236364139b37584dac910cdd31b528cebc4e55680342c863779,1782159000000,2026-06-22T20:10:00Z,1782159090000,2026-06-22T20:11:30Z,90,Down,0,calendar_ridge_logistic-l2-10,0.4821762187159035,0.6581202851718354,0.2324939058951668,lgbm-depth2-leaves3,0.3794668928328986,0.477176320132953,0.14399512275625453,0.18094396503888238
0x023e8a8e333ed236364139b37584dac910cdd31b528cebc4e55680342c863779,1782159000000,2026-06-22T20:10:00Z,1782159120000,2026-06-22T20:12:00Z,120,Down,0,calendar_ridge_logistic-l2-10,0.48217037657815415,0.6581090031392116,0.23248827204951897,lgbm-depth2-leaves3,0.48476385998217214,0.6631299591020858,0.234995999944815,-0.005020955962874218
0x023e8a8e333ed236364139b37584dac910cdd31b528cebc4e55680342c863779,1782159000000,2026-06-22T20:10:00Z,1782159150000,2026-06-22T20:12:30Z,150,Down,0,calendar_ridge_logistic-l2-10,0.48216457755961795,0.6580978045020471,0.23248267985324483,lgbm-depth2-leaves3,0.5770352217540263,0.8604663699606933,0.33296964714471833,-0.20236856545864612
0x023e8a8e333ed236364139b37584dac910cdd31b528cebc4e55680342c863779,1782159000000,2026-06-22T20:10:00Z,1782159180000,2026-06-22T20:13:00Z,180,Down,0,calendar_ridge_logistic-l2-10,0.4821588219667016,0.6580866898492419,0.23247712960031747,lgbm-depth2-leaves3,0.5841718555396936,0.8774832183541953,0.3412567568046887,-0.2193965285049534
0x023e8a8e333ed236364139b37584dac910cdd31b528cebc4e55680342c863779,1782159000000,2026-06-22T20:10:00Z,1782159210000,2026-06-22T20:13:30Z,210,Down,0,calendar_ridge_logistic-l2-10,0.4821531094927823,0.6580756585858859,0.2324716209935589,lgbm-depth2-leaves3,0.5591274867621409,0.8189995309570334,0.312623546452948,-0.16092387237114747
0x023e8a8e333ed236364139b37584dac910cdd31b528cebc4e55680342c863779,1782159000000,2026-06-22T20:10:00Z,1782159240000,2026-06-22T20:14:00Z,240,Down,0,calendar_ridge_logistic-l2-10,0.48214744013776073,0.6580647107090292,0.23246615403139556,lgbm-depth2-leaves3,0.5021739553432915,0.6975045708979617,0.25217868142512606,-0.03943986018893253
0x278dc1d3e3ee6c01451fc3fd394f8f023c94873110952eee3210c04836b25e37,1782159300000,2026-06-22T20:15:00Z,1782159330000,2026-06-22T20:15:30Z,30,Down,0,calendar_ridge_logistic-l2-10,0.4821306123810357,0.6580322159709048,0.23244992739491252,lgbm-depth2-leaves3,0.381343409490805,0.48020494132919866,0.14542279596207178,0.1778272746417061
0x278dc1d3e3ee6c01451fc3fd394f8f023c94873110952eee3210c04836b25e37,1782159300000,2026-06-22T20:15:00Z,1782159360000,2026-06-22T20:16:00Z,60,Down,0,calendar_ridge_logistic-l2-10,0.4821251170317977,0.6580216045692411,0.23244462847292466,lgbm-depth2-leaves3,0.5750335754994849,0.8557451143537359,0.33066361295172175,-0.19772350978449482
0x278dc1d3e3ee6c01451fc3fd394f8f023c94873110952eee3210c04836b25e37,1782159300000,2026-06-22T20:15:00Z,1782159390000,2026-06-22T20:16:30Z,90,Down,0,calendar_ridge_logistic-l2-10,0.4821196648619668,0.6580110766573645,0.23243937124661515,lgbm-depth2-leaves3,0.38818704212069854,0.49132866756268617,0.15068917967041698,0.1666824090946783
0x278dc1d3e3ee6c01451fc3fd394f8f023c94873110952eee3210c04836b25e37,1782159300000,2026-06-22T20:15:00Z,1782159420000,2026-06-22T20:17:00Z,120,Down,0,calendar_ridge_logistic-l2-10,0.48211425617795267,0.6580006328242944,0.23243415601002057,lgbm-depth2-leaves3,0.39621249373481837,0.5045329537665025,0.1569843401915635,0.1534676790577919
0x278dc1d3e3ee6c01451fc3fd394f8f023c94873110952eee3210c04836b25e37,1782159300000,2026-06-22T20:15:00Z,1782159450000,2026-06-22T20:17:30Z,150,Down,0,calendar_ridge_logistic-l2-10,0.482108891469241,0.6579902740125494,0.23242898323370043,lgbm-depth2-leaves3,0.41100212711577244,0.5293327067390621,0.16892274849368957,0.12865756727348732
0x278dc1d3e3ee6c01451fc3fd394f8f023c94873110952eee3210c04836b25e37,1782159300000,2026-06-22T20:15:00Z,1782159480000,2026-06-22T20:18:00Z,180,Down,0,calendar_ridge_logistic-l2-10,0.4821035698786134,0.6579799985642956,0.2324238520897031,lgbm-depth2-leaves3,0.3971640018703806,0.5061100958150812,0.15773924438169568,0.1518699027492144
0x278dc1d3e3ee6c01451fc3fd394f8f023c94873110952eee3210c04836b25e37,1782159300000,2026-06-22T20:15:00Z,1782159510000,2026-06-22T20:18:30Z,210,Down,0,calendar_ridge_logistic-l2-10,0.4820982922630857,0.6579698081317492,0.2324187634029836,lgbm-depth2-leaves3,0.5079619018691077,0.7091991302623905,0.258025293750481,-0.05122932213064124
0x278dc1d3e3ee6c01451fc3fd394f8f023c94873110952eee3210c04836b25e37,1782159300000,2026-06-22T20:15:00Z,1782159540000,2026-06-22T20:19:00Z,240,Down,0,calendar_ridge_logistic-l2-10,0.4820930578264712,0.6579597011749961,0.23241371640447733,lgbm-depth2-leaves3,0.5900417373116977,0.8916999227867983,0.3481492517698065,-0.2337402216118022
0x20cc02f4e763cf8bac4e950af1d252ab7db173a42c82c5483f118746ea0ea79a,1782159600000,2026-06-22T20:20:00Z,1782159630000,2026-06-22T20:20:30Z,30,Down,0,calendar_ridge_logistic-l2-10,0.48207753573633166,0.6579297308149268,0.23239875046161412,lgbm-depth2-leaves3,0.31791273997962916,0.3825976820792799,0.1010685102413553,0.2753320487356469
0x20cc02f4e763cf8bac4e950af1d252ab7db173a42c82c5483f118746ea0ea79a,1782159600000,2026-06-22T20:20:00Z,1782159660000,2026-06-22T20:21:00Z,60,Down,0,calendar_ridge_logistic-l2-10,0.4820724760351972,0.6579199616375516,0.23239387215070578,lgbm-depth2-leaves3,0.4929351401930658,0.6791163549598387,0.2429850524371574,-0.021196393322287066
0x20cc02f4e763cf8bac4e950af1d252ab7db173a42c82c5483f118746ea0ea79a,1782159600000,2026-06-22T20:20:00Z,1782159690000,2026-06-22T20:21:30Z,90,Down,0,calendar_ridge_logistic-l2-10,0.4820674607371469,0.6579102782870135,0.23238903670156066,lgbm-depth2-leaves3,0.41100212711577244,0.5293327067390621,0.16892274849368957,0.12857757154795146
0x20cc02f4e763cf8bac4e950af1d252ab7db173a42c82c5483f118746ea0ea79a,1782159600000,2026-06-22T20:20:00Z,1782159720000,2026-06-22T20:22:00Z,120,Down,0,calendar_ridge_logistic-l2-10,0.48206248824989895,0.657900677686546,0.23238424257768395,lgbm-depth2-leaves3,0.3905395936369871,0.4951812930190732,0.152521174198143,0.16271938466747282
0x20cc02f4e763cf8bac4e950af1d252ab7db173a42c82c5483f118746ea0ea79a,1782159600000,2026-06-22T20:20:00Z,1782159750000,2026-06-22T20:22:30Z,150,Down,0,calendar_ridge_logistic-l2-10,0.4820575601655478,0.6578911629076498,0.23237949131276073,lgbm-depth2-leaves3,0.42234267149546095,0.5487744433776971,0.17837333216592285,0.10911671952995272
0x20cc02f4e763cf8bac4e950af1d252ab7db173a42c82c5483f118746ea0ea79a,1782159600000,2026-06-22T20:20:00Z,1782159780000,2026-06-22T20:23:00Z,180,Down,0,calendar_ridge_logistic-l2-10,0.4820526753203742,0.6578817317010852,0.2323747817835301,lgbm-depth2-leaves3,0.4749771537892614,0.6443135007454497,0.2256032966217477,0.01356823095563553
0x20cc02f4e763cf8bac4e950af1d252ab7db173a42c82c5483f118746ea0ea79a,1782159600000,2026-06-22T20:20:00Z,1782159810000,2026-06-22T20:23:30Z,210,Down,0,calendar_ridge_logistic-l2-10,0.4820478345103749,0.6578723856013038,0.2323701147561418,lgbm-depth2-leaves3,0.3854010712877782,0.48678537235231933,0.14853398574976706,0.17108701324898445
0x20cc02f4e763cf8bac4e950af1d252ab7db173a42c82c5483f118746ea0ea79a,1782159600000,2026-06-22T20:20:00Z,1782159840000,2026-06-22T20:24:00Z,240,Down,0,calendar_ridge_logistic-l2-10,0.48204303773546403,0.6578631246057542,0.232365490229234,lgbm-depth2-leaves3,0.40651580065090254,0.5217446881189944,0.16525509617884432,0.1361184364867598
0x4db0d7951eae901ea582e5e904867637749a234e1e6468afcc41a9da575ac51d,1782159900000,2026-06-22T20:25:00Z,1782159930000,2026-06-22T20:25:30Z,30,Down,0,calendar_ridge_logistic-l2-10,0.4820288290525935,0.6578356928131117,0.2323517920378144,lgbm-depth2-leaves3,0.39650324341203863,0.5050146127954278,0.15721482203626636,0.1528210800176839
0x4db0d7951eae901ea582e5e904867637749a234e1e6468afcc41a9da575ac51d,1782159900000,2026-06-22T20:25:00Z,1782159960000,2026-06-22T20:26:00Z,60,Down,0,calendar_ridge_logistic-l2-10,0.4820242081106713,0.657826771619097,0.23234733720471978,lgbm-depth2-leaves3,0.4484314823209311,0.5949892092402653,0.20109079433654756,0.06283756237883165
0x4db0d7951eae901ea582e5e904867637749a234e1e6468afcc41a9da575ac51d,1782159900000,2026-06-22T20:25:00Z,1782159990000,2026-06-22T20:26:30Z,90,Down,0,calendar_ridge_logistic-l2-10,0.48201963040730816,0.6578179339799509,0.23234292409799795,lgbm-depth2-leaves3,0.31791273997962916,0.3825976820792799,0.1010685102413553,0.275220251900671
0x4db0d7951eae901ea582e5e904867637749a234e1e6468afcc41a9da575ac51d,1782159900000,2026-06-22T20:25:00Z,1782160020000,2026-06-22T20:27:00Z,120,Down,0,calendar_ridge_logistic-l2-10,0.48201509722807334,0.6578091823753253,0.232338553955789,lgbm-depth2-leaves3,0.4162584437241775,0.5382969347275023,0.17327109197167423,0.11951224764782298
0x4db0d7951eae901ea582e5e904867637749a234e1e6468afcc41a9da575ac51d,1782159900000,2026-06-22T20:25:00Z,1782160050000,2026-06-22T20:27:30Z,150,Down,0,calendar_ridge_logistic-l2-10,0.48201060771578047,0.657800515148128,0.23233422595053602,lgbm-depth2-leaves3,0.3904470383924455,0.4950294403041624,0.1524488897894318,0.16277107484396558
0x4db0d7951eae901ea582e5e904867637749a234e1e6468afcc41a9da575ac51d,1782159900000,2026-06-22T20:25:00Z,1782160080000,2026-06-22T20:28:00Z,180,Down,0,calendar_ridge_logistic-l2-10,0.482006162298895,0.657791933123329,0.23232994049410868,lgbm-depth2-leaves3,0.38017616461276543,0.4783199777896176,0.1445339161396725,0.17947195533371135
0x4db0d7951eae901ea582e5e904867637749a234e1e6468afcc41a9da575ac51d,1782159900000,2026-06-22T20:25:00Z,1782160110000,2026-06-22T20:28:30Z,210,Down,0,calendar_ridge_logistic-l2-10,0.48200176103835224,0.6577834364163716,0.23232569764407282,lgbm-depth2-leaves3,0.4999103297856512,0.6929678562108199,0.24991033782639854,-0.03518441979444831
0x4db0d7951eae901ea582e5e904867637749a234e1e6468afcc41a9da575ac51d,1782159900000,2026-06-22T20:25:00Z,1782160140000,2026-06-22T20:29:00Z,240,Down,0,calendar_ridge_logistic-l2-10,0.4819974034445007,0.6577750240798133,0.23232149692724077,lgbm-depth2-leaves3,0.5642728687446178,0.8307390773008363,0.31840387040128065,-0.17296405322102304
0x82a7a978ce198159e9b9468992cca31fdd50b73f9156f39135b9025bfe514c04,1782160200000,2026-06-22T20:30:00Z,1782160230000,2026-06-22T20:30:30Z,30,Up,1,calendar_ridge_logistic-l2-10,0.48198451517663254,0.7298432916371529,0.26834004251678845,lgbm-depth2-leaves3,0.7336990422144237,0.30965635868157165,0.07091620011751527,0.42018693295558124
0x82a7a978ce198159e9b9468992cca31fdd50b73f9156f39135b9025bfe514c04,1782160200000,2026-06-22T20:30:00Z,1782160260000,2026-06-22T20:31:00Z,60,Up,1,calendar_ridge_logistic-l2-10,0.48198033408501606,0.7298519664173997,0.26834437427467156,lgbm-depth2-leaves3,0.7122476548310422,0.3393295982300494,0.08280141215023501,0.3905223681873503
0x82a7a978ce198159e9b9468992cca31fdd50b73f9156f39135b9025bfe514c04,1782160200000,2026-06-22T20:30:00Z,1782160290000,2026-06-22T20:31:30Z,90,Up,1,calendar_ridge_logistic-l2-10,0.48197619757780996,0.72986054876955,0.2683486598759442,lgbm-depth2-leaves3,0.5091403836135568,0.6750314976810831,0.24094316299904614,0.05482905108846692
0x82a7a978ce198159e9b9468992cca31fdd50b73f9156f39135b9025bfe514c04,1782160200000,2026-06-22T20:30:00Z,1782160320000,2026-06-22T20:32:00Z,120,Up,1,calendar_ridge_logistic-l2-10,0.48197210479782904,0.7298690404697187,0.2683529002075914,lgbm-depth2-leaves3,0.39399790790075134,0.931409679594871,0.3672385356286662,-0.2015406391251523
0x82a7a978ce198159e9b9468992cca31fdd50b73f9156f39135b9025bfe514c04,1782160200000,2026-06-22T20:30:00Z,1782160350000,2026-06-22T20:32:30Z,150,Up,1,calendar_ridge_logistic-l2-10,0.48196805660210096,0.7298774397374123,0.26835709438060407,lgbm-depth2-leaves3,0.7070020086787785,0.3467217719597863,0.08584782291827059,0.38315566777762594
0x82a7a978ce198159e9b9468992cca31fdd50b73f9156f39135b9025bfe514c04,1782160200000,2026-06-22T20:30:00Z,1782160380000,2026-06-22T20:33:00Z,180,Up,1,calendar_ridge_logistic-l2-10,0.48196405256199676,0.7298857474596391,0.2683612428379896,lgbm-depth2-leaves3,0.673893239384475,0.3946835791555582,0.10634561931915133,0.3352021683040809
0x82a7a978ce198159e9b9468992cca31fdd50b73f9156f39135b9025bfe514c04,1782160200000,2026-06-22T20:30:00Z,1782160410000,2026-06-22T20:33:30Z,210,Up,1,calendar_ridge_logistic-l2-10,0.4819600926774374,0.7298939636342809,0.2683653455787692,lgbm-depth2-leaves3,0.3905395936369871,0.9402259226860568,0.3714419869241688,-0.21033195905177582
0x82a7a978ce198159e9b9468992cca31fdd50b73f9156f39135b9025bfe514c04,1782160200000,2026-06-22T20:30:00Z,1782160440000,2026-06-22T20:34:00Z,240,Up,1,calendar_ridge_logistic-l2-10,0.48195617700937404,0.7299020881326145,0.2683694025387429,lgbm-depth2-leaves3,0.519463245986937,0.6549592197677363,0.23091557195741097,0.07494286836487818
0xf1201f4168df4873518a417aedadedb0cce77279eddd2a8a03d68b3a7e998545,1782160500000,2026-06-22T20:35:00Z,1782160530000,2026-06-22T20:35:30Z,30,Up,1,calendar_ridge_logistic-l2-10,0.4819446149418193,0.7299260782935353,0.2683813819877799,lgbm-depth2-leaves3,0.41622145032230157,0.8765378278540257,0.34079739506379697,-0.1466117495604904
0xf1201f4168df4873518a417aedadedb0cce77279eddd2a8a03d68b3a7e998545,1782160500000,2026-06-22T20:35:00Z,1782160560000,2026-06-22T20:36:00Z,60,Up,1,calendar_ridge_logistic-l2-10,0.4819408765065589,0.7299338353047021,0.2683852554347924,lgbm-depth2-leaves3,0.43624895735520275,0.8295421954850835,0.31781523808309603,-0.09960836018038133
0xf1201f4168df4873518a417aedadedb0cce77279eddd2a8a03d68b3a7e998545,1782160500000,2026-06-22T20:35:00Z,1782160590000,2026-06-22T20:36:30Z,90,Up,1,calendar_ridge_logistic-l2-10,0.48193718265495605,0.7299414998667653,0.2683890827154843,lgbm-depth2-leaves3,0.48228736184350673,0.7292151561827258,0.26802637570695614,0.0007263436840394544
0xf1201f4168df4873518a417aedadedb0cce77279eddd2a8a03d68b3a7e998545,1782160500000,2026-06-22T20:35:00Z,1782160620000,2026-06-22T20:37:00Z,120,Up,1,calendar_ridge_logistic-l2-10,0.4819335326518795,0.7299490735029773,0.2683928645905613,lgbm-depth2-leaves3,0.44929524187024295,0.8000750530572619,0.3032757306267542,-0.07012597955428457
0xf1201f4168df4873518a417aedadedb0cce77279eddd2a8a03d68b3a7e998545,1782160500000,2026-06-22T20:35:00Z,1782160650000,2026-06-22T20:37:30Z,150,Up,1,calendar_ridge_logistic-l2-10,0.4819299276608675,0.729956553796941,0.26839659985347397,lgbm-depth2-leaves3,0.7575747084401339,0.2776331214582617,0.058770021987886105,0.45232343233867933
0xf1201f4168df4873518a417aedadedb0cce77279eddd2a8a03d68b3a7e998545,1782160500000,2026-06-22T20:35:00Z,1782160680000,2026-06-22T20:38:00Z,180,Up,1,calendar_ridge_logistic-l2-10,0.4819263665182466,0.7299639431611905,0.26840028970898616,lgbm-depth2-leaves3,0.6652370571762692,0.4076118248923016,0.11206622788800442,0.32235211826888893
0xf1201f4168df4873518a417aedadedb0cce77279eddd2a8a03d68b3a7e998545,1782160500000,2026-06-22T20:35:00Z,1782160710000,2026-06-22T20:38:30Z,210,Up,1,calendar_ridge_logistic-l2-10,0.481922850081041,0.7299712398153664,0.26840393326815143,lgbm-depth2-leaves3,0.7374345177313402,0.30457798422701154,0.06894063247897392,0.42539325558835483
0xf1201f4168df4873518a417aedadedb0cce77279eddd2a8a03d68b3a7e998545,1782160500000,2026-06-22T20:35:00Z,1782160740000,2026-06-22T20:39:00Z,240,Up,1,calendar_ridge_logistic-l2-10,0.48191937822714687,0.7299784440108087,0.26840753065654605,lgbm-depth2-leaves3,0.5816436151819185,0.5418973638587496,0.17502206471805465,0.18808108015205904
0xb3c693f2bf7d0aedcd04f21c4f80f1bfa55f41c5bc10918cd0ff0f3f68048f74,1782160800000,2026-06-22T20:40:00Z,1782160830000,2026-06-22T20:40:30Z,30,Down,0,calendar_ridge_logistic-l2-10,0.4819091473514418,0.6576046608884618,0.23223642630099364,lgbm-depth2-leaves3,0.4049376681931267,0.5190891195841009,0.1639745151216868,0.13851554130436095
0xb3c693f2bf7d0aedcd04f21c4f80f1bfa55f41c5bc10918cd0ff0f3f68048f74,1782160800000,2026-06-22T20:40:00Z,1782160860000,2026-06-22T20:41:00Z,60,Down,0,calendar_ridge_logistic-l2-10,0.48190585303268496,0.6575983023351956,0.23223325118715976,lgbm-depth2-leaves3,0.6417107215834877,1.0264145786006302,0.4117926501952005,-0.3688162762654347
0xb3c693f2bf7d0aedcd04f21c4f80f1bfa55f41c5bc10918cd0ff0f3f68048f74,1782160800000,2026-06-22T20:40:00Z,1782160890000,2026-06-22T20:41:30Z,90,Down,0,calendar_ridge_logistic-l2-10,0.4819026034189543,0.6575920301092719,0.23223011918196595,lgbm-depth2-leaves3,0.66223159186017,1.0853948013625376,0.4385506812576548,-0.4278027712532657
0xb3c693f2bf7d0aedcd04f21c4f80f1bfa55f41c5bc10918cd0ff0f3f68048f74,1782160800000,2026-06-22T20:40:00Z,1782160920000,2026-06-22T20:42:00Z,120,Down,0,calendar_ridge_logistic-l2-10,0.48189939851018165,0.6575858442089351,0.23222703028447486,lgbm-depth2-leaves3,0.5079619018691077,0.7091991302623905,0.258025293750481,-0.05161328605345539
0xb3c693f2bf7d0aedcd04f21c4f80f1bfa55f41c5bc10918cd0ff0f3f68048f74,1782160800000,2026-06-22T20:40:00Z,1782160950000,2026-06-22T20:42:30Z,150,Down,0,calendar_ridge_logistic-l2-10,0.4818962375102394,0.6575797430959652,0.23222398372652509,lgbm-depth2-leaves3,0.5052818450249185,0.7037670624627346,0.2553097429117857,-0.04618731936676934
0xb3c693f2bf7d0aedcd04f21c4f80f1bfa55f41c5bc10918cd0ff0f3f68048f74,1782160800000,2026-06-22T20:40:00Z,1782160980000,2026-06-22T20:43:00Z,180,Down,0,calendar_ridge_logistic-l2-10,0.48189312201120627,0.6575737298416876,0.23222098104170733,lgbm-depth2-leaves3,0.44697452052604975,0.5923512035231207,0.19978622199949206,0.06522252631856695
0xb3c693f2bf7d0aedcd04f21c4f80f1bfa55f41c5bc10918cd0ff0f3f68048f74,1782160800000,2026-06-22T20:40:00Z,1782161010000,2026-06-22T20:43:30Z,210,Down,0,calendar_ridge_logistic-l2-10,0.4818900500533526,0.6575678006620588,0.2322180203404227,lgbm-depth2-leaves3,0.4051081673551221,0.5193756838371715,0.16411262725782563,0.1381921168248873
0xb3c693f2bf7d0aedcd04f21c4f80f1bfa55f41c5bc10918cd0ff0f3f68048f74,1782160800000,2026-06-22T20:40:00Z,1782161040000,2026-06-22T20:44:00Z,240,Down,0,calendar_ridge_logistic-l2-10,0.4818870232287664,0.6575619586284419,0.23221510315628166,lgbm-depth2-leaves3,0.49539445238283947,0.6839782487469093,0.2454156634516934,-0.026416290118467356
0xda933b9bc46da9ee9d0fd0cdf0b8606c4992a0b50740ecd6f2a593ba9c10c460,1782161100000,2026-06-22T20:45:00Z,1782161130000,2026-06-22T20:45:30Z,30,Down,0,calendar_ridge_logistic-l2-10,0.48187812933489255,0.6575447928404045,0.23220653153129542,lgbm-depth2-leaves3,0.5077729177729471,0.70881511972894,0.2578333360236521,-0.0512703268885355
0xda933b9bc46da9ee9d0fd0cdf0b8606c4992a0b50740ecd6f2a593ba9c10c460,1782161100000,2026-06-22T20:45:00Z,1782161160000,2026-06-22T20:46:00Z,60,Down,0,calendar_ridge_logistic-l2-10,0.48187528071562546,0.6575392948840402,0.23220378616476284,lgbm-depth2-leaves3,0.4873063315235735,0.6680767496418073,0.23746746074296293,-0.010537454757767128
0xda933b9bc46da9ee9d0fd0cdf0b8606c4992a0b50740ecd6f2a593ba9c10c460,1782161100000,2026-06-22T20:45:00Z,1782161190000,2026-06-22T20:46:30Z,90,Down,0,calendar_ridge_logistic-l2-10,0.48187247686181495,0.6575338833564299,0.2322010839569404,lgbm-depth2-leaves3,0.4058499582073532,0.5206233959058756,0.16471418857691034,0.13691048745055434
0xda933b9bc46da9ee9d0fd0cdf0b8606c4992a0b50740ecd6f2a593ba9c10c460,1782161100000,2026-06-22T20:45:00Z,1782161220000,2026-06-22T20:47:00Z,120,Down,0,calendar_ridge_logistic-l2-10,0.48186971777340065,0.6575285582560543,0.2321984249070168,lgbm-depth2-leaves3,0.42770832740113307,0.5581065004350145,0.18293441332827484,0.09942205782103974
0xda933b9bc46da9ee9d0fd0cdf0b8606c4992a0b50740ecd6f2a593ba9c10c460,1782161100000,2026-06-22T20:45:00Z,1782161250000,2026-06-22T20:47:30Z,150,Down,0,calendar_ridge_logistic-l2-10,0.4818670038788784,0.6575233204085323,0.232195809427207,lgbm-depth2-leaves3,0.646889496967426,1.0409742312832264,0.4184660212867695,-0.3834509108746941
0xda933b9bc46da9ee9d0fd0cdf0b8606c4992a0b50740ecd6f2a593ba9c10c460,1782161100000,2026-06-22T20:45:00Z,1782161280000,2026-06-22T20:48:00Z,180,Down,0,calendar_ridge_logistic-l2-10,0.4818643339535818,0.6575181674488916,0.232193236336529,lgbm-depth2-leaves3,0.39983886777752137,0.5105571061159508,0.15987112018561023,0.14696106133294073
0xda933b9bc46da9ee9d0fd0cdf0b8606c4992a0b50740ecd6f2a593ba9c10c460,1782161100000,2026-06-22T20:45:00Z,1782161310000,2026-06-22T20:48:30Z,210,Down,0,calendar_ridge_logistic-l2-10,0.4818617088545445,0.6575131010298831,0.2321907064602218,lgbm-depth2-leaves3,0.417255143440028,0.5400058272571354,0.17410185472715836,0.11750727377274772
0xda933b9bc46da9ee9d0fd0cdf0b8606c4992a0b50740ecd6f2a593ba9c10c460,1782161100000,2026-06-22T20:45:00Z,1782161340000,2026-06-22T20:49:00Z,240,Down,0,calendar_ridge_logistic-l2-10,0.4818591289492432,0.6575081218594137,0.23218822015172338,lgbm-depth2-leaves3,0.6230729457719729,0.9757036003670869,0.3882198957529639,-0.31819547850767327
0x28c4bc7e72642ad3bd1abc773d12658d170b0b6cb51e092dd46041785c24f0ae,1782161400000,2026-06-22T20:50:00Z,1782161430000,2026-06-22T20:50:30Z,30,Down,0,calendar_ridge_logistic-l2-10,0.4818515751349052,0.6574935432772205,0.23218094045998916,lgbm-depth2-leaves3,0.3905395936369871,0.4951812930190732,0.152521174198143,0.16231225025814733
0x28c4bc7e72642ad3bd1abc773d12658d170b0b6cb51e092dd46041785c24f0ae,1782161400000,2026-06-22T20:50:00Z,1782161460000,2026-06-22T20:51:00Z,60,Down,0,calendar_ridge_logistic-l2-10,0.4818491741054339,0.6574889094236892,0.23217862658608873,lgbm-depth2-leaves3,0.3258021930911376,0.3942317290666391,0.10614706902299492,0.2632571803570501
0x28c4bc7e72642ad3bd1abc773d12658d170b0b6cb51e092dd46041785c24f0ae,1782161400000,2026-06-22T20:50:00Z,1782161490000,2026-06-22T20:51:30Z,90,Down,0,calendar_ridge_logistic-l2-10,0.48184681796295237,0.6574843622204294,0.23217635598102257,lgbm-depth2-leaves3,0.4749771537892614,0.6443135007454497,0.2256032966217477,0.0131708614749797
0x28c4bc7e72642ad3bd1abc773d12658d170b0b6cb51e092dd46041785c24f0ae,1782161400000,2026-06-22T20:50:00Z,1782161520000,2026-06-22T20:52:00Z,120,Down,0,calendar_ridge_logistic-l2-10,0.4818445058503241,0.6574799000120519,0.23217412781814303,lgbm-depth2-leaves3,0.268767630986774,0.3130239914778835,0.07223603946624271,0.3444559085341684
0x28c4bc7e72642ad3bd1abc773d12658d170b0b6cb51e092dd46041785c24f0ae,1782161400000,2026-06-22T20:50:00Z,1782161550000,2026-06-22T20:52:30Z,150,Down,0,calendar_ridge_logistic-l2-10,0.4818422389921173,0.6574755251607306,0.2321719432769367,lgbm-depth2-leaves3,0.4431295834647243,0.5854227114795539,0.19636382774162006,0.07205281368117666
0x28c4bc7e72642ad3bd1abc773d12658d170b0b6cb51e092dd46041785c24f0ae,1782161400000,2026-06-22T20:50:00Z,1782161580000,2026-06-22T20:53:00Z,180,Down,0,calendar_ridge_logistic-l2-10,0.4818400170207622,0.657471236955944,0.2321698020025684,lgbm-depth2-leaves3,0.3905395936369871,0.4951812930190732,0.152521174198143,0.1622899439368708
0x28c4bc7e72642ad3bd1abc773d12658d170b0b6cb51e092dd46041785c24f0ae,1782161400000,2026-06-22T20:50:00Z,1782161610000,2026-06-22T20:53:30Z,210,Down,0,calendar_ridge_logistic-l2-10,0.48183783950767123,0.6574670345694473,0.23216770358142033,lgbm-depth2-leaves3,0.5138567016597271,0.7212518459901124,0.26404870984061374,-0.06378481142066506
0x28c4bc7e72642ad3bd1abc773d12658d170b0b6cb51e092dd46041785c24f0ae,1782161400000,2026-06-22T20:50:00Z,1782161640000,2026-06-22T20:54:00Z,240,Down,0,calendar_ridge_logistic-l2-10,0.4818357073098916,0.6574629196541655,0.23216564883882354,lgbm-depth2-leaves3,0.66223159186017,1.0853948013625376,0.4385506812576548,-0.42793188170837215
0x65e9cea4da83cf2ae59065aabccf62085d83ac169e64e2c18dfae76631179612,1782161700000,2026-06-22T20:55:00Z,1782161730000,2026-06-22T20:55:30Z,30,Up,1,calendar_ridge_logistic-l2-10,0.4818294985129114,0.7301649650364935,0.26850066861138083,lgbm-depth2-leaves3,0.6177281412473812,0.4817068192034347,0.14613177399418215,0.2484581458330588
0x65e9cea4da83cf2ae59065aabccf62085d83ac169e64e2c18dfae76631179612,1782161700000,2026-06-22T20:55:00Z,1782161760000,2026-06-22T20:56:00Z,60,Up,1,calendar_ridge_logistic-l2-10,0.48182754506574504,0.7301690192737958,0.26850269305259256,lgbm-depth2-leaves3,0.562700340553064,0.5750080473306043,0.19123099215240624,0.15516097194319156
0x65e9cea4da83cf2ae59065aabccf62085d83ac169e64e2c18dfae76631179612,1782161700000,2026-06-22T20:55:00Z,1782161790000,2026-06-22T20:56:30Z,90,Up,1,calendar_ridge_logistic-l2-10,0.48182563736222983,0.7301729785893463,0.26850467009505935,lgbm-depth2-leaves3,0.47504456307940124,0.7443466623387704,0.2755782107524967,-0.014173683749424182
0x65e9cea4da83cf2ae59065aabccf62085d83ac169e64e2c18dfae76631179612,1782161700000,2026-06-22T20:55:00Z,1782161820000,2026-06-22T20:57:00Z,120,Up,1,calendar_ridge_logistic-l2-10,0.4818237741777184,0.7301768455237088,0.2685066010074242,lgbm-depth2-leaves3,0.4225520034392769,0.8614427546958762,0.3334461887319929,-0.1312659091721674
0x65e9cea4da83cf2ae59065aabccf62085d83ac169e64e2c18dfae76631179612,1782161700000,2026-06-22T20:55:00Z,1782161850000,2026-06-22T20:57:30Z,150,Up,1,calendar_ridge_logistic-l2-10,0.48182195551218004,0.7301806200758753,0.26850848578922104,lgbm-depth2-leaves3,0.49012835534936466,0.7130879724877143,0.2599690940187437,0.01709264758816098
0x65e9cea4da83cf2ae59065aabccf62085d83ac169e64e2c18dfae76631179612,1782161700000,2026-06-22T20:55:00Z,1782161880000,2026-06-22T20:58:00Z,180,Up,1,calendar_ridge_logistic-l2-10,0.48182018222265943,0.730184300466035,0.26851032355175786,lgbm-depth2-leaves3,0.40329235754971016,0.9080935270723216,0.35606001055858294,-0.1779092266062866
0x65e9cea4da83cf2ae59065aabccf62085d83ac169e64e2c18dfae76631179612,1782161700000,2026-06-22T20:55:00Z,1782161910000,2026-06-22T20:58:30Z,210,Up,1,calendar_ridge_logistic-l2-10,0.481818453452037,0.7301878884720746,0.26851211518283874,lgbm-depth2-leaves3,0.4170242166500138,0.874610985368304,0.33986076397253007,-0.14442309689622934
0x65e9cea4da83cf2ae59065aabccf62085d83ac169e64e2c18dfae76631179612,1782161700000,2026-06-22T20:55:00Z,1782161940000,2026-06-22T20:59:00Z,240,Up,1,calendar_ridge_logistic-l2-10,0.4818167704248866,0.730191381551424,0.2685138594128947,lgbm-depth2-leaves3,0.5219511592322683,0.6501812601660881,0.22853069415937208,0.08001012138533592
0x1de000bae75bf29ef8c5d6c3bc5acac2088ac7a79a22c59aac654203e1a69f86,1782162000000,2026-06-22T21:00:00Z,1782162030000,2026-06-22T21:00:30Z,30,Down,0,calendar_ridge_logistic-l2-10,0.4818119081558962,0.6574169909635873,0.23214271484082574,lgbm-depth2-leaves3,0.5866764743424234,0.8835246375804822,0.34418928554685624,-0.22610764661689486
0x1de000bae75bf29ef8c5d6c3bc5acac2088ac7a79a22c59aac654203e1a69f86,1782162000000,2026-06-22T21:00:00Z,1782162060000,2026-06-22T21:01:00Z,60,Down,0,calendar_ridge_logistic-l2-10,0.48181040467258784,0.657414089543908,0.23214126605076285,lgbm-depth2-leaves3,0.4153109309282512,0.5366750789098487,0.17248316934849064,0.12073901063405934
0x1de000bae75bf29ef8c5d6c3bc5acac2088ac7a79a22c59aac654203e1a69f86,1782162000000,2026-06-22T21:00:00Z,1782162090000,2026-06-22T21:01:30Z,90,Down,0,calendar_ridge_logistic-l2-10,0.48180894534047247,0.6574112733351812,0.23213985981009838,lgbm-depth2-leaves3,0.608577807389586,0.937968525038887,0.37036694764711603,-0.2805572517037057
0x1de000bae75bf29ef8c5d6c3bc5acac2088ac7a79a22c59aac654203e1a69f86,1782162000000,2026-06-22T21:00:00Z,1782162120000,2026-06-22T21:02:00Z,120,Down,0,calendar_ridge_logistic-l2-10,0.48180753181265623,0.6574085455268264,0.23213849771140374,lgbm-depth2-leaves3,0.7784167444022496,1.5069568883459061,0.6059326279657972,-0.8495483428190798
0x1de000bae75bf29ef8c5d6c3bc5acac2088ac7a79a22c59aac654203e1a69f86,1782162000000,2026-06-22T21:00:00Z,1782162150000,2026-06-22T21:02:30Z,150,Down,0,calendar_ridge_logistic-l2-10,0.48180616292553635,0.6574059038726229,0.2321371786330285,lgbm-depth2-leaves3,0.529400392491716,0.7537476367132686,0.28026477557038293,-0.09634173284064573
0x1de000bae75bf29ef8c5d6c3bc5acac2088ac7a79a22c59aac654203e1a69f86,1782162000000,2026-06-22T21:00:00Z,1782162180000,2026-06-22T21:03:00Z,180,Down,0,calendar_ridge_logistic-l2-10,0.4818048394141236,0.6574033497902932,0.23213590328286943,lgbm-depth2-leaves3,0.3910148885563592,0.49596145911847406,0.152892643072742,0.1614418906718192
0x1de000bae75bf29ef8c5d6c3bc5acac2088ac7a79a22c59aac654203e1a69f86,1782162000000,2026-06-22T21:00:00Z,1782162210000,2026-06-22T21:03:30Z,210,Down,0,calendar_ridge_logistic-l2-10,0.4818035605433491,0.6574008818606527,0.23213467095224866,lgbm-depth2-leaves3,0.5242177683144822,0.7427950258931476,0.2748042686166161,-0.0853941440324949
0x1de000bae75bf29ef8c5d6c3bc5acac2088ac7a79a22c59aac654203e1a69f86,1782162000000,2026-06-22T21:00:00Z,1782162240000,2026-06-22T21:04:00Z,240,Down,0,calendar_ridge_logistic-l2-10,0.4818023263131935,0.6573985000830259,0.23213348164080497,lgbm-depth2-leaves3,0.31501894693289884,0.3783641008585065,0.09923693692671254,0.2790343992245194
0x6575d1452e56066fe6c3d87873e45fce32f485576d0d04bbb7803fef0a798488,1782162300000,2026-06-22T21:05:00Z,1782162330000,2026-06-22T21:05:30Z,30,Down,0,calendar_ridge_logistic-l2-10,0.4817988139840426,0.6573917221343278,0.2321300971564301,lgbm-depth2-leaves3,0.3972938179805605,0.5063254613374483,0.15784237780557075,0.15106626079687957
0x6575d1452e56066fe6c3d87873e45fce32f485576d0d04bbb7803fef0a798488,1782162300000,2026-06-22T21:05:00Z,1782162360000,2026-06-22T21:06:00Z,60,Down,0,calendar_ridge_logistic-l2-10,0.481797759908246,0.6573896880310626,0.23212908145260389,lgbm-depth2-leaves3,0.570578478558836,0.8453162749956379,0.32555980019451614,-0.18792658696457532
0x6575d1452e56066fe6c3d87873e45fce32f485576d0d04bbb7803fef0a798488,1782162300000,2026-06-22T21:05:00Z,1782162390000,2026-06-22T21:06:30Z,90,Down,0,calendar_ridge_logistic-l2-10,0.48179675096251456,0.6573877410214374,0.23212810923803529,lgbm-depth2-leaves3,0.48248500692845414,0.6587167821433675,0.23279178191075045,-0.001329041121930108
0x6575d1452e56066fe6c3d87873e45fce32f485576d0d04bbb7803fef0a798488,1782162300000,2026-06-22T21:05:00Z,1782162420000,2026-06-22T21:07:00Z,120,Down,0,calendar_ridge_logistic-l2-10,0.4817957874533219,0.6573858816963585,0.23212718080776654,lgbm-depth2-leaves3,0.4170242166500138,0.5396096314875337,0.17390919727255766,0.11777625020882476
0x6575d1452e56066fe6c3d87873e45fce32f485576d0d04bbb7803fef0a798488,1782162300000,2026-06-22T21:05:00Z,1782162450000,2026-06-22T21:07:30Z,150,Down,0,calendar_ridge_logistic-l2-10,0.48179486864561544,0.6573841086368779,0.23212629545324584,lgbm-depth2-leaves3,0.5291331268999746,0.7531798722640272,0.2799818659829446,-0.09579576362714926
0x6575d1452e56066fe6c3d87873e45fce32f485576d0d04bbb7803fef0a798488,1782162300000,2026-06-22T21:05:00Z,1782162480000,2026-06-22T21:08:00Z,180,Down,0,calendar_ridge_logistic-l2-10,0.48179399490689506,0.6573824225517141,0.23212545352834524,lgbm-depth2-leaves3,0.4091780699948933,0.5262406098447076,0.1674266929647458,0.13114181270700653
0x6575d1452e56066fe6c3d87873e45fce32f485576d0d04bbb7803fef0a798488,1782162300000,2026-06-22T21:05:00Z,1782162510000,2026-06-22T21:08:30Z,210,Down,0,calendar_ridge_logistic-l2-10,0.48179316666567934,0.6573808242673529,0.23212465544574307,lgbm-depth2-leaves3,0.43446190550279384,0.5699776214203744,0.18875714733311857,0.08740320284697844
0x6575d1452e56066fe6c3d87873e45fce32f485576d0d04bbb7803fef0a798488,1782162300000,2026-06-22T21:05:00Z,1782162540000,2026-06-22T21:09:00Z,240,Down,0,calendar_ridge_logistic-l2-10,0.4817923827583795,0.6573793115379628,0.23212390008399686,lgbm-depth2-leaves3,0.3914657863732685,0.4967021419614297,0.15324546190084148,0.1606771695765331
0x24ad9032da564b378a48ebeae0d325bd742278661ef947b9c94d679201cf18a4,1782162600000,2026-06-22T21:10:00Z,1782162630000,2026-06-22T21:10:30Z,30,Up,1,calendar_ridge_logistic-l2-10,0.48179022102784086,0.7302464857532157,0.268541375022374,lgbm-depth2-leaves3,0.3972938179805605,0.9230791763617759,0.3632547418444497,-0.19283269060856023
0x24ad9032da564b378a48ebeae0d325bd742278661ef947b9c94d679201cf18a4,1782162600000,2026-06-22T21:10:00Z,1782162660000,2026-06-22T21:11:00Z,60,Up,1,calendar_ridge_logistic-l2-10,0.4817896180078053,0.7302477373776501,0.26854200000449635,lgbm-depth2-leaves3,0.3914657863732685,0.9378571584984117,0.3703138891543045,-0.20760942112076153
0x24ad9032da564b378a48ebeae0d325bd742278661ef947b9c94d679201cf18a4,1782162600000,2026-06-22T21:10:00Z,1782162690000,2026-06-22T21:11:30Z,90,Up,1,calendar_ridge_logistic-l2-10,0.4817890593216171,0.7302488969844396,0.2685425790387745,lgbm-depth2-leaves3,0.41368091975411964,0.8826603275498054,0.3437700638603752,-0.15241143056536577
0x24ad9032da564b378a48ebeae0d325bd742278661ef947b9c94d679201cf18a4,1782162600000,2026-06-22T21:10:00Z,1782162720000,2026-06-22T21:12:00Z,120,Up,1,calendar_ridge_logistic-l2-10,0.4817885461938558,0.7302499620315274,0.2685431108558775,lgbm-depth2-leaves3,0.4723302353473545,0.7500768868787022,0.27843538052857825,-0.019826924847174854
0x24ad9032da564b378a48ebeae0d325bd742278661ef947b9c94d679201cf18a4,1782162600000,2026-06-22T21:10:00Z,1782162750000,2026-06-22T21:12:30Z,150,Up,1,calendar_ridge_logistic-l2-10,0.4817880781959787,0.7302509334080952,0.2685435958998171,lgbm-depth2-leaves3,0.3234744027280317,1.1286352942057167,0.45768688376419353,-0.3983843607976215
0x24ad9032da564b378a48ebeae0d325bd742278661ef947b9c94d679201cf18a4,1782162600000,2026-06-22T21:10:00Z,1782162780000,2026-06-22T21:13:00Z,180,Up,1,calendar_ridge_logistic-l2-10,0.4817876545929352,0.7302518126395433,0.26854403493229106,lgbm-depth2-leaves3,0.40931836455735854,0.8932620282827574,0.34890479444919353,-0.16301021564321405
0x24ad9032da564b378a48ebeae0d325bd742278661ef947b9c94d679201cf18a4,1782162600000,2026-06-22T21:10:00Z,1782162810000,2026-06-22T21:13:30Z,210,Up,1,calendar_ridge_logistic-l2-10,0.4817872765482924,0.7302525973105235,0.26854442674723594,lgbm-depth2-leaves3,0.5759298931472807,0.5517693389798799,0.17983545552607674,0.1784832583306436
0x24ad9032da564b378a48ebeae0d325bd742278661ef947b9c94d679201cf18a4,1782162600000,2026-06-22T21:10:00Z,1782162840000,2026-06-22T21:14:00Z,240,Up,1,calendar_ridge_logistic-l2-10,0.48178694369452774,0.730253288183645,0.2685447717254586,lgbm-depth2-leaves3,0.7247218276027616,0.3219673838189505,0.0757780721983637,0.4082859043646945
0x0294f3fea643d2c6e504c46829f96773ed4638d4ac5534eff819b9e3fc22c91e,1782162900000,2026-06-22T21:15:00Z,1782162930000,2026-06-22T21:15:30Z,30,Down,0,calendar_ridge_logistic-l2-10,0.48178613444862106,0.657367254069332,0.23211787934694478,lgbm-depth2-leaves3,0.2927661383063784,0.34639388745087585,0.08571201173882947,0.3109733666184562
0x0294f3fea643d2c6e504c46829f96773ed4638d4ac5534eff819b9e3fc22c91e,1782162900000,2026-06-22T21:15:00Z,1782162960000,2026-06-22T21:16:00Z,60,Down,0,calendar_ridge_logistic-l2-10,0.48178598156224467,0.6573669590437374,0.23211773202989555,lgbm-depth2-leaves3,0.5224775031399355,0.7391440063281073,0.2729827412873413,-0.08177704728436985
0x0294f3fea643d2c6e504c46829f96773ed4638d4ac5534eff819b9e3fc22c91e,1782162900000,2026-06-22T21:15:00Z,1782162990000,2026-06-22T21:16:30Z,90,Down,0,calendar_ridge_logistic-l2-10,0.4817858739277421,0.657366751340959,0.2321176283163182,lgbm-depth2-leaves3,0.3880154669685243,0.4910482696135603,0.15055600260680196,0.16631848172739871
0x0294f3fea643d2c6e504c46829f96773ed4638d4ac5534eff819b9e3fc22c91e,1782162900000,2026-06-22T21:15:00Z,1782163020000,2026-06-22T21:17:00Z,120,Down,0,calendar_ridge_logistic-l2-10,0.48178581191262415,0.6573666316701298,0.23211756856030646,lgbm-depth2-leaves3,0.2600624392298055,0.30118947368146437,0.06763247229815628,0.3561771579886654
0x0294f3fea643d2c6e504c46829f96773ed4638d4ac5534eff819b9e3fc22c91e,1782162900000,2026-06-22T21:15:00Z,1782163050000,2026-06-22T21:17:30Z,150,Down,0,calendar_ridge_logistic-l2-10,0.4817857939247801,0.6573665969589154,0.23211755122773067,lgbm-depth2-leaves3,0.502627722927135,0.6984164848459284,0.25263462785491675,-0.041049887887013026
0x0294f3fea643d2c6e504c46829f96773ed4638d4ac5534eff819b9e3fc22c91e,1782162900000,2026-06-22T21:15:00Z,1782163080000,2026-06-22T21:18:00Z,180,Down,0,calendar_ridge_logistic-l2-10,0.4817858219848613,0.6573666511065664,0.23211757826562845,lgbm-depth2-leaves3,0.7644314476906735,1.445753315276293,0.5843554382184589,-0.7883866641697265
0x0294f3fea643d2c6e504c46829f96773ed4638d4ac5534eff819b9e3fc22c91e,1782162900000,2026-06-22T21:15:00Z,1782163110000,2026-06-22T21:18:30Z,210,Down,0,calendar_ridge_logistic-l2-10,0.4817858945007494,0.6573667910407794,0.23211764813988722,lgbm-depth2-leaves3,0.7453507144066939,1.3678680311009481,0.5555476874665689,-0.7105012400601687
0x0294f3fea643d2c6e504c46829f96773ed4638d4ac5534eff819b9e3fc22c91e,1782162900000,2026-06-22T21:15:00Z,1782163140000,2026-06-22T21:19:00Z,240,Down,0,calendar_ridge_logistic-l2-10,0.4817860122685102,0.6573670182977625,0.23211776161759307,lgbm-depth2-leaves3,0.48747361787642207,0.6684030919801869,0.23763052812552796,-0.01103607368242443
0xe582d528a734e22dd3b7dfe68b92f9161528f53e39e486df3912e0f5f0bc12e6,1782163200000,2026-06-22T21:20:00Z,1782163230000,2026-06-22T21:20:30Z,30,Down,0,calendar_ridge_logistic-l2-10,0.4817865553142412,0.6573680662162448,0.2321182848815624,lgbm-depth2-leaves3,0.3972938179805605,0.5063254613374483,0.15784237780557075,0.1510426048787965
0xe582d528a734e22dd3b7dfe68b92f9161528f53e39e486df3912e0f5f0bc12e6,1782163200000,2026-06-22T21:20:00Z,1782163260000,2026-06-22T21:21:00Z,60,Down,0,calendar_ridge_logistic-l2-10,0.48178685378300473,0.6573686421736086,0.23211857247812637,lgbm-depth2-leaves3,0.3972938179805605,0.5063254613374483,0.15784237780557075,0.1510431808361603
0xe582d528a734e22dd3b7dfe68b92f9161528f53e39e486df3912e0f5f0bc12e6,1782163200000,2026-06-22T21:20:00Z,1782163290000,2026-06-22T21:21:30Z,90,Down,0,calendar_ridge_logistic-l2-10,0.4817871967076023,0.6573693039181311,0.23211890291136986,lgbm-depth2-leaves3,0.4608715973140195,0.6178015125367498,0.21240262921077574,0.039567791381381334
0xe582d528a734e22dd3b7dfe68b92f9161528f53e39e486df3912e0f5f0bc12e6,1782163200000,2026-06-22T21:20:00Z,1782163320000,2026-06-22T21:22:00Z,120,Down,0,calendar_ridge_logistic-l2-10,0.4817875850061322,0.6573700532216469,0.23211927706604107,lgbm-depth2-leaves3,0.30660163879371627,0.36615060915153824,0.09400456491099246,0.29121944407010864
0xe582d528a734e22dd3b7dfe68b92f9161528f53e39e486df3912e0f5f0bc12e6,1782163200000,2026-06-22T21:20:00Z,1782163350000,2026-06-22T21:22:30Z,150,Down,0,calendar_ridge_logistic-l2-10,0.4817880185565681,0.6573708898488767,0.23211969482466402,lgbm-depth2-leaves3,0.339162354868439,0.4142470893732826,0.11503110295990494,0.24312380047559412
0xe582d528a734e22dd3b7dfe68b92f9161528f53e39e486df3912e0f5f0bc12e6,1782163200000,2026-06-22T21:20:00Z,1782163380000,2026-06-22T21:23:00Z,180,Down,0,calendar_ridge_logistic-l2-10,0.4817884966238772,0.6573718123816369,0.2321201554790957,lgbm-depth2-leaves3,0.5426836754896448,0.782379951359918,0.2945055716429501,-0.1250081389782811
0xe582d528a734e22dd3b7dfe68b92f9161528f53e39e486df3912e0f5f0bc12e6,1782163200000,2026-06-22T21:20:00Z,1782163410000,2026-06-22T21:23:30Z,210,Down,0,calendar_ridge_logistic-l2-10,0.4817890204326643,0.6573728231833047,0.23212066020946623,lgbm-depth2-leaves3,0.3972938179805605,0.5063254613374483,0.15784237780557075,0.15104736184585643
0xe582d528a734e22dd3b7dfe68b92f9161528f53e39e486df3912e0f5f0bc12e6,1782163200000,2026-06-22T21:20:00Z,1782163440000,2026-06-22T21:24:00Z,240,Down,0,calendar_ridge_logistic-l2-10,0.4817895887583475,0.6573739198910497,0.2321212078359376,lgbm-depth2-leaves3,0.2767996443538533,0.32406897813694235,0.07661804311441966,0.3333049417541073
0x5d2c41e8a630a7d5fe406f6c21f1012e10aeb1a7d107419e57792d8253db2cce,1782163500000,2026-06-22T21:25:00Z,1782163530000,2026-06-22T21:25:30Z,30,Up,1,calendar_ridge_logistic-l2-10,0.4817914840274297,0.7302438642846215,0.26854006602649355,lgbm-depth2-leaves3,0.548445667138453,0.6006670613502699,0.2039013155260368,0.1295768029343516
0x5d2c41e8a630a7d5fe406f6c21f1012e10aeb1a7d107419e57792d8253db2cce,1782163500000,2026-06-22T21:25:00Z,1782163560000,2026-06-22T21:26:00Z,60,Up,1,calendar_ridge_logistic-l2-10,0.48179223256348974,0.7302423106343322,0.2685392902315322,lgbm-depth2-leaves3,0.4237854870972009,0.8585278784317981,0.33202316487981004,-0.12828556779746592
0x5d2c41e8a630a7d5fe406f6c21f1012e10aeb1a7d107419e57792d8253db2cce,1782163500000,2026-06-22T21:25:00Z,1782163590000,2026-06-22T21:26:30Z,90,Up,1,calendar_ridge_logistic-l2-10,0.4817930264735885,0.7302406628090021,0.26853846741140286,lgbm-depth2-leaves3,0.5143979631618986,0.6647580657051777,0.23580933818131283,0.06548259710382442
0x5d2c41e8a630a7d5fe406f6c21f1012e10aeb1a7d107419e57792d8253db2cce,1782163500000,2026-06-22T21:25:00Z,1782163620000,2026-06-22T21:27:00Z,120,Up,1,calendar_ridge_logistic-l2-10,0.4817938653291961,0.7302389216985434,0.26853759801045535,lgbm-depth2-leaves3,0.7556194792040759,0.2802173639040211,0.05972183894448709,0.45002155779452235
0x5d2c41e8a630a7d5fe406f6c21f1012e10aeb1a7d107419e57792d8253db2cce,1782163500000,2026-06-22T21:25:00Z,1782163650000,2026-06-22T21:27:30Z,150,Up,1,calendar_ridge_logistic-l2-10,0.4817947491913544,0.7302370871767465,0.26853668196565134,lgbm-depth2-leaves3,0.6738154895241218,0.39479895996265935,0.10639633487438827,0.33543812721408717
0x5d2c41e8a630a7d5fe406f6c21f1012e10aeb1a7d107419e57792d8253db2cce,1782163500000,2026-06-22T21:25:00Z,1782163680000,2026-06-22T21:28:00Z,180,Up,1,calendar_ridge_logistic-l2-10,0.481795678060078,0.7302351592440952,0.26853571927721426,lgbm-depth2-leaves3,0.5183164054102244,0.657169401942766,0.2320190852969273,0.07306575730132925
0x5d2c41e8a630a7d5fe406f6c21f1012e10aeb1a7d107419e57792d8253db2cce,1782163500000,2026-06-22T21:25:00Z,1782163710000,2026-06-22T21:28:30Z,210,Up,1,calendar_ridge_logistic-l2-10,0.4817966523029034,0.730233137138284,0.26853470956447806,lgbm-depth2-leaves3,0.47389542116833877,0.7467686120760807,0.27678602786763956,-0.016535474937796724
0x5d2c41e8a630a7d5fe406f6c21f1012e10aeb1a7d107419e57792d8253db2cce,1782163500000,2026-06-22T21:25:00Z,1782163740000,2026-06-22T21:29:00Z,240,Up,1,calendar_ridge_logistic-l2-10,0.4817976711848152,0.730231022385453,0.2685336535894809,lgbm-depth2-leaves3,0.4257091253897932,0.8539989701790668,0.32981000866055626,-0.12376794779361378
0x8073faab3ee64936c0bded9316eb51d8c83910212a4ea3195df389c5dad7634a,1782163800000,2026-06-22T21:30:00Z,1782163830000,2026-06-22T21:30:30Z,30,Up,1,calendar_ridge_logistic-l2-10,0.4818009176325079,0.730224284211009,0.2685302889665109,lgbm-depth2-leaves3,0.4883841443772335,0.716653001692647,0.2617507837246155,0.013571282518362038
0x8073faab3ee64936c0bded9316eb51d8c83910212a4ea3195df389c5dad7634a,1782163800000,2026-06-22T21:30:00Z,1782163860000,2026-06-22T21:31:00Z,60,Up,1,calendar_ridge_logistic-l2-10,0.4818021166020438,0.7302217956975998,0.26852904635812175,lgbm-depth2-leaves3,0.38223722313352915,0.9617138601507591,0.38163084848177303,-0.23149206445315929
0x8073faab3ee64936c0bded9316eb51d8c83910212a4ea3195df389c5dad7634a,1782163800000,2026-06-22T21:30:00Z,1782163890000,2026-06-22T21:31:30Z,90,Up,1,calendar_ridge_logistic-l2-10,0.48180336100683413,0.7302192128878935,0.2685277566638134,lgbm-depth2-leaves3,0.4785621347277831,0.7369692233787049,0.27189744733964666,-0.0067500104908113645
0x8073faab3ee64936c0bded9316eb51d8c83910212a4ea3195df389c5dad7634a,1782163800000,2026-06-22T21:30:00Z,1782163920000,2026-06-22T21:32:00Z,120,Up,1,calendar_ridge_logistic-l2-10,0.48180465011185747,0.7302165373081796,0.2685264206456945,lgbm-depth2-leaves3,0.41157633660123294,0.8877607679255767,0.34624240764762554,-0.15754423061739709
0x8073faab3ee64936c0bded9316eb51d8c83910212a4ea3195df389c5dad7634a,1782163800000,2026-06-22T21:30:00Z,1782163950000,2026-06-22T21:32:30Z,150,Up,1,calendar_ridge_logistic-l2-10,0.48180598422364407,0.7302137683229919,0.26852503798642624,lgbm-depth2-leaves3,0.5165557071365868,0.660572141182067,0.2337183843022056,0.06964162714092492
0x8073faab3ee64936c0bded9316eb51d8c83910212a4ea3195df389c5dad7634a,1782163800000,2026-06-22T21:30:00Z,1782163980000,2026-06-22T21:33:00Z,180,Up,1,calendar_ridge_logistic-l2-10,0.48180736340323865,0.7302109058064068,0.2685236086231031,lgbm-depth2-leaves3,0.44266039979881805,0.8149523947950633,0.31062742995241327,-0.08474148898865652
0x8073faab3ee64936c0bded9316eb51d8c83910212a4ea3195df389c5dad7634a,1782163800000,2026-06-22T21:30:00Z,1782164010000,2026-06-22T21:33:30Z,210,Up,1,calendar_ridge_logistic-l2-10,0.48180878728314447,0.7302079505219716,0.2685221329369654,lgbm-depth2-leaves3,0.5057955114802258,0.6816228188856358,0.2442380764730916,0.04858513163633582
0x8073faab3ee64936c0bded9316eb51d8c83910212a4ea3195df389c5dad7634a,1782163800000,2026-06-22T21:30:00Z,1782164040000,2026-06-22T21:34:00Z,240,Up,1,calendar_ridge_logistic-l2-10,0.4818102565984372,0.7302049009448549,0.26852061016657747,lgbm-depth2-leaves3,0.6025986344698061,0.5065039183525494,0.15792784532526277,0.22370098259230553
0xc2183cd6d8ee2d2134d0f1078a98177aaea5d81df66ec7cc1d20a1e509710262,1782164100000,2026-06-22T21:35:00Z,1782164130000,2026-06-22T21:35:30Z,30,Down,0,calendar_ridge_logistic-l2-10,0.4818148525696502,0.657422673112918,0.23214555215671373,lgbm-depth2-leaves3,0.4084343777742415,0.5249826596619283,0.16681864094783183,0.13244001345098977
0xc2183cd6d8ee2d2134d0f1078a98177aaea5d81df66ec7cc1d20a1e509710262,1782164100000,2026-06-22T21:35:00Z,1782164160000,2026-06-22T21:36:00Z,60,Down,0,calendar_ridge_logistic-l2-10,0.4818165011151254,0.6574258545010874,0.23214714074682166,lgbm-depth2-leaves3,0.41368091975411964,0.5338911320554296,0.17113190336861436,0.12353472244565777
0xc2183cd6d8ee2d2134d0f1078a98177aaea5d81df66ec7cc1d20a1e509710262,1782164100000,2026-06-22T21:35:00Z,1782164190000,2026-06-22T21:36:30Z,90,Down,0,calendar_ridge_logistic-l2-10,0.48181819478963844,0.6574291229905019,0.23214877283034596,lgbm-depth2-leaves3,0.402559631537427,0.5151008018932756,0.162054256943549,0.14232832109722637
0xc2183cd6d8ee2d2134d0f1078a98177aaea5d81df66ec7cc1d20a1e509710262,1782164100000,2026-06-22T21:35:00Z,1782164220000,2026-06-22T21:37:00Z,120,Down,0,calendar_ridge_logistic-l2-10,0.4818199335932168,0.6574324785820689,0.23215044840777183,lgbm-depth2-leaves3,0.534783757930997,0.7652529447833059,0.2859936677467992,-0.10782046620123698
0xc2183cd6d8ee2d2134d0f1078a98177aaea5d81df66ec7cc1d20a1e509710262,1782164100000,2026-06-22T21:35:00Z,1782164250000,2026-06-22T21:37:30Z,150,Down,0,calendar_ridge_logistic-l2-10,0.4818217175259,0.6574359212767413,0.23215216747960815,lgbm-depth2-leaves3,0.500364800003128,0.693877046853816,0.2503649330821703,-0.036441125577074684
0xc2183cd6d8ee2d2134d0f1078a98177aaea5d81df66ec7cc1d20a1e509710262,1782164100000,2026-06-22T21:35:00Z,1782164280000,2026-06-22T21:38:00Z,180,Down,0,calendar_ridge_logistic-l2-10,0.48182354579165837,0.6574394495392053,0.2321539292792463,lgbm-depth2-leaves3,0.5980252289208358,0.9113659508420553,0.357634174425818,-0.25392650130285
0xc2183cd6d8ee2d2134d0f1078a98177aaea5d81df66ec7cc1d20a1e509710262,1782164100000,2026-06-22T21:35:00Z,1782164310000,2026-06-22T21:38:30Z,210,Down,0,calendar_ridge_logistic-l2-10,0.48182541961512837,0.6574430657337329,0.23215573498729453,lgbm-depth2-leaves3,0.23743593261747695,0.27106875123353624,0.05637582209793105,0.38637431450019666
0xc2183cd6d8ee2d2134d0f1078a98177aaea5d81df66ec7cc1d20a1e509710262,1782164100000,2026-06-22T21:35:00Z,1782164340000,2026-06-22T21:39:00Z,240,Down,0,calendar_ridge_logistic-l2-10,0.4818273374042274,0.6574467667887838,0.2321575830700472,lgbm-depth2-leaves3,0.2633989354800482,0.30570882979172254,0.0693789992120226,0.35173793699706124
0xf96f859622ccf5e86379d06cc23f118dfe166d0c06414fc69e6b3d53d86a0c40,1782164400000,2026-06-22T21:40:00Z,1782164430000,2026-06-22T21:40:30Z,30,Up,1,calendar_ridge_logistic-l2-10,0.4818332811244593,0.730157114548485,0.2684967485502437,lgbm-depth2-leaves3,0.5525514046288881,0.5932088098659003,0.20021024549958105,0.13694830468258468
0xf96f859622ccf5e86379d06cc23f118dfe166d0c06414fc69e6b3d53d86a0c40,1782164400000,2026-06-22T21:40:00Z,1782164460000,2026-06-22T21:41:00Z,60,Up,1,calendar_ridge_logistic-l2-10,0.48183537881775196,0.7301527609913343,0.26849457464494264,lgbm-depth2-leaves3,0.6934617618211885,0.3660591787125254,0.09396569146576979,0.3640935822788089
0xf96f859622ccf5e86379d06cc23f118dfe166d0c06414fc69e6b3d53d86a0c40,1782164400000,2026-06-22T21:40:00Z,1782164490000,2026-06-22T21:41:30Z,90,Up,1,calendar_ridge_logistic-l2-10,0.48183752170147376,0.7301483136654405,0.2684923539164707,lgbm-depth2-leaves3,0.6023234129530514,0.5069607471111064,0.15814666788530932,0.22318756655433414
0xf96f859622ccf5e86379d06cc23f118dfe166d0c06414fc69e6b3d53d86a0c40,1782164400000,2026-06-22T21:40:00Z,1782164520000,2026-06-22T21:42:00Z,120,Up,1,calendar_ridge_logistic-l2-10,0.4818397089795961,0.7301437742241158,0.2684900871903497,lgbm-depth2-leaves3,0.49318932593770515,0.7068621503882232,0.2568570593434777,0.023281623835892606
0xf96f859622ccf5e86379d06cc23f118dfe166d0c06414fc69e6b3d53d86a0c40,1782164400000,2026-06-22T21:40:00Z,1782164550000,2026-06-22T21:42:30Z,150,Up,1,calendar_ridge_logistic-l2-10,0.4818419414482323,0.7301391410163854,0.2684877736421372,lgbm-depth2-leaves3,0.5592828987443678,0.5810998537987626,0.1942315633391672,0.14903928721762283
0xf96f859622ccf5e86379d06cc23f118dfe166d0c06414fc69e6b3d53d86a0c40,1782164400000,2026-06-22T21:40:00Z,1782164580000,2026-06-22T21:43:00Z,180,Up,1,calendar_ridge_logistic-l2-10,0.4818442183723784,0.7301344155689502,0.26848541403413156,lgbm-depth2-leaves3,0.27516716206823316,1.2903765039225756,0.5253826429442189,-0.5602420883536254
0xf96f859622ccf5e86379d06cc23f118dfe166d0c06414fc69e6b3d53d86a0c40,1782164400000,2026-06-22T21:40:00Z,1782164610000,2026-06-22T21:43:30Z,210,Up,1,calendar_ridge_logistic-l2-10,0.48184654048712156,0.7301295963575553,0.2684830076051642,lgbm-depth2-leaves3,0.42183287187786556,0.8631460815940767,0.33427722804099663,-0.13301648523652143
0xf96f859622ccf5e86379d06cc23f118dfe166d0c06414fc69e6b3d53d86a0c40,1782164400000,2026-06-22T21:40:00Z,1782164640000,2026-06-22T21:44:00Z,240,Up,1,calendar_ridge_logistic-l2-10,0.4818489074860098,0.730124684019548,0.26848055467344173,lgbm-depth2-leaves3,0.46420597569610433,0.7674269121180137,0.2870752364797635,-0.03730222809846573
0x2f9e4be238c462cd58d9c64dfddd2284d66e90d354b9a85d13e6848827752e45,1782164700000,2026-06-22T21:45:00Z,1782164730000,2026-06-22T21:45:30Z,30,Up,1,calendar_ridge_logistic-l2-10,0.4818561952237085,0.7301095596050807,0.2684730024280517,lgbm-depth2-leaves3,0.4915908287737799,0.7101085573353545,0.258479885386932,0.02000100226972623
0x2f9e4be238c462cd58d9c64dfddd2284d66e90d354b9a85d13e6848827752e45,1782164700000,2026-06-22T21:45:00Z,1782164760000,2026-06-22T21:46:00Z,60,Up,1,calendar_ridge_logistic-l2-10,0.481858740780477,0.7301042768047973,0.26847036450559286,lgbm-depth2-leaves3,0.7129488053435625,0.3383456629078954,0.08239838835368796,0.39175861389690186
0x2f9e4be238c462cd58d9c64dfddd2284d66e90d354b9a85d13e6848827752e45,1782164700000,2026-06-22T21:45:00Z,1782164790000,2026-06-22T21:46:30Z,90,Up,1,calendar_ridge_logistic-l2-10,0.4818613316501722,0.730098899995142,0.2684676796393328,lgbm-depth2-leaves3,0.7754307513491114,0.2543365958405515,0.050431347439624616,0.4757623041545905
0x2f9e4be238c462cd58d9c64dfddd2284d66e90d354b9a85d13e6848827752e45,1782164700000,2026-06-22T21:45:00Z,1782164820000,2026-06-22T21:47:00Z,120,Up,1,calendar_ridge_logistic-l2-10,0.481863966975753,0.7300934309562269,0.2684649487181036,lgbm-depth2-leaves3,0.66660973775117,0.40555050512763097,0.11114906696234361,0.32454292582859595
0x2f9e4be238c462cd58d9c64dfddd2284d66e90d354b9a85d13e6848827752e45,1782164700000,2026-06-22T21:45:00Z,1782164850000,2026-06-22T21:47:30Z,150,Up,1,calendar_ridge_logistic-l2-10,0.4818666467572752,0.7300878696894497,0.2684621717425502,lgbm-depth2-leaves3,0.4964282247107998,0.70031636846309,0.2535845328679167,0.029771501226359742
0x2f9e4be238c462cd58d9c64dfddd2284d66e90d354b9a85d13e6848827752e45,1782164700000,2026-06-22T21:45:00Z,1782164880000,2026-06-22T21:48:00Z,180,Up,1,calendar_ridge_logistic-l2-10,0.4818693714843524,0.7300822151802778,0.26845934820602,lgbm-depth2-leaves3,0.5369258309678998,0.6218953113905684,0.2144376860247701,0.10818690378970941
0x2f9e4be238c462cd58d9c64dfddd2284d66e90d354b9a85d13e6848827752e45,1782164700000,2026-06-22T21:45:00Z,1782164910000,2026-06-22T21:48:30Z,210,Up,1,calendar_ridge_logistic-l2-10,0.4818721406674709,0.7300764684461513,0.2684564786165091,lgbm-depth2-leaves3,0.6611802065971221,0.41372884905938667,0.11479885240156888,0.3163476193867646
0x2f9e4be238c462cd58d9c64dfddd2284d66e90d354b9a85d13e6848827752e45,1782164700000,2026-06-22T21:45:00Z,1782164940000,2026-06-22T21:49:00Z,240,Up,1,calendar_ridge_logistic-l2-10,0.4818749547962546,0.7300706284725795,0.26845356246738317,lgbm-depth2-leaves3,0.49821165923530997,0.696730273707483,0.2517915389273807,0.03334035476509656
0x81d6024aa86a6cd16a0c242344bd120dd2630628bf28e979c771a409521cd16e,1782165000000,2026-06-22T21:50:00Z,1782165030000,2026-06-22T21:50:30Z,30,Up,1,calendar_ridge_logistic-l2-10,0.48188358398601006,0.7300527211038591,0.2684446205431819,lgbm-depth2-leaves3,0.544668382087476,0.607578142747848,0.2073268822708367,0.12247457835601105
0x81d6024aa86a6cd16a0c242344bd120dd2630628bf28e979c771a409521cd16e,1782165000000,2026-06-22T21:50:00Z,1782165060000,2026-06-22T21:51:00Z,60,Up,1,calendar_ridge_logistic-l2-10,0.4818865766123253,0.7300465108549063,0.2684415194944959,lgbm-depth2-leaves3,0.7251788658432577,0.3213369430478001,0.07552665577919812,0.40870956780710627
0x81d6024aa86a6cd16a0c242344bd120dd2630628bf28e979c771a409521cd16e,1782165000000,2026-06-22T21:50:00Z,1782165090000,2026-06-22T21:51:30Z,90,Up,1,calendar_ridge_logistic-l2-10,0.48188961375604156,0.7300402082636064,0.2684383723338638,lgbm-depth2-leaves3,0.4964282247107998,0.70031636846309,0.2535845328679167,0.029723839800516405
0x81d6024aa86a6cd16a0c242344bd120dd2630628bf28e979c771a409521cd16e,1782165000000,2026-06-22T21:50:00Z,1782165120000,2026-06-22T21:52:00Z,120,Up,1,calendar_ridge_logistic-l2-10,0.4818926954782315,0.7300338132049704,0.26843517899881264,lgbm-depth2-leaves3,0.41142005286858274,0.8881405599551127,0.34642635416522194,-0.15810674675014225
0x81d6024aa86a6cd16a0c242344bd120dd2630628bf28e979c771a409521cd16e,1782165000000,2026-06-22T21:50:00Z,1782165150000,2026-06-22T21:52:30Z,150,Up,1,calendar_ridge_logistic-l2-10,0.48189582214648624,0.7300273249179706,0.2684319391092655,lgbm-depth2-leaves3,0.3863228023091259,0.951081983588516,0.3765997029657242,-0.2210546586705454
0x81d6024aa86a6cd16a0c242344bd120dd2630628bf28e979c771a409521cd16e,1782165000000,2026-06-22T21:50:00Z,1782165180000,2026-06-22T21:53:00Z,180,Up,1,calendar_ridge_logistic-l2-10,0.4818989925972675,0.7300207458189076,0.2684286538717264,lgbm-depth2-leaves3,0.3914657863732685,0.9378571584984117,0.3703138891543045,-0.20783641267950403
0x81d6024aa86a6cd16a0c242344bd120dd2630628bf28e979c771a409521cd16e,1782165000000,2026-06-22T21:50:00Z,1782165210000,2026-06-22T21:53:30Z,210,Up,1,calendar_ridge_logistic-l2-10,0.4819022079942297,0.7300140734948635,0.26842532208125447,lgbm-depth2-leaves3,0.4877371427736214,0.7179786601059623,0.2624132348937331,0.012035413388901128
0x81d6024aa86a6cd16a0c242344bd120dd2630628bf28e979c771a409521cd16e,1782165000000,2026-06-22T21:50:00Z,1782165240000,2026-06-22T21:54:00Z,240,Up,1,calendar_ridge_logistic-l2-10,0.48190546839846177,0.7300073078209393,0.2684219436754172,lgbm-depth2-leaves3,0.6547877389286503,0.4234441585709008,0.11917150519399372,0.30656314925003847
0x656e724313d2f2184406c213e1c14f1289bf245570c0837e73a7ccec69c2bfab,1782165300000,2026-06-22T21:55:00Z,1782165330000,2026-06-22T21:55:30Z,30,Up,1,calendar_ridge_logistic-l2-10,0.48191543415019145,0.7299866281454858,0.2684116173717846,lgbm-depth2-leaves3,0.6635191199298436,0.4101976088506261,0.11321938265278698,0.31978901929485964
0x656e724313d2f2184406c213e1c14f1289bf245570c0837e73a7ccec69c2bfab,1782165300000,2026-06-22T21:55:00Z,1782165360000,2026-06-22T21:56:00Z,60,Up,1,calendar_ridge_logistic-l2-10,0.4819188721348476,0.7299794941710386,0.26840805505002846,lgbm-depth2-leaves3,0.6417667731373371,0.44353032301250805,0.1283310448284361,0.2864491711585305
0x656e724313d2f2184406c213e1c14f1289bf245570c0837e73a7ccec69c2bfab,1782165300000,2026-06-22T21:55:00Z,1782165390000,2026-06-22T21:56:30Z,90,Up,1,calendar_ridge_logistic-l2-10,0.48192235475957046,0.7299722676183125,0.2684044464978684,lgbm-depth2-leaves3,0.5330290225046682,0.6291794050704362,0.21806189382294566,0.10079286254787623
0x656e724313d2f2184406c213e1c14f1289bf245570c0837e73a7ccec69c2bfab,1782165300000,2026-06-22T21:55:00Z,1782165420000,2026-06-22T21:57:00Z,120,Up,1,calendar_ridge_logistic-l2-10,0.48192588122834645,0.7299649501410492,0.2684007925410254,lgbm-depth2-leaves3,0.53443485210538,0.6265454416231929,0.2167509069341394,0.1034195085178563
0x656e724313d2f2184406c213e1c14f1289bf245570c0837e73a7ccec69c2bfab,1782165300000,2026-06-22T21:55:00Z,1782165450000,2026-06-22T21:57:30Z,150,Up,1,calendar_ridge_logistic-l2-10,0.4819294527048492,0.7299575393266313,0.2683970919746971,lgbm-depth2-leaves3,0.5678029325062826,0.5659808702748798,0.18679430515016895,0.16397666905175157
0x656e724313d2f2184406c213e1c14f1289bf245570c0837e73a7ccec69c2bfab,1782165300000,2026-06-22T21:55:00Z,1782165480000,2026-06-22T21:58:00Z,180,Up,1,calendar_ridge_logistic-l2-10,0.48193306802554436,0.7299500375914411,0.26839334600542525,lgbm-depth2-leaves3,0.6046592890180594,0.5030901382325226,0.15629427775970625,0.22685989935891848
0x656e724313d2f2184406c213e1c14f1289bf245570c0837e73a7ccec69c2bfab,1782165300000,2026-06-22T21:55:00Z,1782165510000,2026-06-22T21:58:30Z,210,Up,1,calendar_ridge_logistic-l2-10,0.4819367284151212,0.7299424423963423,0.26838955336522785,lgbm-depth2-leaves3,0.6113588641682542,0.4920711531623762,0.15104193246058945,0.2378712892339661
0x656e724313d2f2184406c213e1c14f1289bf245570c0837e73a7ccec69c2bfab,1782165300000,2026-06-22T21:55:00Z,1782165540000,2026-06-22T21:59:00Z,240,Up,1,calendar_ridge_logistic-l2-10,0.48194043264903214,0.7299347562843344,0.26838571532387195,lgbm-depth2-leaves3,0.6697662694616234,0.4008264790097981,0.1090543167852931,0.32910827727453623
0x96aa556835a09541fa94259702db8b2a74e1176c6beeccce8975c9d9611ca268,1782165600000,2026-06-22T22:00:00Z,1782165630000,2026-06-22T22:00:30Z,30,Up,1,calendar_ridge_logistic-l2-10,0.48195173093289206,0.7299113132389662,0.26837400908342673,lgbm-depth2-leaves3,0.7316525062321564,0.3124495959972942,0.07201037741148286,0.41746171724167197
0x96aa556835a09541fa94259702db8b2a74e1176c6beeccce8975c9d9611ca268,1782165600000,2026-06-22T22:00:00Z,1782165660000,2026-06-22T22:01:00Z,60,Up,1,calendar_ridge_logistic-l2-10,0.4819556126875365,0.729903259031951,0.2683699872259457,lgbm-depth2-leaves3,0.5539203029258094,0.5907344601179809,0.19898709614180166,0.13916879891397005
0x96aa556835a09541fa94259702db8b2a74e1176c6beeccce8975c9d9611ca268,1782165600000,2026-06-22T22:00:00Z,1782165690000,2026-06-22T22:01:30Z,90,Up,1,calendar_ridge_logistic-l2-10,0.48195953871542435,0.7298951130288881,0.268365919527936,lgbm-depth2-leaves3,0.4610556585067787,0.7742365089852629,0.29046100322756196,-0.04434139595637476
0x96aa556835a09541fa94259702db8b2a74e1176c6beeccce8975c9d9611ca268,1782165600000,2026-06-22T22:00:00Z,1782165720000,2026-06-22T22:02:00Z,120,Up,1,calendar_ridge_logistic-l2-10,0.4819635086490965,0.7298868759944422,0.2683618063711547,lgbm-depth2-leaves3,0.7247508370931868,0.32192735617146795,0.0757621016809014,0.4079595198229743
0x96aa556835a09541fa94259702db8b2a74e1176c6beeccce8975c9d9611ca268,1782165600000,2026-06-22T22:00:00Z,1782165750000,2026-06-22T22:02:30Z,150,Up,1,calendar_ridge_logistic-l2-10,0.4819675231009477,0.7298785466602492,0.26835764712216714,lgbm-depth2-leaves3,0.7678937137844997,0.26410394892149636,0.05387332810075176,0.46577459773875285
0x96aa556835a09541fa94259702db8b2a74e1176c6beeccce8975c9d9611ca268,1782165600000,2026-06-22T22:00:00Z,1782165780000,2026-06-22T22:03:00Z,180,Up,1,calendar_ridge_logistic-l2-10,0.48197158207105284,0.7298701250284606,0.26835344178196796,lgbm-depth2-leaves3,0.7780974836738079,0.25090346230124067,0.04924072675189594,0.47896666272721994
0x96aa556835a09541fa94259702db8b2a74e1176c6beeccce8975c9d9611ca268,1782165600000,2026-06-22T22:00:00Z,1782165810000,2026-06-22T22:03:30Z,210,Up,1,calendar_ridge_logistic-l2-10,0.4819756847634067,0.7298616127529555,0.26834919117634143,lgbm-depth2-leaves3,0.6382994080658145,0.44894781408102147,0.13082731820554017,0.280913798671934
0x96aa556835a09541fa94259702db8b2a74e1176c6beeccce8975c9d9611ca268,1782165600000,2026-06-22T22:00:00Z,1782165840000,2026-06-22T22:04:00Z,240,Up,1,calendar_ridge_logistic-l2-10,0.48197983197417305,0.7298530081841877,0.268344894481506,lgbm-depth2-leaves3,0.2539289776574893,1.370700666585005,0.556621970379199,-0.6408476584008173
0x7447bc345a910917ed641f54b64ca39817387bea318037897384fd4d912d8c4f,1782165900000,2026-06-22T22:05:00Z,1782165930000,2026-06-22T22:05:30Z,30,Down,0,calendar_ridge_logistic-l2-10,0.4819924572926011,0.6577654756174726,0.2323167288869599,lgbm-depth2-leaves3,0.4723302353473545,0.6392846366822772,0.22309585122328732,0.018480838935195365
0x7447bc345a910917ed641f54b64ca39817387bea318037897384fd4d912d8c4f,1782165900000,2026-06-22T22:05:00Z,1782165960000,2026-06-22T22:06:00Z,60,Down,0,calendar_ridge_logistic-l2-10,0.4819967804953114,0.6577738214819521,0.23232089640784542,lgbm-depth2-leaves3,0.4946907262078028,0.6825846138105416,0.2447189145960033,-0.024810792328589515
0x7447bc345a910917ed641f54b64ca39817387bea318037897384fd4d912d8c4f,1782165900000,2026-06-22T22:05:00Z,1782165990000,2026-06-22T22:06:30Z,90,Down,0,calendar_ridge_logistic-l2-10,0.482001148522644,0.6577822539502934,0.23232510717714788,lgbm-depth2-leaves3,0.3103680638591205,0.371597249595816,0.09632833506365912,0.2861850043544774
0x7447bc345a910917ed641f54b64ca39817387bea318037897384fd4d912d8c4f,1782165900000,2026-06-22T22:05:00Z,1782166020000,2026-06-22T22:07:00Z,120,Down,0,calendar_ridge_logistic-l2-10,0.48200556008901957,0.6577907705428473,0.23232935995672946,lgbm-depth2-leaves3,0.25805058293520955,0.2984742092102207,0.06659010335320147,0.35931656133262657
0x7447bc345a910917ed641f54b64ca39817387bea318037897384fd4d912d8c4f,1782165900000,2026-06-22T22:05:00Z,1782166050000,2026-06-22T22:07:30Z,150,Down,0,calendar_ridge_logistic-l2-10,0.4820100156230786,0.6577993720892694,0.23233365516096047,lgbm-depth2-leaves3,0.43126687038828226,0.5643439713780649,0.18599111349450345,0.0934554007112045
0x7447bc345a910917ed641f54b64ca39817387bea318037897384fd4d912d8c4f,1782165900000,2026-06-22T22:05:00Z,1782166080000,2026-06-22T22:08:00Z,180,Down,0,calendar_ridge_logistic-l2-10,0.4820145157982425,0.6578080598918292,0.23233799344021416,lgbm-depth2-leaves3,0.38223722313352915,0.4816507514192188,0.14610529474883135,0.1761573084726104
0x7447bc345a910917ed641f54b64ca39817387bea318037897384fd4d912d8c4f,1782165900000,2026-06-22T22:05:00Z,1782166110000,2026-06-22T22:08:30Z,210,Down,0,calendar_ridge_logistic-l2-10,0.48201905932893635,0.6578168314708781,0.23234237355635265,lgbm-depth2-leaves3,0.35932203172860444,0.44522833789360766,0.12911232248557222,0.21258849357727044
0x7447bc345a910917ed641f54b64ca39817387bea318037897384fd4d912d8c4f,1782165900000,2026-06-22T22:05:00Z,1782166140000,2026-06-22T22:09:00Z,240,Down,0,calendar_ridge_logistic-l2-10,0.4820236470723557,0.6578256884835131,0.2323467963369349,lgbm-depth2-leaves3,0.497918377438279,0.6889925777630365,0.24792271059076845,-0.03116688927952338
0xfabcb017eec79c8ac9a9c74f0a718c0ea8987806464ec2fccc202fecb82a0d8e,1782166200000,2026-06-22T22:10:00Z,1782166230000,2026-06-22T22:10:30Z,30,Down,0,calendar_ridge_logistic-l2-10,0.4820375930119702,0.6578526127384111,0.2323602410767738,lgbm-depth2-leaves3,0.5837061697981939,0.876363945448789,0.34071289266047794,-0.21851133271037793
0xfabcb017eec79c8ac9a9c74f0a718c0ea8987806464ec2fccc202fecb82a0d8e,1782166200000,2026-06-22T22:10:00Z,1782166260000,2026-06-22T22:11:00Z,60,Down,0,calendar_ridge_logistic-l2-10,0.482042356443479,0.6578618092618423,0.23236483340558203,lgbm-depth2-leaves3,0.41368091975411964,0.5338911320554296,0.17113190336861436,0.12397067720641275
0xfabcb017eec79c8ac9a9c74f0a718c0ea8987806464ec2fccc202fecb82a0d8e,1782166200000,2026-06-22T22:10:00Z,1782166290000,2026-06-22T22:11:30Z,90,Down,0,calendar_ridge_logistic-l2-10,0.4820471639654091,0.6578710909942407,0.23236946828709398,lgbm-depth2-leaves3,0.6729032697181446,1.1174993405689113,0.4527988103973701,-0.45962824957467063
0xfabcb017eec79c8ac9a9c74f0a718c0ea8987806464ec2fccc202fecb82a0d8e,1782166200000,2026-06-22T22:10:00Z,1782166320000,2026-06-22T22:12:00Z,120,Down,0,calendar_ridge_logistic-l2-10,0.4820520150882675,0.6578804569929162,0.23237414525065928,lgbm-depth2-leaves3,0.527763072663828,0.7502744546434359,0.27853386086756504,-0.0923939976505197
0xfabcb017eec79c8ac9a9c74f0a718c0ea8987806464ec2fccc202fecb82a0d8e,1782166200000,2026-06-22T22:10:00Z,1782166350000,2026-06-22T22:12:30Z,150,Down,0,calendar_ridge_logistic-l2-10,0.4820569101179618,0.6578899078508558,0.23237886459247672,lgbm-depth2-leaves3,0.5057955114802258,0.7048059030735379,0.25582909943354326,-0.04691599522268208
0xfabcb017eec79c8ac9a9c74f0a718c0ea8987806464ec2fccc202fecb82a0d8e,1782166200000,2026-06-22T22:10:00Z,1782166380000,2026-06-22T22:13:00Z,180,Down,0,calendar_ridge_logistic-l2-10,0.4820618485650022,0.6578994426253907,0.23238362584190714,lgbm-depth2-leaves3,0.5033245064436471,0.6998183966075535,0.25333555878674097,-0.04191895398216283
0xfabcb017eec79c8ac9a9c74f0a718c0ea8987806464ec2fccc202fecb82a0d8e,1782166200000,2026-06-22T22:10:00Z,1782166410000,2026-06-22T22:13:30Z,210,Down,0,calendar_ridge_logistic-l2-10,0.4820668311028243,0.6579090626191568,0.23238842964951892,lgbm-depth2-leaves3,0.6098205398738314,0.9411484915272451,0.37188109085201126,-0.2832394289080883
0xfabcb017eec79c8ac9a9c74f0a718c0ea8987806464ec2fccc202fecb82a0d8e,1782166200000,2026-06-22T22:10:00Z,1782166440000,2026-06-22T22:14:00Z,240,Down,0,calendar_ridge_logistic-l2-10,0.48207185773152633,0.6579187678348029,0.23239327601672496,lgbm-depth2-leaves3,0.37714034133975116,0.4734340525691006,0.142234837065864,0.18448471526570226
0xe8712d0e56c2f81b77a7582d856944035de7d8cd8a578f6755039792b727f3fe,1782166500000,2026-06-22T22:15:00Z,1782166530000,2026-06-22T22:15:30Z,30,Down,0,calendar_ridge_logistic-l2-10,0.4820871176974043,0.6579482317496644,0.23240798904979096,lgbm-depth2-leaves3,0.5291331268999746,0.7531798722640272,0.2799818659829446,-0.09523164051436273
0xe8712d0e56c2f81b77a7582d856944035de7d8cd8a578f6755039792b727f3fe,1782166500000,2026-06-22T22:15:00Z,1782166560000,2026-06-22T22:16:00Z,60,Down,0,calendar_ridge_logistic-l2-10,0.48209231873077996,0.6579582740939828,0.23241300377921992,lgbm-depth2-leaves3,0.5259566780632555,0.7464565649724433,0.276630427199335,-0.0884982908784605
0xe8712d0e56c2f81b77a7582d856944035de7d8cd8a578f6755039792b727f3fe,1782166500000,2026-06-22T22:15:00Z,1782166590000,2026-06-22T22:16:30Z,90,Down,0,calendar_ridge_logistic-l2-10,0.4820975636717441,0.6579684013187995,0.23241806089823136,lgbm-depth2-leaves3,0.5259566780632555,0.7464565649724433,0.276630427199335,-0.08848816365364376
0xe8712d0e56c2f81b77a7582d856944035de7d8cd8a578f6755039792b727f3fe,1782166500000,2026-06-22T22:15:00Z,1782166620000,2026-06-22T22:17:00Z,120,Down,0,calendar_ridge_logistic-l2-10,0.48210285172429507,0.6579786118897046,0.23242315964069762,lgbm-depth2-leaves3,0.5149022246049597,0.7234048096102913,0.2651243009031364,-0.06542619772058667
0xe8712d0e56c2f81b77a7582d856944035de7d8cd8a578f6755039792b727f3fe,1782166500000,2026-06-22T22:15:00Z,1782166650000,2026-06-22T22:17:30Z,150,Down,0,calendar_ridge_logistic-l2-10,0.4821081835008614,0.6579889069917914,0.23242830059850023,lgbm-depth2-leaves3,0.32883718601171996,0.39874352764596566,0.10813389490410652,0.2592453793458257
0xe8712d0e56c2f81b77a7582d856944035de7d8cd8a578f6755039792b727f3fe,1782166500000,2026-06-22T22:15:00Z,1782166680000,2026-06-22T22:18:00Z,180,Down,0,calendar_ridge_logistic-l2-10,0.482113559246331,0.6579992871005299,0.2324334840091655,lgbm-depth2-leaves3,0.31729039616733024,0.3816856872294715,0.10067319550002136,0.2763135998710584
0xe8712d0e56c2f81b77a7582d856944035de7d8cd8a578f6755039792b727f3fe,1782166500000,2026-06-22T22:15:00Z,1782166710000,2026-06-22T22:18:30Z,210,Down,0,calendar_ridge_logistic-l2-10,0.4821189779199141,0.658009750208858,0.2324387088705426,lgbm-depth2-leaves3,0.37714034133975116,0.4734340525691006,0.142234837065864,0.1845756976397574
0xe8712d0e56c2f81b77a7582d856944035de7d8cd8a578f6755039792b727f3fe,1782166500000,2026-06-22T22:15:00Z,1782166740000,2026-06-22T22:19:00Z,240,Down,0,calendar_ridge_logistic-l2-10,0.4821244405626031,0.6580202983295005,0.23244397618780302,lgbm-depth2-leaves3,0.45845229325334874,0.6133241153199168,0.21017850518925446,0.04469618300958367
0x235360b2a542fcf5d730cd708226b9b213459fc9198ccc3325ae6bf888e5de5b,1782166800000,2026-06-22T22:20:00Z,1782166830000,2026-06-22T22:20:30Z,30,Down,0,calendar_ridge_logistic-l2-10,0.4821410075944256,0.6580522892132542,0.23245995120416793,lgbm-depth2-leaves3,0.4049716360974447,0.5191462041482432,0.16400202604344116,0.138906085065011
0x235360b2a542fcf5d730cd708226b9b213459fc9198ccc3325ae6bf888e5de5b,1782166800000,2026-06-22T22:20:00Z,1782166860000,2026-06-22T22:21:00Z,60,Down,0,calendar_ridge_logistic-l2-10,0.4821466437261827,0.6580631727983817,0.23246538605642256,lgbm-depth2-leaves3,0.24605587094281942,0.28243701311333635,0.06054349162542941,0.3756261596850453
0x235360b2a542fcf5d730cd708226b9b213459fc9198ccc3325ae6bf888e5de5b,1782166800000,2026-06-22T22:20:00Z,1782166890000,2026-06-22T22:21:30Z,90,Down,0,calendar_ridge_logistic-l2-10,0.48215232321522716,0.6580741402279067,0.23247086278184087,lgbm-depth2-leaves3,0.5223980719617481,0.73897767998088,0.2728997455893518,-0.08090353975297337
0x235360b2a542fcf5d730cd708226b9b213459fc9198ccc3325ae6bf888e5de5b,1782166800000,2026-06-22T22:20:00Z,1782166920000,2026-06-22T22:22:00Z,120,Down,0,calendar_ridge_logistic-l2-10,0.4821580461226808,0.6580851916226185,0.2324763814408412,lgbm-depth2-leaves3,0.7410148795364486,1.3509846688805889,0.5491030516944174,-0.6928994772579704
0x235360b2a542fcf5d730cd708226b9b213459fc9198ccc3325ae6bf888e5de5b,1782166800000,2026-06-22T22:20:00Z,1782166950000,2026-06-22T22:22:30Z,150,Down,0,calendar_ridge_logistic-l2-10,0.4821638124486531,0.658096326985511,0.2324819420350199,lgbm-depth2-leaves3,0.7568715679457156,1.4141654482904118,0.5728545703646061,-0.7560691213049008
0x235360b2a542fcf5d730cd708226b9b213459fc9198ccc3325ae6bf888e5de5b,1782166800000,2026-06-22T22:20:00Z,1782166980000,2026-06-22T22:23:00Z,180,Down,0,calendar_ridge_logistic-l2-10,0.48216962176468564,0.6581075454919774,0.2324875441527,lgbm-depth2-leaves3,0.7520557317341706,1.3945512828061006,0.5655878236342188,-0.7364437373141233
0x235360b2a542fcf5d730cd708226b9b213459fc9198ccc3325ae6bf888e5de5b,1782166800000,2026-06-22T22:20:00Z,1782167010000,2026-06-22T22:23:30Z,210,Down,0,calendar_ridge_logistic-l2-10,0.48217547449944403,0.6581188479726344,0.232493188208764,lgbm-depth2-leaves3,0.5790467659860066,0.8652335345720937,0.33529515719885306,-0.2071146865994593
0x235360b2a542fcf5d730cd708226b9b213459fc9198ccc3325ae6bf888e5de5b,1782166800000,2026-06-22T22:20:00Z,1782167040000,2026-06-22T22:24:00Z,240,Down,0,calendar_ridge_logistic-l2-10,0.4821813708978342,0.6581302349032853,0.23249887444091474,lgbm-depth2-leaves3,0.37714034133975116,0.4734340525691006,0.142234837065864,0.18469618233418467
0x4e6a85e37e7533821ce2dac987f8d7edd16b24dadc619cbfe1fd44b94e793096,1782167100000,2026-06-22T22:25:00Z,1782167130000,2026-06-22T22:25:30Z,30,Down,0,calendar_ridge_logistic-l2-10,0.4821992369964369,0.6581647381169962,0.23251610415994592,lgbm-depth2-leaves3,0.3240788143233144,0.39167879897189845,0.10502707789320531,0.2664859391450977
0x4e6a85e37e7533821ce2dac987f8d7edd16b24dadc619cbfe1fd44b94e793096,1782167100000,2026-06-22T22:25:00Z,1782167160000,2026-06-22T22:26:00Z,60,Down,0,calendar_ridge_logistic-l2-10,0.48220530535622314,0.6581764576735885,0.2325219565136884,lgbm-depth2-leaves3,0.38613641181810404,0.4879825446030617,0.14910132853176045,0.17019391307052678
0x4e6a85e37e7533821ce2dac987f8d7edd16b24dadc619cbfe1fd44b94e793096,1782167100000,2026-06-22T22:25:00Z,1782167190000,2026-06-22T22:26:30Z,90,Down,0,calendar_ridge_logistic-l2-10,0.4822114173801864,0.6581882616957228,0.23252785105180834,lgbm-depth2-leaves3,0.3972938179805605,0.5063254613374483,0.15784237780557075,0.15186280035827449
0x4e6a85e37e7533821ce2dac987f8d7edd16b24dadc619cbfe1fd44b94e793096,1782167100000,2026-06-22T22:25:00Z,1782167220000,2026-06-22T22:27:00Z,120,Down,0,calendar_ridge_logistic-l2-10,0.4822175718437591,0.6582001478213648,0.23253378659489093,lgbm-depth2-leaves3,0.23632354906456024,0.2696110730543316,0.05584881984246961,0.38858907476703325
0x4e6a85e37e7533821ce2dac987f8d7edd16b24dadc619cbfe1fd44b94e793096,1782167100000,2026-06-22T22:25:00Z,1782167250000,2026-06-22T22:27:30Z,150,Down,0,calendar_ridge_logistic-l2-10,0.4822237700327549,0.6582121185367797,0.23253976438460328,lgbm-depth2-leaves3,0.23497809005063372,0.2678508051090433,0.05521470280384373,0.39036131342773644
0x4e6a85e37e7533821ce2dac987f8d7edd16b24dadc619cbfe1fd44b94e793096,1782167100000,2026-06-22T22:25:00Z,1782167280000,2026-06-22T22:28:00Z,180,Down,0,calendar_ridge_logistic-l2-10,0.4822300106615863,0.6582241713620716,0.2325457831826736,lgbm-depth2-leaves3,0.258769910075642,0.29944418916671506,0.06696186636055584,0.3587799821953565
0x4e6a85e37e7533821ce2dac987f8d7edd16b24dadc619cbfe1fd44b94e793096,1782167100000,2026-06-22T22:25:00Z,1782167310000,2026-06-22T22:28:30Z,210,Down,0,calendar_ridge_logistic-l2-10,0.4822362944037234,0.6582363076009365,0.2325518436402346,lgbm-depth2-leaves3,0.25555829618305265,0.295120732385997,0.06531004274798487,0.36311557521493953
0x4e6a85e37e7533821ce2dac987f8d7edd16b24dadc619cbfe1fd44b94e793096,1782167100000,2026-06-22T22:25:00Z,1782167340000,2026-06-22T22:29:00Z,240,Down,0,calendar_ridge_logistic-l2-10,0.4822426212592858,0.6582485272566406,0.23255794575902697,lgbm-depth2-leaves3,0.5950915614603051,0.9040943151147744,0.35413396652126405,-0.24584578785813382
0x7a0572667559277b33fdf8e7c06cbe8280be840c82186d4037afcee658c7a070,1782167400000,2026-06-22T22:30:00Z,1782167430000,2026-06-22T22:30:30Z,30,Up,1,calendar_ridge_logistic-l2-10,0.48226177781510354,0.7292682048608227,0.2680528667111773,lgbm-depth2-leaves3,0.46793404352109563,0.7594279256436606,0.2830941820438113,-0.030159720782837907
0x7a0572667559277b33fdf8e7c06cbe8280be840c82186d4037afcee658c7a070,1782167400000,2026-06-22T22:30:00Z,1782167460000,2026-06-22T22:31:00Z,60,Up,1,calendar_ridge_logistic-l2-10,0.4822682763293131,0.7292547298754001,0.26804613769502045,lgbm-depth2-leaves3,0.33401524447698855,1.0965686449003353,0.44353569458904524,-0.36731391502493527
0x7a0572667559277b33fdf8e7c06cbe8280be840c82186d4037afcee658c7a070,1782167400000,2026-06-22T22:30:00Z,1782167490000,2026-06-22T22:31:30Z,90,Up,1,calendar_ridge_logistic-l2-10,0.4822748175899789,0.7292411664364886,0.2680393645014896,lgbm-depth2-leaves3,0.5349346302950487,0.6256107259158873,0.216285798098803,0.10363044052060133
0x7a0572667559277b33fdf8e7c06cbe8280be840c82186d4037afcee658c7a070,1782167400000,2026-06-22T22:30:00Z,1782167520000,2026-06-22T22:32:00Z,120,Up,1,calendar_ridge_logistic-l2-10,0.4822814011686434,0.7292275154360875,0.26803254757590317,lgbm-depth2-leaves3,0.46439364116147064,0.7670227218415708,0.2868741716282675,-0.037795206405483284
0x7a0572667559277b33fdf8e7c06cbe8280be840c82186d4037afcee658c7a070,1782167400000,2026-06-22T22:30:00Z,1782167550000,2026-06-22T22:32:30Z,150,Up,1,calendar_ridge_logistic-l2-10,0.48228802773879437,0.7292137754813419,0.26802568622258727,lgbm-depth2-leaves3,0.41461331302949084,0.8804089689569384,0.3426775732823088,-0.1511951934755965
0x7a0572667559277b33fdf8e7c06cbe8280be840c82186d4037afcee658c7a070,1782167400000,2026-06-22T22:30:00Z,1782167580000,2026-06-22T22:33:00Z,180,Up,1,calendar_ridge_logistic-l2-10,0.48229469723952506,0.7291999467022064,0.26801878050631506,lgbm-depth2-leaves3,0.8046505234424447,0.21734722819594743,0.03816141799131085,0.511852718506259
0x7a0572667559277b33fdf8e7c06cbe8280be840c82186d4037afcee658c7a070,1782167400000,2026-06-22T22:30:00Z,1782167610000,2026-06-22T22:33:30Z,210,Up,1,calendar_ridge_logistic-l2-10,0.4823014086910619,0.7291860311338236,0.26801183144325885,lgbm-depth2-leaves3,0.7925008440003105,0.23256170824664954,0.04305589974058347,0.49662432288717406
0x7a0572667559277b33fdf8e7c06cbe8280be840c82186d4037afcee658c7a070,1782167400000,2026-06-22T22:30:00Z,1782167640000,2026-06-22T22:34:00Z,240,Up,1,calendar_ridge_logistic-l2-10,0.48230816331821647,0.7291720262403399,0.26800483776695844,lgbm-depth2-leaves3,0.7982953249070586,0.22527666865836943,0.040684775954349064,0.5038953575819705
0xda17ac0d578e55d0c3af144e1b3646e8c2b5213c99cddcbacdb69b897479bfe6,1782167700000,2026-06-22T22:35:00Z,1782167730000,2026-06-22T22:35:30Z,30,Down,0,calendar_ridge_logistic-l2-10,0.4823286015397397,0.6584146039246737,0.232640879863281,lgbm-depth2-leaves3,0.5972720195765698,0.9094939314837885,0.3567338653690744,-0.2510793275591149
0xda17ac0d578e55d0c3af144e1b3646e8c2b5213c99cddcbacdb69b897479bfe6,1782167700000,2026-06-22T22:35:00Z,1782167760000,2026-06-22T22:36:00Z,60,Down,0,calendar_ridge_logistic-l2-10,0.48233552654315026,0.6584279812326536,0.23264756016565802,lgbm-depth2-leaves3,0.2478840875266498,0.2848648279831537,0.061446520848919786,0.37356315324949985
0xda17ac0d578e55d0c3af144e1b3646e8c2b5213c99cddcbacdb69b897479bfe6,1782167700000,2026-06-22T22:35:00Z,1782167790000,2026-06-22T22:36:30Z,90,Down,0,calendar_ridge_logistic-l2-10,0.48234249374289256,0.6584414402335806,0.23265428127011234,lgbm-depth2-leaves3,0.27899136879300435,0.3271041706079601,0.07783618386099415,0.33133726962562055
0xda17ac0d578e55d0c3af144e1b3646e8c2b5213c99cddcbacdb69b897479bfe6,1782167700000,2026-06-22T22:35:00Z,1782167820000,2026-06-22T22:37:00Z,120,Down,0,calendar_ridge_logistic-l2-10,0.48234950338388,0.658454981403876,0.23266104341467567,lgbm-depth2-leaves3,0.3377863049940898,0.4121669730107935,0.11409958784156025,0.2462880083930825
0xda17ac0d578e55d0c3af144e1b3646e8c2b5213c99cddcbacdb69b897479bfe6,1782167700000,2026-06-22T22:35:00Z,1782167850000,2026-06-22T22:37:30Z,150,Down,0,calendar_ridge_logistic-l2-10,0.4823565554052186,0.6584686046292385,0.23266784654238773,lgbm-depth2-leaves3,0.25686760155952626,0.29688105573740015,0.06598096473094353,0.36158754889183836
0xda17ac0d578e55d0c3af144e1b3646e8c2b5213c99cddcbacdb69b897479bfe6,1782167700000,2026-06-22T22:35:00Z,1782167880000,2026-06-22T22:38:00Z,180,Down,0,calendar_ridge_logistic-l2-10,0.4823636496842791,0.6584823096761165,0.23267469053673792,lgbm-depth2-leaves3,0.261553049030606,0.3032060130784692,0.06840999745720659,0.3552762965976473
0xda17ac0d578e55d0c3af144e1b3646e8c2b5213c99cddcbacdb69b897479bfe6,1782167700000,2026-06-22T22:35:00Z,1782167910000,2026-06-22T22:38:30Z,210,Down,0,calendar_ridge_logistic-l2-10,0.4823707865887324,0.6584960972581698,0.2326815757542324,lgbm-depth2-leaves3,0.23497809005063372,0.2678508051090433,0.05521470280384373,0.3906452921491265
0xda17ac0d578e55d0c3af144e1b3646e8c2b5213c99cddcbacdb69b897479bfe6,1782167700000,2026-06-22T22:35:00Z,1782167940000,2026-06-22T22:39:00Z,240,Down,0,calendar_ridge_logistic-l2-10,0.48237796575116043,0.6585099666689904,0.2326885018422277,lgbm-depth2-leaves3,0.525496827698192,0.7454869753869411,0.2761469159208632,-0.08697700871795067
0x030249ad649b49cc7aa8e149cb506815d7e1821cde20010c1a1e8873cf83aa29,1782168000000,2026-06-22T22:40:00Z,1782168030000,2026-06-22T22:40:30Z,30,Down,0,calendar_ridge_logistic-l2-10,0.48239967574664966,0.6585519093401743,0.23270944716047273,lgbm-depth2-leaves3,0.6601236766712794,1.079173482462325,0.43576326850200775,-0.42062157312215065
0x030249ad649b49cc7aa8e149cb506815d7e1821cde20010c1a1e8873cf83aa29,1782168000000,2026-06-22T22:40:00Z,1782168060000,2026-06-22T22:41:00Z,60,Down,0,calendar_ridge_logistic-l2-10,0.4824070237583625,0.6585661057452503,0.2327165365714013,lgbm-depth2-leaves3,0.3939654881907358,0.5008183443541186,0.1552088058853648,0.15774776139113167
0x030249ad649b49cc7aa8e149cb506815d7e1821cde20010c1a1e8873cf83aa29,1782168000000,2026-06-22T22:40:00Z,1782168090000,2026-06-22T22:41:30Z,90,Down,0,calendar_ridge_logistic-l2-10,0.4824144140286829,0.6585803839975062,0.23272366686263748,lgbm-depth2-leaves3,0.44107778858193597,0.5817449721863195,0.19454961558033101,0.0768354118111867
0x030249ad649b49cc7aa8e149cb506815d7e1821cde20010c1a1e8873cf83aa29,1782168000000,2026-06-22T22:40:00Z,1782168120000,2026-06-22T22:42:00Z,120,Down,0,calendar_ridge_logistic-l2-10,0.4824218460064044,0.6585947430354723,0.232730837504227,lgbm-depth2-leaves3,0.8010233528040699,1.614567811918006,0.6416384117374734,-0.9559730688825337
0x030249ad649b49cc7aa8e149cb506815d7e1821cde20010c1a1e8873cf83aa29,1782168000000,2026-06-22T22:40:00Z,1782168150000,2026-06-22T22:42:30Z,150,Down,0,calendar_ridge_logistic-l2-10,0.4824293206715684,0.6586091847561669,0.23273804944363097,lgbm-depth2-leaves3,0.6030091897727384,0.923842146605029,0.36362008295037446,-0.265232961848862
0x030249ad649b49cc7aa8e149cb506815d7e1821cde20010c1a1e8873cf83aa29,1782168000000,2026-06-22T22:40:00Z,1782168180000,2026-06-22T22:43:00Z,180,Down,0,calendar_ridge_logistic-l2-10,0.4824368370443948,0.6586237072701057,0.2327453017373999,lgbm-depth2-leaves3,0.26059400549031536,0.3019081252502503,0.06790923569748651,0.35671558201985537
0x030249ad649b49cc7aa8e149cb506815d7e1821cde20010c1a1e8873cf83aa29,1782168000000,2026-06-22T22:40:00Z,1782168210000,2026-06-22T22:43:30Z,210,Down,0,calendar_ridge_logistic-l2-10,0.4824443951250097,0.6586383105810492,0.23275259438753648,lgbm-depth2-leaves3,0.4978089286881784,0.6887746115648085,0.24781372948167188,-0.0301363009837593
0x030249ad649b49cc7aa8e149cb506815d7e1821cde20010c1a1e8873cf83aa29,1782168000000,2026-06-22T22:40:00Z,1782168240000,2026-06-22T22:44:00Z,240,Down,0,calendar_ridge_logistic-l2-10,0.4824519955259056,0.6586529958759847,0.23275992798692846,lgbm-depth2-leaves3,0.4805631072137581,0.655009952652866,0.23094090001494197,0.0036430432231187027
0x246f6f9b89d5c013147e68c8a8927991d89884161055b63d383e16f0a4cffe67,1782168300000,2026-06-22T22:45:00Z,1782168330000,2026-06-22T22:45:30Z,30,Up,1,calendar_ridge_logistic-l2-10,0.48247496660907324,0.7288262422245448,0.2678321601862798,lgbm-depth2-leaves3,0.6618173004322431,0.41276574235513064,0.11436753828693574,0.3160604998694142
0x246f6f9b89d5c013147e68c8a8927991d89884161055b63d383e16f0a4cffe67,1782168300000,2026-06-22T22:45:00Z,1782168360000,2026-06-22T22:46:00Z,60,Up,1,calendar_ridge_logistic-l2-10,0.4824827343324817,0.728810142610228,0.2678241202639847,lgbm-depth2-leaves3,0.6445310826908237,0.43923223016173757,0.126358151172958,0.28957791244849046
0x246f6f9b89d5c013147e68c8a8927991d89884161055b63d383e16f0a4cffe67,1782168300000,2026-06-22T22:45:00Z,1782168390000,2026-06-22T22:46:30Z,90,Up,1,calendar_ridge_logistic-l2-10,0.48249054400927627,0.7287939563033736,0.2678160370398148,lgbm-depth2-leaves3,0.5600860700585149,0.579664810529982,0.1935242657565619,0.14912914577339165
0x246f6f9b89d5c013147e68c8a8927991d89884161055b63d383e16f0a4cffe67,1782168300000,2026-06-22T22:45:00Z,1782168420000,2026-06-22T22:47:00Z,120,Up,1,calendar_ridge_logistic-l2-10,0.4824983954558073,0.728777683688818,0.267807910705814,lgbm-depth2-leaves3,0.605042416805571,0.502456712986485,0.1559914925227843,0.22632097070233304
0x246f6f9b89d5c013147e68c8a8927991d89884161055b63d383e16f0a4cffe67,1782168300000,2026-06-22T22:45:00Z,1782168450000,2026-06-22T22:47:30Z,150,Up,1,calendar_ridge_logistic-l2-10,0.4825062882436307,0.7287613256587341,0.2677997417073843,lgbm-depth2-leaves3,0.6199556625237596,0.4781073155585613,0.14443369844775453,0.2506540101001728
0x246f6f9b89d5c013147e68c8a8927991d89884161055b63d383e16f0a4cffe67,1782168300000,2026-06-22T22:45:00Z,1782168480000,2026-06-22T22:48:00Z,180,Up,1,calendar_ridge_logistic-l2-10,0.48251422280146117,0.728744881328816,0.26779152960277575,lgbm-depth2-leaves3,0.7542889483201528,0.2819797638006776,0.060373920917616536,0.4467651175281384
0x246f6f9b89d5c013147e68c8a8927991d89884161055b63d383e16f0a4cffe67,1782168300000,2026-06-22T22:45:00Z,1782168510000,2026-06-22T22:48:30Z,210,Up,1,calendar_ridge_logistic-l2-10,0.4825221993742359,0.7287283501957071,0.26778327414047803,lgbm-depth2-leaves3,0.6937345955230255,0.36566581881951443,0.09379849797944478,0.3630625313761927
0x246f6f9b89d5c013147e68c8a8927991d89884161055b63d383e16f0a4cffe67,1782168300000,2026-06-22T22:45:00Z,1782168540000,2026-06-22T22:49:00Z,240,Up,1,calendar_ridge_logistic-l2-10,0.4825302172887086,0.7287117336589586,0.26777497601927114,lgbm-depth2-leaves3,0.4831863128531859,0.7273529588115921,0.267096387222285,0.0013587748473664618
0x2ff3c05ad0e5da10c7099f0992000a23362ed1d71db95ac5cb0b55e9b6164d3e,1782168600000,2026-06-22T22:50:00Z,1782168630000,2026-06-22T22:50:30Z,30,Up,1,calendar_ridge_logistic-l2-10,0.4825544388357447,0.7286615379649591,0.267749908768591,lgbm-depth2-leaves3,0.7393145433351961,0.3020318148484734,0.06795690731653736,0.4266297231164857
0x2ff3c05ad0e5da10c7099f0992000a23362ed1d71db95ac5cb0b55e9b6164d3e,1782168600000,2026-06-22T22:50:00Z,1782168660000,2026-06-22T22:51:00Z,60,Up,1,calendar_ridge_logistic-l2-10,0.4825626227909474,0.7286445784570853,0.2677414393329834,lgbm-depth2-leaves3,0.5900027818204411,0.5276280271435871,0.16809771891497685,0.20101655131349816
0x2ff3c05ad0e5da10c7099f0992000a23362ed1d71db95ac5cb0b55e9b6164d3e,1782168600000,2026-06-22T22:50:00Z,1782168690000,2026-06-22T22:51:30Z,90,Up,1,calendar_ridge_logistic-l2-10,0.4825708479657753,0.728627533820095,0.2677329273748568,lgbm-depth2-leaves3,0.4059178455029087,0.9016044908341831,0.3529336062919059,-0.1729769570140881
0x2ff3c05ad0e5da10c7099f0992000a23362ed1d71db95ac5cb0b55e9b6164d3e,1782168600000,2026-06-22T22:50:00Z,1782168720000,2026-06-22T22:52:00Z,120,Up,1,calendar_ridge_logistic-l2-10,0.48257911497272804,0.728610402789125,0.2677243722624053,lgbm-depth2-leaves3,0.5392545964029221,0.6175674700534685,0.21228632693583424,0.11104293273565657
0x2ff3c05ad0e5da10c7099f0992000a23362ed1d71db95ac5cb0b55e9b6164d3e,1782168600000,2026-06-22T22:50:00Z,1782168750000,2026-06-22T22:52:30Z,150,Up,1,calendar_ridge_logistic-l2-10,0.4825874225872143,0.7285931879061733,0.26771577526494195,lgbm-depth2-leaves3,0.7876804809733139,0.2386627523522397,0.04507957815972333,0.4899304355539337
0x2ff3c05ad0e5da10c7099f0992000a23362ed1d71db95ac5cb0b55e9b6164d3e,1782168600000,2026-06-22T22:50:00Z,1782168780000,2026-06-22T22:53:00Z,180,Up,1,calendar_ridge_logistic-l2-10,0.4825957716665451,0.7285758873991179,0.26770713549733793,lgbm-depth2-leaves3,0.5538652854039022,0.5908337889457469,0.1990361835677416,0.13774209845337104
0x2ff3c05ad0e5da10c7099f0992000a23362ed1d71db95ac5cb0b55e9b6164d3e,1782168600000,2026-06-22T22:50:00Z,1782168810000,2026-06-22T22:53:30Z,210,Up,1,calendar_ridge_logistic-l2-10,0.48260416221085756,0.7285585012721235,0.2676984529615286,lgbm-depth2-leaves3,0.4197545639134111,0.8680851101511106,0.3366847660993158,-0.13952660887898705
0x2ff3c05ad0e5da10c7099f0992000a23362ed1d71db95ac5cb0b55e9b6164d3e,1782168600000,2026-06-22T22:50:00Z,1782168840000,2026-06-22T22:54:00Z,240,Up,1,calendar_ridge_logistic-l2-10,0.482612593791709,0.7285410304174181,0.26768972810294317,lgbm-depth2-leaves3,0.4109768638106252,0.8892183585019496,0.3469482549663667,-0.1606773280845315
0x8149dd613d47b0060a2622f5d875c88a15c773b979641fb42d3cab13764c7914,1782168900000,2026-06-22T22:55:00Z,1782168930000,2026-06-22T22:55:30Z,30,Down,0,calendar_ridge_logistic-l2-10,0.4826380546905282,0.6590125617815324,0.23293949183545726,lgbm-depth2-leaves3,0.5666460708756925,0.836200496581672,0.3210877696388604,-0.1771879348001395
0x8149dd613d47b0060a2622f5d875c88a15c773b979641fb42d3cab13764c7914,1782168900000,2026-06-22T22:55:00Z,1782168960000,2026-06-22T22:56:00Z,60,Down,0,calendar_ridge_logistic-l2-10,0.48264665078569136,0.6590291771639645,0.2329477895146451,lgbm-depth2-leaves3,0.41872483022270746,0.5425310201754582,0.17533048344503518,0.1164981569885063
0x8149dd613d47b0060a2622f5d875c88a15c773b979641fb42d3cab13764c7914,1782168900000,2026-06-22T22:55:00Z,1782168990000,2026-06-22T22:56:30Z,90,Down,0,calendar_ridge_logistic-l2-10,0.482655287734316,0.6590458717900518,0.23295612677789534,lgbm-depth2-leaves3,0.6606137209797076,1.0806163541639358,0.43641048834665497,-0.42157048237388395
0x8149dd613d47b0060a2622f5d875c88a15c773b979641fb42d3cab13764c7914,1782168900000,2026-06-22T22:55:00Z,1782169020000,2026-06-22T22:57:00Z,120,Down,0,calendar_ridge_logistic-l2-10,0.4826639660261571,0.6590626466104451,0.2329645041000993,lgbm-depth2-leaves3,0.6082210046039846,0.9370573854345315,0.3699327904414803,-0.27799473882408643
0x8149dd613d47b0060a2622f5d875c88a15c773b979641fb42d3cab13764c7914,1782168900000,2026-06-22T22:55:00Z,1782169050000,2026-06-22T22:57:30Z,150,Down,0,calendar_ridge_logistic-l2-10,0.4826726848041792,0.6590794999725156,0.2329729206560745,lgbm-depth2-leaves3,0.22621613754614453,0.2564626918648852,0.05117374088629618,0.4026168081076304
0x8149dd613d47b0060a2622f5d875c88a15c773b979641fb42d3cab13764c7914,1782168900000,2026-06-22T22:55:00Z,1782169080000,2026-06-22T22:58:00Z,180,Down,0,calendar_ridge_logistic-l2-10,0.48268144468089735,0.6590964330642487,0.23298137703923819,lgbm-depth2-leaves3,0.36593037792891464,0.45559651658177797,0.1339050414911983,0.20349991648247073
0x8149dd613d47b0060a2622f5d875c88a15c773b979641fb42d3cab13764c7914,1782168900000,2026-06-22T22:55:00Z,1782169110000,2026-06-22T22:58:30Z,210,Down,0,calendar_ridge_logistic-l2-10,0.4826902452888878,0.6591134451794313,0.2329898728970467,lgbm-depth2-leaves3,0.6974595840874845,1.1955404041134055,0.4864498714354869,-0.5364269589339742
0x8149dd613d47b0060a2622f5d875c88a15c773b979641fb42d3cab13764c7914,1782168900000,2026-06-22T22:55:00Z,1782169140000,2026-06-22T22:59:00Z,240,Down,0,calendar_ridge_logistic-l2-10,0.4826990868120825,0.6591305366776523,0.23299840840921837,lgbm-depth2-leaves3,0.7608481967416789,1.4306567686027574,0.5788899784850645,-0.771526231925105
0x9847d7875a328288bc7f5e30c28a353094e5b51d81c32d7db7f167ad9cc99688,1782169200000,2026-06-22T23:00:00Z,1782169230000,2026-06-22T23:00:30Z,30,Up,1,calendar_ridge_logistic-l2-10,0.48272577435948083,0.7283065415127511,0.26757262451199876,lgbm-depth2-leaves3,0.2921611409714416,1.2304497762866038,0.5010358503508515,-0.5021432347738527
0x9847d7875a328288bc7f5e30c28a353094e5b51d81c32d7db7f167ad9cc99688,1782169200000,2026-06-22T23:00:00Z,1782169260000,2026-06-22T23:01:00Z,60,Up,1,calendar_ridge_logistic-l2-10,0.4827347782583397,0.7282878894842767,0.26756330962344893,lgbm-depth2-leaves3,0.43523435731239224,0.831870640526165,0.31896023116034666,-0.1035827510418883
0x9847d7875a328288bc7f5e30c28a353094e5b51d81c32d7db7f167ad9cc99688,1782169200000,2026-06-22T23:00:00Z,1782169290000,2026-06-22T23:01:30Z,90,Up,1,calendar_ridge_logistic-l2-10,0.48274382331794075,0.7282691525395396,0.2675539523157417,lgbm-depth2-leaves3,0.5357373609733189,0.6241112361837821,0.21553979799601838,0.10415791635575755
0x9847d7875a328288bc7f5e30c28a353094e5b51d81c32d7db7f167ad9cc99688,1782169200000,2026-06-22T23:00:00Z,1782169320000,2026-06-22T23:02:00Z,120,Up,1,calendar_ridge_logistic-l2-10,0.48275290855847525,0.7282503327129471,0.26754455360471713,lgbm-depth2-leaves3,0.5995332372303507,0.5116038644661571,0.16037362808320257,0.21664646824679
0x9847d7875a328288bc7f5e30c28a353094e5b51d81c32d7db7f167ad9cc99688,1782169200000,2026-06-22T23:00:00Z,1782169350000,2026-06-22T23:02:30Z,150,Up,1,calendar_ridge_logistic-l2-10,0.4827620343476639,0.7282314292474835,0.26753511311216716,lgbm-depth2-leaves3,0.4162254504005383,0.8765282174434799,0.3407927247600544,-0.14829678819599634
0x9847d7875a328288bc7f5e30c28a353094e5b51d81c32d7db7f167ad9cc99688,1782169200000,2026-06-22T23:00:00Z,1782169380000,2026-06-22T23:03:00Z,180,Up,1,calendar_ridge_logistic-l2-10,0.48277120074667945,0.7282124420211868,0.2675256307770318,lgbm-depth2-leaves3,0.8095731811512555,0.21124810704596597,0.03626237333685254,0.5169643349752209
0x9847d7875a328288bc7f5e30c28a353094e5b51d81c32d7db7f167ad9cc99688,1782169200000,2026-06-22T23:00:00Z,1782169410000,2026-06-22T23:03:30Z,210,Up,1,calendar_ridge_logistic-l2-10,0.48278040741896155,0.7281933717359643,0.2675161069496954,lgbm-depth2-leaves3,0.6645050130909931,0.4087128567023007,0.11255688624107472,0.31948051503366365
0x9847d7875a328288bc7f5e30c28a353094e5b51d81c32d7db7f167ad9cc99688,1782169200000,2026-06-22T23:00:00Z,1782169440000,2026-06-22T23:04:00Z,240,Up,1,calendar_ridge_logistic-l2-10,0.48278965427276876,0.7281742185865983,0.26750654172728205,lgbm-depth2-leaves3,0.26761907897878506,1.3181906566373165,0.536381813475883,-0.5900164380507182
0xabf8d4e9398661ba9f9a2c9b2b1fb7e7f126f5ac4d879be3cab5f6f80c92efdb,1782169500000,2026-06-22T23:05:00Z,1782169530000,2026-06-22T23:05:30Z,30,Up,1,calendar_ridge_logistic-l2-10,0.48281755604225,0.7281164274491856,0.26747768033811115,lgbm-depth2-leaves3,0.4136439931007277,0.8827495951467137,0.34381336682685953,-0.1546331676975281
0xabf8d4e9398661ba9f9a2c9b2b1fb7e7f126f5ac4d879be3cab5f6f80c92efdb,1782169500000,2026-06-22T23:05:00Z,1782169560000,2026-06-22T23:06:00Z,60,Up,1,calendar_ridge_logistic-l2-10,0.4828269642660729,0.7280969415542722,0.2674679488902458,lgbm-depth2-leaves3,0.2633989354800482,1.3340855311387987,0.5425811282519262,-0.6059885895845265
0xabf8d4e9398661ba9f9a2c9b2b1fb7e7f126f5ac4d879be3cab5f6f80c92efdb,1782169500000,2026-06-22T23:05:00Z,1782169590000,2026-06-22T23:06:30Z,90,Up,1,calendar_ridge_logistic-l2-10,0.48283641239648384,0.7280773733887198,0.26745817634293967,lgbm-depth2-leaves3,0.6584805404633337,0.41782030954397875,0.11663554124221664,0.31025706384474105
0xabf8d4e9398661ba9f9a2c9b2b1fb7e7f126f5ac4d879be3cab5f6f80c92efdb,1782169500000,2026-06-22T23:05:00Z,1782169620000,2026-06-22T23:07:00Z,120,Up,1,calendar_ridge_logistic-l2-10,0.4828459006784416,0.7280577224500424,0.2674483624450923,lgbm-depth2-leaves3,0.6190579824359518,0.4795563395439369,0.14511682074576762,0.24850138290610552
0xabf8d4e9398661ba9f9a2c9b2b1fb7e7f126f5ac4d879be3cab5f6f80c92efdb,1782169500000,2026-06-22T23:05:00Z,1782169650000,2026-06-22T23:07:30Z,150,Up,1,calendar_ridge_logistic-l2-10,0.48285542920399555,0.7280379885524916,0.2674385071037837,lgbm-depth2-leaves3,0.49967721398953685,0.6937929610522157,0.25032289020127163,0.034245027500275915
0xabf8d4e9398661ba9f9a2c9b2b1fb7e7f126f5ac4d879be3cab5f6f80c92efdb,1782169500000,2026-06-22T23:05:00Z,1782169680000,2026-06-22T23:08:00Z,180,Up,1,calendar_ridge_logistic-l2-10,0.4828649973609021,0.7280181729689259,0.26742861095453985,lgbm-depth2-leaves3,0.45979027956782775,0.7769848074423586,0.2918265420494058,-0.048966634473432746
0xabf8d4e9398661ba9f9a2c9b2b1fb7e7f126f5ac4d879be3cab5f6f80c92efdb,1782169500000,2026-06-22T23:05:00Z,1782169710000,2026-06-22T23:08:30Z,210,Up,1,calendar_ridge_logistic-l2-10,0.48287460557791345,0.7279982748162925,0.26741867355619864,lgbm-depth2-leaves3,0.7035318425142792,0.35164214046087416,0.08789336840297812,0.37635613435541837
0xabf8d4e9398661ba9f9a2c9b2b1fb7e7f126f5ac4d879be3cab5f6f80c92efdb,1782169500000,2026-06-22T23:05:00Z,1782169740000,2026-06-22T23:09:00Z,240,Up,1,calendar_ridge_logistic-l2-10,0.48288425385518546,0.7279782940992054,0.26740869491090835,lgbm-depth2-leaves3,0.6926244198634642,0.3672673893860743,0.09447974726427191,0.36071090471313116
0xc72c4a55b454fcebebea15286e8ef307c74c4fc8637a8f80c3309e4909cddfd5,1782169800000,2026-06-22T23:10:00Z,1782169830000,2026-06-22T23:10:30Z,30,Down,0,calendar_ridge_logistic-l2-10,0.4829133567168832,0.6595448299597494,0.23320531009556766,lgbm-depth2-leaves3,0.4238521259588023,0.551390925468698,0.1796506246797964,0.10815390449105144
0xc72c4a55b454fcebebea15286e8ef307c74c4fc8637a8f80c3309e4909cddfd5,1782169800000,2026-06-22T23:10:00Z,1782169860000,2026-06-22T23:11:00Z,60,Down,0,calendar_ridge_logistic-l2-10,0.4829231642257568,0.6595637969975003,0.2332147825458173,lgbm-depth2-leaves3,0.3972938179805605,0.5063254613374483,0.15784237780557075,0.15323833566005207
0xc72c4a55b454fcebebea15286e8ef307c74c4fc8637a8f80c3309e4909cddfd5,1782169800000,2026-06-22T23:10:00Z,1782169890000,2026-06-22T23:11:30Z,90,Down,0,calendar_ridge_logistic-l2-10,0.4829330109994644,0.6595828403326186,0.2332242931130088,lgbm-depth2-leaves3,0.24662869147384917,0.28319706710644593,0.06082571145810308,0.37638577322617267
0xc72c4a55b454fcebebea15286e8ef307c74c4fc8637a8f80c3309e4909cddfd5,1782169800000,2026-06-22T23:10:00Z,1782169920000,2026-06-22T23:12:00Z,120,Down,0,calendar_ridge_logistic-l2-10,0.4829428978953693,0.6596019616276165,0.23323384262757713,lgbm-depth2-leaves3,0.4867671525455232,0.6670256431164971,0.23694226079727668,-0.007423681488880618
0xc72c4a55b454fcebebea15286e8ef307c74c4fc8637a8f80c3309e4909cddfd5,1782169800000,2026-06-22T23:10:00Z,1782169950000,2026-06-22T23:12:30Z,150,Down,0,calendar_ridge_logistic-l2-10,0.48295282420933705,0.6596211595251211,0.2332434304117748,lgbm-depth2-leaves3,0.5305704980425722,0.7562371471835301,0.2815050533931431,-0.09661598765840895
0xc72c4a55b454fcebebea15286e8ef307c74c4fc8637a8f80c3309e4909cddfd5,1782169800000,2026-06-22T23:10:00Z,1782169980000,2026-06-22T23:13:00Z,180,Down,0,calendar_ridge_logistic-l2-10,0.4829627904620234,0.6596404350365359,0.23325305697086432,lgbm-depth2-leaves3,0.4165114457718976,0.5387304431666791,0.17348178445899637,0.12090999186985685
0xc72c4a55b454fcebebea15286e8ef307c74c4fc8637a8f80c3309e4909cddfd5,1782169800000,2026-06-22T23:10:00Z,1782170010000,2026-06-22T23:13:30Z,210,Down,0,calendar_ridge_logistic-l2-10,0.482972795796359,0.659659786508655,0.23326272147935148,lgbm-depth2-leaves3,0.42714045382831745,0.5571147124334718,0.182448967296661,0.1025450740751832
0xc72c4a55b454fcebebea15286e8ef307c74c4fc8637a8f80c3309e4909cddfd5,1782169800000,2026-06-22T23:10:00Z,1782170040000,2026-06-22T23:14:00Z,240,Down,0,calendar_ridge_logistic-l2-10,0.48298284079403797,0.6596792150709774,0.23327242450147903,lgbm-depth2-leaves3,0.5405512621969669,0.7777279042301515,0.2921956670627341,-0.1180486891591741
0x63644d983d61dd621492315c51d6256e5b4c561354aa54fdf51ab6db4987d764,1782170100000,2026-06-22T23:15:00Z,1782170130000,2026-06-22T23:15:30Z,30,Down,0,calendar_ridge_logistic-l2-10,0.48301313051680467,0.6597378023142277,0.23330168425164377,lgbm-depth2-leaves3,0.240755696803629,0.27543167828314913,0.05796330554340093,0.3843061240310786
0x63644d983d61dd621492315c51d6256e5b4c561354aa54fdf51ab6db4987d764,1782170100000,2026-06-22T23:15:00Z,1782170160000,2026-06-22T23:16:00Z,60,Down,0,calendar_ridge_logistic-l2-10,0.483023332791543,0.6597575366169892,0.23331154002104973,lgbm-depth2-leaves3,0.4189222180663236,0.5428706551292354,0.1754958247896084,0.11688688148775384
0x63644d983d61dd621492315c51d6256e5b4c561354aa54fdf51ab6db4987d764,1782170100000,2026-06-22T23:15:00Z,1782170190000,2026-06-22T23:16:30Z,90,Down,0,calendar_ridge_logistic-l2-10,0.483033574117993,0.6597773468493294,0.23332143372520267,lgbm-depth2-leaves3,0.5267672780115877,0.7481679988282551,0.27748376518373735,-0.0883906519789257
0x63644d983d61dd621492315c51d6256e5b4c561354aa54fdf51ab6db4987d764,1782170100000,2026-06-22T23:15:00Z,1782170220000,2026-06-22T23:17:00Z,120,Down,0,calendar_ridge_logistic-l2-10,0.4830438544963026,0.6597972330160394,0.23333136536664517,lgbm-depth2-leaves3,0.4091780699948933,0.5262406098447076,0.1674266929647458,0.13355662317133188
0x63644d983d61dd621492315c51d6256e5b4c561354aa54fdf51ab6db4987d764,1782170100000,2026-06-22T23:15:00Z,1782170250000,2026-06-22T23:17:30Z,150,Down,0,calendar_ridge_logistic-l2-10,0.48305417460007055,0.6598171964246773,0.23334133559855544,lgbm-depth2-leaves3,0.5250067644322094,0.7444547159588131,0.2756321026995774,-0.08463751953413579
0x63644d983d61dd621492315c51d6256e5b4c561354aa54fdf51ab6db4987d764,1782170100000,2026-06-22T23:15:00Z,1782170280000,2026-06-22T23:18:00Z,180,Down,0,calendar_ridge_logistic-l2-10,0.48306453314360537,0.6598372345927198,0.23335134318124942,lgbm-depth2-leaves3,0.4023819231186593,0.514803396488929,0.16191121205267062,0.14503383810379078
0x63644d983d61dd621492315c51d6256e5b4c561354aa54fdf51ab6db4987d764,1782170100000,2026-06-22T23:15:00Z,1782170310000,2026-06-22T23:18:30Z,210,Down,0,calendar_ridge_logistic-l2-10,0.4830749308923935,0.6598573490054995,0.23336138885669075,lgbm-depth2-leaves3,0.5513176501110066,0.8014401028804291,0.30395115132392236,-0.14158275387492958
0x63644d983d61dd621492315c51d6256e5b4c561354aa54fdf51ab6db4987d764,1782170100000,2026-06-22T23:15:00Z,1782170340000,2026-06-22T23:19:00Z,240,Down,0,calendar_ridge_logistic-l2-10,0.48308536784659795,0.6598775396679244,0.23337147262748284,lgbm-depth2-leaves3,0.6500882678304771,1.0500743501062453,0.42261475597083015,-0.3901968104383209
0xbc648066873fe58b1862ae070b47d77f5eceb1b02982b10ca5c18b2035926e6f,1782170400000,2026-06-22T23:20:00Z,1782170430000,2026-06-22T23:20:30Z,30,Up,1,calendar_ridge_logistic-l2-10,0.48311683016901064,0.7274967701709917,0.2671682112545314,lgbm-depth2-leaves3,0.5219511592322683,0.6501812601660881,0.22853069415937208,0.07731551000490355
0xbc648066873fe58b1862ae070b47d77f5eceb1b02982b10ca5c18b2035926e6f,1782170400000,2026-06-22T23:20:00Z,1782170460000,2026-06-22T23:21:00Z,60,Up,1,calendar_ridge_logistic-l2-10,0.483127422262007,0.7274748459153594,0.2671572616175176,lgbm-depth2-leaves3,0.6376536122965818,0.4499600705106397,0.13129490468171587,0.2775147754047197
0xbc648066873fe58b1862ae070b47d77f5eceb1b02982b10ca5c18b2035926e6f,1782170400000,2026-06-22T23:20:00Z,1782170490000,2026-06-22T23:21:30Z,90,Up,1,calendar_ridge_logistic-l2-10,0.4831380531936143,0.7274528417521604,0.2671462720564871,lgbm-depth2-leaves3,0.7400037451013065,0.3011000318490167,0.0675980525613464,0.4263528099031437
0xbc648066873fe58b1862ae070b47d77f5eceb1b02982b10ca5c18b2035926e6f,1782170400000,2026-06-22T23:20:00Z,1782170520000,2026-06-22T23:22:00Z,120,Up,1,calendar_ridge_logistic-l2-10,0.48314872253536484,0.7274307585735038,0.26713524301682534,lgbm-depth2-leaves3,0.6413512132463474,0.4441780575309685,0.128628952239867,0.2832527010425353
0xbc648066873fe58b1862ae070b47d77f5eceb1b02982b10ca5c18b2035926e6f,1782170400000,2026-06-22T23:20:00Z,1782170550000,2026-06-22T23:22:30Z,150,Up,1,calendar_ridge_logistic-l2-10,0.4831594309608673,0.7274085949904602,0.26712417380469444,lgbm-depth2-leaves3,0.5079380076378607,0.6773958710591267,0.24212500432739806,0.05001272393133349
0xbc648066873fe58b1862ae070b47d77f5eceb1b02982b10ca5c18b2035926e6f,1782170400000,2026-06-22T23:20:00Z,1782170580000,2026-06-22T23:23:00Z,180,Up,1,calendar_ridge_logistic-l2-10,0.4831701776130346,0.7273863527822686,0.2671130653085422,lgbm-depth2-leaves3,0.6025986344698061,0.5065039183525494,0.15792784532526277,0.22088243442971922
0xbc648066873fe58b1862ae070b47d77f5eceb1b02982b10ca5c18b2035926e6f,1782170400000,2026-06-22T23:20:00Z,1782170610000,2026-06-22T23:23:30Z,210,Up,1,calendar_ridge_logistic-l2-10,0.4831809629206437,0.727364031066782,0.26710191708763303,lgbm-depth2-leaves3,0.8069028924454481,0.21455194949480477,0.03728649294593418,0.5128120815719772
0xbc648066873fe58b1862ae070b47d77f5eceb1b02982b10ca5c18b2035926e6f,1782170400000,2026-06-22T23:20:00Z,1782170640000,2026-06-22T23:24:00Z,240,Up,1,calendar_ridge_logistic-l2-10,0.48319178627143905,0.7273416311164423,0.26709072977730597,lgbm-depth2-leaves3,0.6633672752521427,0.4104264825189599,0.11332159137116668,0.31691514859748243
0xb9acedfe7385add68ea223ae3e5382f7bc58722311a20fa9a48cddb3a4ab451b,1782170700000,2026-06-22T23:25:00Z,1782170730000,2026-06-22T23:25:30Z,30,Up,1,calendar_ridge_logistic-l2-10,0.4832244066877099,0.7272741231079448,0.2670570138432695,lgbm-depth2-leaves3,0.7641824413586341,0.2689487207333875,0.05560992096357404,0.4583254023745573
0xb9acedfe7385add68ea223ae3e5382f7bc58722311a20fa9a48cddb3a4ab451b,1782170700000,2026-06-22T23:25:00Z,1782170760000,2026-06-22T23:26:00Z,60,Up,1,calendar_ridge_logistic-l2-10,0.4832353835595945,0.7272514074771532,0.2670456688047994,lgbm-depth2-leaves3,0.5154970432557578,0.6626237112239035,0.234743115093913,0.06462769625324971
0xb9acedfe7385add68ea223ae3e5382f7bc58722311a20fa9a48cddb3a4ab451b,1782170700000,2026-06-22T23:25:00Z,1782170790000,2026-06-22T23:26:30Z,90,Up,1,calendar_ridge_logistic-l2-10,0.4832463990570109,0.7272286124330768,0.2670342840875461,lgbm-depth2-leaves3,0.45415848305396705,0.7893090602389333,0.29794296162194633,-0.06208044780585653
0xb9acedfe7385add68ea223ae3e5382f7bc58722311a20fa9a48cddb3a4ab451b,1782170700000,2026-06-22T23:25:00Z,1782170820000,2026-06-22T23:27:00Z,120,Up,1,calendar_ridge_logistic-l2-10,0.4832574523228584,0.7272057397547482,0.267022860579863,lgbm-depth2-leaves3,0.6253982661484419,0.46936660635040384,0.14032645900459362,0.2578391334043444
0xb9acedfe7385add68ea223ae3e5382f7bc58722311a20fa9a48cddb3a4ab451b,1782170700000,2026-06-22T23:25:00Z,1782170850000,2026-06-22T23:27:30Z,150,Up,1,calendar_ridge_logistic-l2-10,0.48326854369402955,0.7271827887503938,0.26701139793608897,lgbm-depth2-leaves3,0.7544931779629299,0.28170904261374574,0.060273599666741604,0.44547374613664803
0xb9acedfe7385add68ea223ae3e5382f7bc58722311a20fa9a48cddb3a4ab451b,1782170700000,2026-06-22T23:25:00Z,1782170880000,2026-06-22T23:28:00Z,180,Up,1,calendar_ridge_logistic-l2-10,0.4832796734155103,0.7271597589184946,0.26699989590558176,lgbm-depth2-leaves3,0.7366276041895047,0.30567280053147333,0.06936501887496022,0.42148695838702127
0xb9acedfe7385add68ea223ae3e5382f7bc58722311a20fa9a48cddb3a4ab451b,1782170700000,2026-06-22T23:25:00Z,1782170910000,2026-06-22T23:28:30Z,210,Up,1,calendar_ridge_logistic-l2-10,0.4832908407221004,0.7271366518478211,0.26698835528167386,lgbm-depth2-leaves3,0.3914657863732685,0.9378571584984117,0.3703138891543045,-0.2107205066505906
0xb9acedfe7385add68ea223ae3e5382f7bc58722311a20fa9a48cddb3a4ab451b,1782170700000,2026-06-22T23:25:00Z,1782170940000,2026-06-22T23:29:00Z,240,Up,1,calendar_ridge_logistic-l2-10,0.48330204637932256,0.7271134659597968,0.2669767752757958,lgbm-depth2-leaves3,0.5272391647728196,0.6401010102890023,0.22350280732470118,0.08701245567079441
0xbe9f3ba1e70684a8922fa14b3ba718e9eaa44c33c81ec9152ba5306b11acc908,1782171000000,2026-06-22T23:30:00Z,1782171030000,2026-06-22T23:30:30Z,30,Down,0,calendar_ridge_logistic-l2-10,0.4833358086694636,0.6603621487215865,0.2336135039421643,lgbm-depth2-leaves3,0.4231114804373091,0.5501062381379833,0.17902332487785141,0.11025591058360318
0xbe9f3ba1e70684a8922fa14b3ba718e9eaa44c33c81ec9152ba5306b11acc908,1782171000000,2026-06-22T23:30:00Z,1782171060000,2026-06-22T23:31:00Z,60,Down,0,calendar_ridge_logistic-l2-10,0.48334716570959013,0.6603841304364821,0.23362448259949398,lgbm-depth2-leaves3,0.2627499793255086,0.30482820324403714,0.0690375516355552,0.355555927192445
0xbe9f3ba1e70684a8922fa14b3ba718e9eaa44c33c81ec9152ba5306b11acc908,1782171000000,2026-06-22T23:30:00Z,1782171090000,2026-06-22T23:31:30Z,90,Down,0,calendar_ridge_logistic-l2-10,0.48335855987628507,0.6604061844959646,0.23363549740567627,lgbm-depth2-leaves3,0.42203735617336885,0.5482460424561033,0.178115530005807,0.11216014203986124
0xbe9f3ba1e70684a8922fa14b3ba718e9eaa44c33c81ec9152ba5306b11acc908,1782171000000,2026-06-22T23:30:00Z,1782171120000,2026-06-22T23:32:00Z,120,Down,0,calendar_ridge_logistic-l2-10,0.4833699920269672,0.6604283125644477,0.2336465491921503,lgbm-depth2-leaves3,0.4723302353473545,0.6392846366822772,0.22309585122328732,0.021143675882170476
0xbe9f3ba1e70684a8922fa14b3ba718e9eaa44c33c81ec9152ba5306b11acc908,1782171000000,2026-06-22T23:30:00Z,1782171150000,2026-06-22T23:32:30Z,150,Down,0,calendar_ridge_logistic-l2-10,0.48338146159531925,0.660450513550634,0.2336576374140271,lgbm-depth2-leaves3,0.4257091253897932,0.5546192608250907,0.18122825944014267,0.10583125272554328
0xbe9f3ba1e70684a8922fa14b3ba718e9eaa44c33c81ec9152ba5306b11acc908,1782171000000,2026-06-22T23:30:00Z,1782171180000,2026-06-22T23:33:00Z,180,Down,0,calendar_ridge_logistic-l2-10,0.48339296862744846,0.660472787548619,0.23366876211845738,lgbm-depth2-leaves3,0.49183259666566065,0.6769443515653836,0.24189930314288643,-0.01647156401676453
0xbe9f3ba1e70684a8922fa14b3ba718e9eaa44c33c81ec9152ba5306b11acc908,1782171000000,2026-06-22T23:30:00Z,1782171210000,2026-06-22T23:33:30Z,210,Down,0,calendar_ridge_logistic-l2-10,0.48340451336834567,0.6604951350375121,0.2336799235448871,lgbm-depth2-leaves3,0.268767630986774,0.3130239914778835,0.07223603946624271,0.3474711435596286
0xbe9f3ba1e70684a8922fa14b3ba718e9eaa44c33c81ec9152ba5306b11acc908,1782171000000,2026-06-22T23:30:00Z,1782171240000,2026-06-22T23:34:00Z,240,Down,0,calendar_ridge_logistic-l2-10,0.48341609496090654,0.6605175543630518,0.23369112086725222,lgbm-depth2-leaves3,0.6221421613920923,0.9732372424403739,0.3870608689816243,-0.3127196880773221
0x4e78095658d0778c121b2f60582d932000bfd2f752207b041bd8a355d519be4e,1782171300000,2026-06-22T23:35:00Z,1782171330000,2026-06-22T23:35:30Z,30,Up,1,calendar_ridge_logistic-l2-10,0.48345098377740287,0.726805347144313,0.26682288616053296,lgbm-depth2-leaves3,0.5071767547578736,0.6788957074340686,0.24287475105098105,0.04790963971024442
0x4e78095658d0778c121b2f60582d932000bfd2f752207b041bd8a355d519be4e,1782171300000,2026-06-22T23:35:00Z,1782171360000,2026-06-22T23:36:00Z,60,Up,1,calendar_ridge_logistic-l2-10,0.4834627146606335,0.7267810825522399,0.26681076714576213,lgbm-depth2-leaves3,0.502627722927135,0.6879054963665207,0.24737918200064682,0.03887558618571929
0x4e78095658d0778c121b2f60582d932000bfd2f752207b041bd8a355d519be4e,1782171300000,2026-06-22T23:35:00Z,1782171390000,2026-06-22T23:36:30Z,90,Up,1,calendar_ridge_logistic-l2-10,0.48347448293194784,0.7267567412168477,0.26679860978241865,lgbm-depth2-leaves3,0.3730018817323066,0.986171814492316,0.3931266403112284,-0.2594150732754682
0x4e78095658d0778c121b2f60582d932000bfd2f752207b041bd8a355d519be4e,1782171300000,2026-06-22T23:35:00Z,1782171420000,2026-06-22T23:37:00Z,120,Up,1,calendar_ridge_logistic-l2-10,0.4834862880709601,0.7267323242200742,0.2667864146107153,lgbm-depth2-leaves3,0.7847848091256928,0.24234572728211665,0.046317578383064474,0.4843865969379575
0x4e78095658d0778c121b2f60582d932000bfd2f752207b041bd8a355d519be4e,1782171300000,2026-06-22T23:35:00Z,1782171450000,2026-06-22T23:37:30Z,150,Up,1,calendar_ridge_logistic-l2-10,0.48349813046052464,0.7267078307756336,0.2667741812377733,lgbm-depth2-leaves3,0.7207534306763896,0.3274581826048327,0.07797864647900593,0.3992496481708009
0x4e78095658d0778c121b2f60582d932000bfd2f752207b041bd8a355d519be4e,1782171300000,2026-06-22T23:35:00Z,1782171480000,2026-06-22T23:38:00Z,180,Up,1,calendar_ridge_logistic-l2-10,0.4835100096262086,0.7266832618703842,0.2667619101563191,lgbm-depth2-leaves3,0.4653490880041883,0.7649674281585306,0.2858515976979532,-0.03828416628814635
0x4e78095658d0778c121b2f60582d932000bfd2f752207b041bd8a355d519be4e,1782171300000,2026-06-22T23:35:00Z,1782171510000,2026-06-22T23:38:30Z,210,Up,1,calendar_ridge_logistic-l2-10,0.48352192590490933,0.7266586168131457,0.266749601020974,lgbm-depth2-leaves3,0.29484860845663224,1.2212932460426664,0.497238484995548,-0.49463462922952073
0x4e78095658d0778c121b2f60582d932000bfd2f752207b041bd8a355d519be4e,1782171300000,2026-06-22T23:35:00Z,1782171540000,2026-06-22T23:39:00Z,240,Up,1,calendar_ridge_logistic-l2-10,0.48353387882220034,0.726633896590728,0.2667372543244416,lgbm-depth2-leaves3,0.46328767497355006,0.7694070896037655,0.28806011983529767,-0.0427731930130375
0x319c1302fc6ad9fa22a6a08239f3e826aa9f552de85f168f82e22e3874503ba4,1782171600000,2026-06-22T23:40:00Z,1782171630000,2026-06-22T23:40:30Z,30,Down,0,calendar_ridge_logistic-l2-10,0.48356987690409775,0.6608152888373935,0.23383982584904425,lgbm-depth2-leaves3,0.4290784922796552,0.5605035433630867,0.18410835253698216,0.10031174547430677
0x319c1302fc6ad9fa22a6a08239f3e826aa9f552de85f168f82e22e3874503ba4,1782171600000,2026-06-22T23:40:00Z,1782171660000,2026-06-22T23:41:00Z,60,Down,0,calendar_ridge_logistic-l2-10,0.4835819765911759,0.660838718587681,0.2338515280838286,lgbm-depth2-leaves3,0.44046672644051793,0.5806522828295687,0.19401093710122605,0.08018643575811224
0x319c1302fc6ad9fa22a6a08239f3e826aa9f552de85f168f82e22e3874503ba4,1782171600000,2026-06-22T23:40:00Z,1782171690000,2026-06-22T23:41:30Z,90,Down,0,calendar_ridge_logistic-l2-10,0.48359411297867927,0.6608622199558839,0.2338632661076356,lgbm-depth2-leaves3,0.5927333003723136,0.898287026502304,0.3513327653702554,-0.23742480654642006
0x319c1302fc6ad9fa22a6a08239f3e826aa9f552de85f168f82e22e3874503ba4,1782171600000,2026-06-22T23:40:00Z,1782171720000,2026-06-22T23:42:00Z,120,Down,0,calendar_ridge_logistic-l2-10,0.4836062860208127,0.6608857928583564,0.2338750398788441,lgbm-depth2-leaves3,0.4091780699948933,0.5262406098447076,0.1674266929647458,0.1346451830136488
0x319c1302fc6ad9fa22a6a08239f3e826aa9f552de85f168f82e22e3874503ba4,1782171600000,2026-06-22T23:40:00Z,1782171750000,2026-06-22T23:42:30Z,150,Down,0,calendar_ridge_logistic-l2-10,0.4836184952890942,0.6609094364703663,0.2338868489856876,lgbm-depth2-leaves3,0.3173392209468,0.38175720596182805,0.10070418115112195,0.2791522305085382
0x319c1302fc6ad9fa22a6a08239f3e826aa9f552de85f168f82e22e3874503ba4,1782171600000,2026-06-22T23:40:00Z,1782171780000,2026-06-22T23:43:00Z,180,Down,0,calendar_ridge_logistic-l2-10,0.48363074069177814,0.6609331506192415,0.23389869334207794,lgbm-depth2-leaves3,0.41368091975411964,0.5338911320554296,0.17113190336861436,0.12704201856381192
0x319c1302fc6ad9fa22a6a08239f3e826aa9f552de85f168f82e22e3874503ba4,1782171600000,2026-06-22T23:40:00Z,1782171810000,2026-06-22T23:43:30Z,210,Down,0,calendar_ridge_logistic-l2-10,0.4836430229944165,0.6609569367925895,0.2339105736911777,lgbm-depth2-leaves3,0.4494922407973257,0.5969142280909873,0.20204327453700102,0.06404270870160222
0x319c1302fc6ad9fa22a6a08239f3e826aa9f552de85f168f82e22e3874503ba4,1782171600000,2026-06-22T23:40:00Z,1782171840000,2026-06-22T23:44:00Z,240,Down,0,calendar_ridge_logistic-l2-10,0.4836553408652756,0.6609807924163797,0.23392248874750596,lgbm-depth2-leaves3,0.3863228023091259,0.48828622574278335,0.14924530758397597,0.1726945666735964
0x79e47d70cd6d99e0c7dc68ddee88ed0f092e9d6b87d83ceafe134564ede0f714,1782171900000,2026-06-22T23:45:00Z,1782171930000,2026-06-22T23:45:30Z,30,Down,0,calendar_ridge_logistic-l2-10,0.4836924317168221,0.661052628511006,0.2339583685001326,lgbm-depth2-leaves3,0.6005116902324887,0.9175707763628735,0.36061429010588053,-0.25651814785186755
0x79e47d70cd6d99e0c7dc68ddee88ed0f092e9d6b87d83ceafe134564ede0f714,1782171900000,2026-06-22T23:45:00Z,1782171960000,2026-06-22T23:46:00Z,60,Down,0,calendar_ridge_logistic-l2-10,0.48370489462491795,0.6610767673369348,0.23397042508410298,lgbm-depth2-leaves3,0.3914657863732685,0.4967021419614297,0.15324546190084148,0.16437462537550507
0x79e47d70cd6d99e0c7dc68ddee88ed0f092e9d6b87d83ceafe134564ede0f714,1782171900000,2026-06-22T23:45:00Z,1782171990000,2026-06-22T23:46:30Z,90,Down,0,calendar_ridge_logistic-l2-10,0.4837173932319952,0.66110097589176,0.23398251651515667,lgbm-depth2-leaves3,0.608577807389586,0.937968525038887,0.37036694764711603,-0.27686754914712697
0x79e47d70cd6d99e0c7dc68ddee88ed0f092e9d6b87d83ceafe134564ede0f714,1782171900000,2026-06-22T23:45:00Z,1782172020000,2026-06-22T23:47:00Z,120,Down,0,calendar_ridge_logistic-l2-10,0.4837299278749565,0.6611252548331025,0.23399464312191062,lgbm-depth2-leaves3,0.5955341900742462,0.9051880703433521,0.35466097154738846,-0.24406281551024966
0x79e47d70cd6d99e0c7dc68ddee88ed0f092e9d6b87d83ceafe134564ede0f714,1782171900000,2026-06-22T23:45:00Z,1782172050000,2026-06-22T23:47:30Z,150,Down,0,calendar_ridge_logistic-l2-10,0.4837424984850405,0.6611496040328827,0.2340068048405494,lgbm-depth2-leaves3,0.3614523508301348,0.4485589795596564,0.13064780192063086,0.2125906244732263
0x79e47d70cd6d99e0c7dc68ddee88ed0f092e9d6b87d83ceafe134564ede0f714,1782171900000,2026-06-22T23:45:00Z,1782172080000,2026-06-22T23:48:00Z,180,Down,0,calendar_ridge_logistic-l2-10,0.4837551050164529,0.6611740234075123,0.2340190016294794,lgbm-depth2-leaves3,0.2633989354800482,0.30570882979172254,0.0693789992120226,0.35546519361578977
0x79e47d70cd6d99e0c7dc68ddee88ed0f092e9d6b87d83ceafe134564ede0f714,1782171900000,2026-06-22T23:45:00Z,1782172110000,2026-06-22T23:48:30Z,210,Down,0,calendar_ridge_logistic-l2-10,0.4837677469487903,0.6611985119540378,0.23403123298790882,lgbm-depth2-leaves3,0.5563680418219471,0.812759983318977,0.3095453979607879,-0.15156147136493925
0x79e47d70cd6d99e0c7dc68ddee88ed0f092e9d6b87d83ceafe134564ede0f714,1782171900000,2026-06-22T23:45:00Z,1782172140000,2026-06-22T23:49:00Z,240,Down,0,calendar_ridge_logistic-l2-10,0.4837804246878978,0.6612230704637131,0.23404349931120275,lgbm-depth2-leaves3,0.408441970098219,0.5249954940329831,0.1668248429377144,0.13622757643073002
0xfba6012919953c2266332b0dc5175c8061d9c4b5fba29e0191176a78926d075b,1782172200000,2026-06-22T23:50:00Z,1782172230000,2026-06-22T23:50:30Z,30,Up,1,calendar_ridge_logistic-l2-10,0.48381859048113146,0.726045255580989,0.26644324753288595,lgbm-depth2-leaves3,0.3914657863732685,0.9378571584984117,0.3703138891543045,-0.2118119029174227
0xfba6012919953c2266332b0dc5175c8061d9c4b5fba29e0191176a78926d075b,1782172200000,2026-06-22T23:50:00Z,1782172260000,2026-06-22T23:51:00Z,60,Up,1,calendar_ridge_logistic-l2-10,0.483831410284869,0.7260187588027569,0.26643001300850727,lgbm-depth2-leaves3,0.47389542116833877,0.7467686120760807,0.27678602786763956,-0.020749853273323793
0xfba6012919953c2266332b0dc5175c8061d9c4b5fba29e0191176a78926d075b,1782172200000,2026-06-22T23:50:00Z,1782172290000,2026-06-22T23:51:30Z,90,Up,1,calendar_ridge_logistic-l2-10,0.4838442655745063,0.7259921893850092,0.26641674218032074,lgbm-depth2-leaves3,0.414485446757162,0.8807174153798363,0.34282729205916024,-0.15472522599482708
0xfba6012919953c2266332b0dc5175c8061d9c4b5fba29e0191176a78926d075b,1782172200000,2026-06-22T23:50:00Z,1782172320000,2026-06-22T23:52:00Z,120,Up,1,calendar_ridge_logistic-l2-10,0.48385715582963157,0.725965548409103,0.26640343558827717,lgbm-depth2-leaves3,0.3972938179805605,0.9230791763617759,0.3632547418444497,-0.19711362795267295
0xfba6012919953c2266332b0dc5175c8061d9c4b5fba29e0191176a78926d075b,1782172200000,2026-06-22T23:50:00Z,1782172350000,2026-06-22T23:52:30Z,150,Up,1,calendar_ridge_logistic-l2-10,0.48387008183880026,0.7259388342510917,0.2663900924210868,lgbm-depth2-leaves3,0.6354962081293418,0.4533491551220552,0.13286301428808808,0.27258967912903653
0xfba6012919953c2266332b0dc5175c8061d9c4b5fba29e0191176a78926d075b,1782172200000,2026-06-22T23:50:00Z,1782172380000,2026-06-22T23:53:00Z,180,Up,1,calendar_ridge_logistic-l2-10,0.4838830427103829,0.7259120487595141,0.26637671360189247,lgbm-depth2-leaves3,0.5649611069241494,0.5709983875074824,0.1892588384886614,0.15491366125203165
0xfba6012919953c2266332b0dc5175c8061d9c4b5fba29e0191176a78926d075b,1782172200000,2026-06-22T23:50:00Z,1782172410000,2026-06-22T23:53:30Z,210,Up,1,calendar_ridge_logistic-l2-10,0.4838960387812909,0.7258851912438737,0.26636329878564274,lgbm-depth2-leaves3,0.7654443464197634,0.2672987687876059,0.055016354626451935,0.45858642245626785
0xfba6012919953c2266332b0dc5175c8061d9c4b5fba29e0191176a78926d075b,1782172200000,2026-06-22T23:50:00Z,1782172440000,2026-06-22T23:54:00Z,240,Up,1,calendar_ridge_logistic-l2-10,0.4839090700057361,0.7258582618046144,0.2663498480223443,lgbm-depth2-leaves3,0.7574108170811705,0.27784948175589064,0.05884951166922531,0.4480087800487238
0x18389c67184159b26bd3cb271e6cd591944f3a9c7081efcbfd3cf1ae77246b66,1782172500000,2026-06-22T23:55:00Z,1782172530000,2026-06-22T23:55:30Z,30,Down,0,calendar_ridge_logistic-l2-10,0.483948292437593,0.661548310066829,0.23420594975326206,lgbm-depth2-leaves3,0.5719212276854028,0.8484480528709847,0.3270938906771783,-0.18689974280415567
0x18389c67184159b26bd3cb271e6cd591944f3a9c7081efcbfd3cf1ae77246b66,1782172500000,2026-06-22T23:55:00Z,1782172560000,2026-06-22T23:56:00Z,60,Down,0,calendar_ridge_logistic-l2-10,0.4839614631826341,0.661573832534682,0.23421869784587612,lgbm-depth2-leaves3,0.5235652589910835,0.7414245201276696,0.2741205804224004,-0.07985068759298752
0x18389c67184159b26bd3cb271e6cd591944f3a9c7081efcbfd3cf1ae77246b66,1782172500000,2026-06-22T23:55:00Z,1782172590000,2026-06-22T23:56:30Z,90,Down,0,calendar_ridge_logistic-l2-10,0.48397466875458595,0.6615994231446456,0.23423147999611119,lgbm-depth2-leaves3,0.6165386471450849,0.9585164380771608,0.3801199034234915,-0.2969170149325152
0x18389c67184159b26bd3cb271e6cd591944f3a9c7081efcbfd3cf1ae77246b66,1782172500000,2026-06-22T23:55:00Z,1782172620000,2026-06-22T23:57:00Z,120,Down,0,calendar_ridge_logistic-l2-10,0.48398790909041595,0.6616250817797813,0.23424429614571274,lgbm-depth2-leaves3,0.5799526155485666,0.8673877539459739,0.3363450362816235,-0.2057626721661926
0x18389c67184159b26bd3cb271e6cd591944f3a9c7081efcbfd3cf1ae77246b66,1782172500000,2026-06-22T23:55:00Z,1782172650000,2026-06-22T23:57:30Z,150,Down,0,calendar_ridge_logistic-l2-10,0.48400118412710164,0.6616508083231718,0.23425714623643654,lgbm-depth2-leaves3,0.42813407189791264,0.5588507065062207,0.18329878351988702,0.1028001018169511
0x18389c67184159b26bd3cb271e6cd591944f3a9c7081efcbfd3cf1ae77246b66,1782172500000,2026-06-22T23:55:00Z,1782172680000,2026-06-22T23:58:00Z,180,Down,0,calendar_ridge_logistic-l2-10,0.4840144938016111,0.6616766026578832,0.23427003021002982,lgbm-depth2-leaves3,0.49649114232420516,0.6861539747721145,0.24650345440639415,-0.02447737211423129
0x18389c67184159b26bd3cb271e6cd591944f3a9c7081efcbfd3cf1ae77246b66,1782172500000,2026-06-22T23:55:00Z,1782172710000,2026-06-22T23:58:30Z,210,Down,0,calendar_ridge_logistic-l2-10,0.48402783761937174,0.6617024638306186,0.2342829475904849,lgbm-depth2-leaves3,0.3914657863732685,0.4967021419614297,0.15324546190084148,0.1650003218691889
0x18389c67184159b26bd3cb271e6cd591944f3a9c7081efcbfd3cf1ae77246b66,1782172500000,2026-06-22T23:55:00Z,1782172740000,2026-06-22T23:59:00Z,240,Down,0,calendar_ridge_logistic-l2-10,0.4840412163746999,0.6617283933860423,0.23429589914949903,lgbm-depth2-leaves3,0.41692668106191855,0.5394423390671178,0.17382785738130674,0.12228605431892448
