brier_score,head,log_loss,prevalence,q90_empirical_coverage,rows,weighted_mean_absolute_error_quote,weighted_q90_pinball_loss_quote
,entry_cost_given_fill,,,0.9911436440112558,65922,0.06511588351793404,0.0320801887420766
0.09882410253989943,fill_given_observable,0.3487444534145678,0.888680813242795,,74136,,
0.003948174057856255,observability,0.02997459075287857,0.9960475082612364,,74426,,
