scope,conditions,model_log_loss,market_prior_log_loss,log_loss_improvement,model_brier_score,market_prior_brier_score,brier_improvement
Pooled,42,0.250896211970053,0.309332025159353,0.05843581318929997,0.07669294924948158,0.0907727099292335,0.014079760679751918
BTC,14,0.2891225180915483,0.32667700619402956,0.03755448810248124,0.09080112723786393,0.09822904565644618,0.007427918418582244
ETH,14,0.21848864149222086,0.28619680181167484,0.06770816031945398,0.0654182360476358,0.0819441158953258,0.016525879847689995
SOL,14,0.24507747632638993,0.3151222674723546,0.07004479114596468,0.07385948446294499,0.09214496823592855,0.018285483772983557
