scenario,side,rows,positive_rows,positive_ratio,mean_net_bps,horizon,stop,take,ambiguous_stop,protection_gap_stop
base,long,227011,63292,0.2788058728431662,-12.698664257990659,129657,65683,31671,0,0
base,short,227011,61594,0.27132605908964763,-12.82292277876323,130527,64328,32156,0,0
stress,long,227011,63284,0.27877063226011073,-12.98691670755458,129657,65682,31671,0,1
stress,short,227011,61592,0.27131724894388376,-13.092107652175319,130527,64326,32156,0,2
