scenario,side,rows,positive_rows,positive_ratio,mean_net_bps,horizon,stop,take,ambiguous_stop,protection_gap_stop
base,long,230393,27765,0.12051147387290412,-12.206792885286948,194949,25658,9786,0,0
base,short,230393,27278,0.11839769437439505,-12.411254957480002,194811,25578,10004,0,0
stress,long,230393,27750,0.12044636772818619,-12.302525859782126,194949,25653,9786,0,5
stress,short,230393,27260,0.11831956700073352,-12.50293077469592,194811,25573,10004,0,5
