baseline_pinball_loss_bps,coverage_50,coverage_80,evaluation_month_count,horizon_hours,model_pinball_loss_bps,pinball_skill,pooled_median_spearman,positive_monthly_median_spearman_count
19.198658124282197,0.45960988562091504,0.772671568627451,9,1,18.370720081522208,0.04312478702419442,0.05005108869813274,9
38.9906155782522,0.46119281045751637,0.7820669934640523,9,4,37.482474965931786,0.038679579430944244,0.029455029603646994,5
70.00329828268877,0.46655433006535946,0.7808925653594772,9,12,67.51871155375403,0.03549242378411133,0.0622719110137472,8
98.7583674619629,0.49581290849673204,0.7933517156862745,9,24,96.45713490585779,0.023301646384458974,0.04392378504166944,6
