seed,model_sha256,artifact_sha256,artifact_bytes,training_backend,training_event_rows,early_stop_event_rows,probability_calibration_event_rows,internal_purged_event_rows,positive_class_prevalence,advantage_directional_loss,reload_max_abs_error,equivariance_max_abs_error
29,6cdccc0841649dfc2723d2fe4b43a5af710f640785047bdcd315c418c9ad6ff0,22460bacad72d8af98ae9869fab2c21669b078056e1c1beb17575c357613f08c,2783759,opencl,128307,10913,10967,54,0.19928374913293898,0.4383367585620817,0.0,0.0
43,a623fac4593344919e800f4468df027e2cd451d620795d5f2de373d9da6fc1fb,2aadf3c6cd55573b4bd70ba3b8de7ae422773c841244103dbb0bba25e1ee214c,3117385,opencl,128307,10913,10967,54,0.19928374913293898,0.43587226570665805,0.0,0.0
71,159386c7436cc676227446328ff9ff08bd16bbe7512a62fa7d25d5afd4a8d85a,8946150d8f424ffb3492cc7452f0793cf738fbbeab178122d69a3562b7ac3058,4506072,opencl,128307,10913,10967,54,0.19928374913293898,0.44059826156968535,0.0,0.0
