seed,model_sha256,artifact_sha256,artifact_bytes,training_backend,training_event_rows,early_stop_event_rows,probability_calibration_event_rows,conditional_direction_temperature,opportunity_calibration_slope,opportunity_calibration_intercept,reload_max_abs_error,opportunity_invariance_max_abs_error,direction_complementarity_max_abs_error,action_swap_max_abs_error
29,0c7a8c129ea528e2fe2f0195a0afadd66b4e8d1b87afee43f794f7fe2a9c4a6a,f6f7ea2c8e87263e00081668a542e23d22f07741a60d9ac9a4b71d80ca9c2cf8,2923512,opencl,128307,10913,10967,54.59815003314424,1.2630238662011921,0.20768422756496518,0.0,0.0,1.1102230246251565e-16,1.4210854715202004e-14
43,d606d94d55ca1ee3f43169f717102908009c898d62748c393a5d6032401a1376,8cd544d182250cb6beec120c39b087434a8e864ce8d1717ae2c38aa6ae15cda1,2789029,opencl,128307,10913,10967,54.59815003295726,1.3130315959187433,0.21214646434195322,0.0,0.0,1.1102230246251565e-16,8.881784197001252e-15
71,94e9c1b128a008e720a3733595b9843f0eeeec04b68c55f80a5d64701b936793,828295ff3cf364d5d8ec542f142753bf1c1c84c94abab3390e5029f0018ee9b2,3244217,opencl,128307,10913,10967,54.598150033136186,1.4181148554535425,0.29254135145291976,0.0,0.0,1.1102230246251565e-16,1.0658141036401503e-14
