variant,model_sha256,artifact_sha256,artifact_bytes,backend_requested,backend_kind,backend_device,lightgbm_version,best_iteration,train_role_rows,train_opportunity_rows,early_stop_role_rows,early_stop_opportunity_rows,utility_margin_scale_bps,train_weight_multiplier_mean,early_stop_weight_multiplier_mean,artifact_reload_max_abs_prediction_error,mirror_swap_max_abs_prediction_error,nonfinite_prediction_count,training_runtime_seconds
full_uniqueness,722dcdd6839fbe7cd111f30293fe44d15638fae1c5db82c43cd681f75f1cc15b,d95f44dd955c08ece2096681c4cf7eb3a9d7053b0b3d426cb58bbff990372c70,63572,directml,opencl,opencl:auto,4.6.0,9,128307,51139,21934,8814,44.5812463760376,1.0,1.0,0.0,2.220446049250313e-16,0,1.7650000000139698
full_utility_margin,6967f40ca1303167767d7048d4a69f26c7266b110e9c108b4c69e91044fd8b87,9d52793c19de51158b9c1c67eb7d1e4cbb721edc0d3f90c7eeea9418f2b5bf55,163859,directml,opencl,opencl:auto,4.6.0,28,128307,51139,21934,8814,44.5812463760376,1.0784375063509968,1.1075043007320395,0.0,2.220446049250313e-16,0,1.4689999999827705
noncycle_uniqueness,1ee518a33fb2f366bedb28d17cef93effa3abf31d9c7e088814ece67502a070a,acb7bf76e07fe7b0bd33a0608f13e8f28a2901ef3d9b3a9f774fcffd0a8730ac,180026,directml,opencl,opencl:auto,4.6.0,31,128307,51139,21934,8814,44.5812463760376,1.0,1.0,0.0,2.220446049250313e-16,0,1.2660000000032596
noncycle_utility_margin,021d893c333d9f0cb7fe697c1fdabd3a73c0bc2c7f4498a9336909a55b83b772,4d2df54ab543b38be99b9ea50c8b432f7ebb0fb93276714c658b0ef8fbba89bc,194124,directml,opencl,opencl:auto,4.6.0,34,128307,51139,21934,8814,44.5812463760376,1.0784375063509968,1.1075043007320395,0.0,2.220446049250313e-16,0,1.4689999999827705
compact_uniqueness,77c517199001aa02259c781e82e3d3b30277bb75fabefb41add84c82f5f6f213,6535b47a45b11203525d15bae8d137c2aba2e80b069edc0894a1f9e785db1256,177808,directml,opencl,opencl:auto,4.6.0,31,128307,51139,21934,8814,44.5812463760376,1.0,1.0,0.0,2.220446049250313e-16,0,1.2339999999967404
compact_utility_margin,0e6fe0ffa8a09be05400522eefee05ffe91b3b382319cf5ca963486d81e010aa,872eb0d0ae2da57f9abd6ab52f376481135bd942a8760bb10e00cf7187c341ba,203721,directml,opencl,opencl:auto,4.6.0,36,128307,51139,21934,8814,44.5812463760376,1.0784375063509968,1.1075043007320395,0.0,2.220446049250313e-16,0,1.0310000000172295
