seed,model_sha256,artifact_sha256,artifact_bytes,training_backend,training_event_rows,early_stop_event_rows,probability_calibration_event_rows,multiclass_temperature,multiclass_abstain_logit_bias,multiclass_calibration_log_loss,multiclass_class_prior_log_loss,side_profit_platt_slope,side_profit_platt_intercept,regret_scale_bps,reload_max_abs_error,class_mirror_swap_max_abs_error,action_swap_max_abs_error,probability_sum_max_abs_error
29,23a5dbe9ebbb617edef7c68769000e347ec3b5a19883db97a7cf0ebefe711e00,dcf35b170ab430ac9b56dd6db5f6d6f40d69fa8fa6ca49716d1a13d8036ca956,3089843,opencl,128307,10913,10967,0.7408417797265864,0.46611793465044826,0.9409094228027048,0.9931697826604419,1.2330621020032035,0.3968809574795273,24.036190032958984,0.0,2.220446049250313e-16,0.0,2.220446049250313e-16
43,87553f07e9a27ec10bc187f11496ffad7815a797d061bf9ec059f99aeac8741a,b9ce0f0291e064cdba0c59629970f66ed1a8182b5704ae84097fed187332beb4,3209578,opencl,128307,10913,10967,0.7573612750779601,0.4760975037535611,0.9416438387152213,0.9931697826604419,1.2027905533284415,0.3415056841488961,24.036190032958984,0.0,1.1102230246251565e-16,0.0,2.220446049250313e-16
71,6fce08f82def40524a381f1cd2b099183439828ad0439c20464d373fdc337c60,1d88c863be5ad60ee7e02edc43b9f9305f5e94f731edabfe1fa9c1cf8a195d67,3913849,opencl,128307,10913,10967,0.8026956348496181,0.5105198690435707,0.9436316063590027,0.9931697826604419,1.2608302740625308,0.4250789122740341,24.036190032958984,0.0,2.220446049250313e-16,0.0,2.220446049250313e-16
