evaluation_month,threshold_selected,selected_meta_probability,selected_primary_margin,supported_threshold_cells,economic_threshold_cells,best_supported_calibration_trades,best_supported_calibration_mean_net_bps,best_supported_calibration_profit_factor,best_supported_calibration_lower_95_mean_net_bps,meta_fit_roc_auc,meta_early_stop_roc_auc,meta_calibration_roc_auc,meta_evaluation_roc_auc,evaluation_trades,evaluation_active_days,evaluation_mean_net_bps,evaluation_profit_factor,evaluation_lower_95_mean_net_bps,btcusdt_trades,ethusdt_trades,solusdt_trades,capacity_rejections,overlap_rejections
2024-07,False,,,1,0,48,-20.7010114689668,0.5340375692543566,,0.6434019993417398,0.5962268552288558,0.6350919902578456,0.5817387992413374,0,0,0.0,0.0,,0,0,0,0,0
2024-08,False,,,8,0,106,-1.9792261348580413,0.9378181682254346,,0.6435007329306671,0.6352614094493669,0.5840967432132159,0.5771216810176599,0,0,0.0,0.0,,0,0,0,0,0
2024-09,False,,,3,0,286,-15.534295361775618,0.703397372862784,,0.6351651131270102,0.5856237376568919,0.5817756990346894,0.5899774916082046,0,0,0.0,0.0,,0,0,0,0,0
2024-10,False,,,2,0,90,5.054401557975345,1.2191859972990668,-6.317151777644096,0.6299264177427747,0.5814281479057258,0.5898322694918247,0.5981457892377167,0,0,0.0,0.0,,0,0,0,0,0
2024-11,True,0.5,0.1,3,1,69,13.10601862034072,1.4781830055533147,0.7843943134169369,0.6337442738720862,0.5900846786558431,0.5969403494247504,0.5874268795725843,235,29,-0.7313756379675358,0.9778150375855318,-10.581918440353649,60,83,92,40,323
2024-12,True,0.5,0.1,4,3,175,13.426160672051566,1.50286110576885,1.6647492907334431,0.6302518710895937,0.5974573386296194,0.5851320929542736,0.5725303340494036,231,27,-0.6224433829387029,0.9826311840912332,-15.5115764058873,43,86,102,51,324
