evaluation_month,threshold_selected,selected_meta_probability,selected_primary_margin,supported_threshold_cells,economic_threshold_cells,best_supported_calibration_trades,best_supported_calibration_mean_net_bps,best_supported_calibration_profit_factor,best_supported_calibration_lower_95_mean_net_bps,meta_fit_roc_auc,meta_early_stop_roc_auc,meta_calibration_roc_auc,meta_evaluation_roc_auc,evaluation_trades,evaluation_active_days,evaluation_mean_net_bps,evaluation_profit_factor,evaluation_lower_95_mean_net_bps,btcusdt_trades,ethusdt_trades,solusdt_trades,capacity_rejections,overlap_rejections
2024-07,False,,,4,0,193,-9.352967837835068,0.7043808938937017,,0.7257361133505087,0.5893927639703803,0.6271102779047166,0.576792918016627,0,0,0.0,0.0,,0,0,0,0,0
2024-08,False,,,5,0,111,-2.2973137481792554,0.9390750492197637,,0.7480771583270974,0.6469145915891164,0.5741682271581202,0.5790251516840071,0,0,0.0,0.0,,0,0,0,0,0
2024-09,False,,,8,0,406,-18.26215515950043,0.576792981381491,,0.736049421789573,0.5773615558886656,0.5678826958644176,0.5789088276113376,0,0,0.0,0.0,,0,0,0,0,0
2024-10,False,,,2,0,189,-7.156670187437345,0.7282940130941405,,0.7693139581925835,0.5985132812660673,0.5718900831979284,0.5866530158317361,0,0,0.0,0.0,,0,0,0,0,0
2024-11,False,,,3,0,88,3.9234650057994505,1.1362385178028034,-12.738123654515633,0.7402567788211488,0.5998506875978773,0.5842547307708188,0.5636332362683997,0,0,0.0,0.0,,0,0,0,0,0
2024-12,True,0.55,0.0,5,3,63,43.08742517895169,3.1217773122387724,20.69570359943655,0.7416424595450479,0.5810993521985346,0.5776983348101152,0.5684215765504266,70,13,36.060967821734295,2.008035067071759,-2.8312723606804515,10,29,31,0,43
