horizon_hours,left_seed,median_prediction_spearman,right_seed
1,4401,0.6092035229405917,4402
4,4401,0.5198223409032432,4402
12,4401,0.48943297753021736,4402
24,4401,0.45191081264635347,4402
1,4401,0.577253073094788,4403
4,4401,0.5578282331056043,4403
12,4401,0.5475625184322136,4403
24,4401,0.524931706673925,4403
1,4402,0.5521276653567591,4403
4,4402,0.4682032983749936,4403
12,4402,0.5808313599511914,4403
24,4402,0.46242422438509984,4403
