{
  "artifact_sha256": "1463a77c9f8db7f398e57182fecd88535a08ade594218057c985de81cd34cfb9",
  "candidate": {
    "auto_checkpoint_skip_wal_threshold_bytes": 536870912,
    "checkpoint_threshold": "512.0 MiB",
    "connection_close_write_transfer_bytes": 27267121,
    "elapsed_seconds": 3.1946021000039764,
    "maximum_observed_wal_bytes": 93210357,
    "name": "candidate_512MiB",
    "physical_bytes": 49819648,
    "process_write_transfer_bytes": 120477478,
    "process_write_transfer_bytes_per_message": 1215.1889492954622,
    "signature": {
      "frame_compressed_bytes_sum": 4451750,
      "frame_message_count_sum": 99143,
      "impact_aggregate_trade_v8": 2788,
      "impact_book_ticker_v8": 87563,
      "impact_capture_frame_v8": 64,
      "impact_depth_band_flow_v8": 7956,
      "impact_depth_update_v8": 7956,
      "impact_event_link_v8": 99143,
      "impact_l2_state_v8": 7859,
      "impact_liquidation_snapshot_v8": 0,
      "impact_mark_price_v8": 810,
      "impact_rejected_wire_event_v8": 0,
      "impact_rest_event_v8": 26
    },
    "transaction_write_transfer_bytes": [
      2643087,
      1147536,
      864665,
      573471,
      649123,
      722217,
      820126,
      877336,
      1082494,
      1187901,
      1200661,
      1288754,
      1587645,
      4204381,
      1601548,
      1534875,
      1702037,
      1891023,
      1310775,
      1216104,
      2219107,
      710118,
      772937,
      825245,
      971602,
      4316971,
      1354302,
      1332338,
      1250728,
      2208189,
      2210481,
      1497252,
      1532855,
      1757848,
      1511486,
      1338671,
      1722163,
      705478,
      2363660,
      937643,
      1113362,
      1867005,
      2166438,
      2079485,
      1276906,
      1515892,
      1894193,
      1449379,
      1518360,
      1647934,
      353094,
      432626,
      500651,
      1252999,
      693080,
      1500753,
      915760,
      1426316,
      1569123,
      1090400,
      1103455,
      1796182,
      2352997,
      2049134
    ]
  },
  "candidate_to_default_process_write_ratio": 0.7296932984837731,
  "default": {
    "auto_checkpoint_skip_wal_threshold_bytes": 100000,
    "checkpoint_threshold": "16.0 MiB",
    "connection_close_write_transfer_bytes": 21499964,
    "elapsed_seconds": 4.031707799993455,
    "maximum_observed_wal_bytes": 17688502,
    "name": "observed_defaults",
    "physical_bytes": 61878272,
    "process_write_transfer_bytes": 165107009,
    "process_write_transfer_bytes_per_message": 1665.342071553211,
    "signature": {
      "frame_compressed_bytes_sum": 4451750,
      "frame_message_count_sum": 99143,
      "impact_aggregate_trade_v8": 2788,
      "impact_book_ticker_v8": 87563,
      "impact_capture_frame_v8": 64,
      "impact_depth_band_flow_v8": 7956,
      "impact_depth_update_v8": 7956,
      "impact_event_link_v8": 99143,
      "impact_l2_state_v8": 7859,
      "impact_liquidation_snapshot_v8": 0,
      "impact_mark_price_v8": 810,
      "impact_rejected_wire_event_v8": 0,
      "impact_rest_event_v8": 26
    },
    "transaction_write_transfer_bytes": [
      2643087,
      1147536,
      864665,
      573471,
      649123,
      722217,
      820126,
      877336,
      1082494,
      1187901,
      1200661,
      1288754,
      1587645,
      15470644,
      502701,
      435426,
      602849,
      2103503,
      1523255,
      1428574,
      2431806,
      923331,
      985893,
      1037849,
      1183654,
      4529661,
      21762108,
      508102,
      426333,
      1384018,
      1386301,
      673299,
      707767,
      933761,
      1999249,
      1826227,
      2209258,
      1193432,
      2850978,
      1425084,
      14684220,
      1247636,
      1546601,
      1460091,
      657522,
      896293,
      1275028,
      829981,
      899701,
      1027985,
      1045185,
      1124950,
      1192975,
      1945319,
      1385643,
      16781372,
      442380,
      952904,
      1095421,
      617168,
      630004,
      1322550,
      1879867,
      1576170
    ]
  },
  "exact_frame_candidate": {
    "auto_checkpoint_skip_wal_threshold_bytes": 536870912,
    "checkpoint_threshold": "512.0 MiB",
    "connection_close_write_transfer_bytes": 11800625,
    "elapsed_seconds": 0.3113018999865744,
    "maximum_observed_wal_bytes": 4518695,
    "name": "candidate_512MiB_exact_frames_only",
    "physical_bytes": 18624512,
    "process_write_transfer_bytes": 16319320,
    "process_write_transfer_bytes_per_message": 164.60385503767284,
    "signature": {
      "frame_compressed_bytes_sum": 4451750,
      "frame_message_count_sum": 99143,
      "impact_capture_frame_v8": 64
    },
    "transaction_write_transfer_bytes": [
      295046,
      76775,
      58827,
      30982,
      29327,
      30248,
      32323,
      32240,
      41414,
      41736,
      41411,
      41727,
      57333,
      224128,
      53081,
      33966,
      45130,
      136639,
      92299,
      81720,
      144142,
      39553,
      34746,
      31040,
      38767,
      249539,
      62026,
      50125,
      34643,
      94490,
      92468,
      37253,
      29990,
      38443,
      127464,
      99026,
      113323,
      41839,
      152689,
      48100,
      55004,
      83991,
      112310,
      105340,
      42019,
      52324,
      72742,
      38372,
      34867,
      36245,
      35174,
      35360,
      32932,
      82027,
      41477,
      96092,
      41900,
      71057,
      79336,
      36105,
      31129,
      81081,
      106555,
      79238
    ]
  },
  "exact_frame_candidate_persists_typed_projection": false,
  "exact_frame_candidate_purpose": "Measure the storage ceiling available to a prospective raw-frame schema; it is not an implemented capture schema.",
  "exact_frame_to_full_path_candidate_process_write_ratio": 0.13545535871858141,
  "financial_or_model_evidence": false,
  "frame_indices": [
    0,
    1,
    2,
    3,
    4,
    5,
    6,
    7,
    8,
    9,
    10,
    11,
    12,
    13,
    14,
    15,
    16,
    17,
    18,
    19,
    20,
    21,
    22,
    23,
    24,
    25,
    26,
    27,
    28,
    29,
    30,
    31,
    32,
    33,
    34,
    35,
    36,
    37,
    38,
    39,
    40,
    41,
    42,
    43,
    44,
    45,
    46,
    47,
    48,
    49,
    50,
    51,
    52,
    53,
    54,
    55,
    56,
    57,
    58,
    59,
    60,
    61,
    62,
    63
  ],
  "message_count": 99143,
  "schema_version": "round-073-full-path-checkpoint-benchmark-v4",
  "scratch_files_retained": false,
  "seed_frame_indices": [
    0,
    1,
    2,
    3,
    4,
    5,
    6,
    7,
    8,
    9,
    10,
    11,
    12,
    13,
    14,
    15,
    16,
    17,
    18,
    19,
    20,
    21,
    22,
    23,
    24,
    25,
    26,
    27,
    28,
    29,
    30,
    31,
    32,
    33,
    34,
    35,
    36,
    37,
    38,
    39,
    40,
    41,
    42,
    43,
    44,
    45,
    46,
    47,
    48,
    49,
    50,
    51,
    52,
    53,
    54,
    55,
    56,
    57,
    58,
    59,
    60,
    61,
    62,
    63
  ],
  "seed_run_id": "f3e92ba29e1e4d3188c3f309f5c160a2",
  "source_run_id": "ff078d31000d4fa791ca97bd38144d6a",
  "source_schema_version": "round-073-prospective-evidence-v8",
  "synthetic_market_data_used": false,
  "tables": [
    "impact_capture_frame_v8",
    "impact_event_link_v8",
    "impact_depth_update_v8",
    "impact_depth_band_flow_v8",
    "impact_l2_state_v8",
    "impact_book_ticker_v8",
    "impact_aggregate_trade_v8",
    "impact_mark_price_v8",
    "impact_liquidation_snapshot_v8",
    "impact_rest_event_v8",
    "impact_rejected_wire_event_v8"
  ]
}
