slot_ordinal,role,scheduled_start_utc,scheduled_end_utc,status,reason_code,failure_classification,evidence_kind,slot_directory_present,eligible_anchor_ns,cumulative_training_eligible_anchor_ns
0,training,2026-07-28T08:00:00+00:00,2026-07-28T08:20:00+00:00,transport_excluded,in_run_transport,transport_excluded,result,true,0,0
1,training,2026-07-28T08:25:00+00:00,2026-07-28T08:45:00+00:00,admitted,admitted,admitted,result,true,889639947400,889639947400
2,training,2026-07-28T08:50:00+00:00,2026-07-28T09:10:00+00:00,admitted,admitted,admitted,result,true,889611684700,1779251632100
3,training,2026-07-28T09:15:00+00:00,2026-07-28T09:35:00+00:00,transport_excluded,startup_transport,transport_excluded,result,true,0,1779251632100
4,training,2026-07-28T09:40:00+00:00,2026-07-28T10:00:00+00:00,admitted,admitted,admitted,result,true,889694341400,2668945973500
5,training,2026-07-28T10:05:00+00:00,2026-07-28T10:25:00+00:00,admitted,admitted,admitted,result,true,889660820400,3558606793900
6,training,2026-07-28T10:30:00+00:00,2026-07-28T10:50:00+00:00,admitted,admitted,admitted,result,true,889637633400,4448244427300
7,training,2026-07-28T10:55:00+00:00,2026-07-28T11:15:00+00:00,admitted,admitted,admitted,result,true,889717017300,5337961444600
8,training,2026-07-28T11:20:00+00:00,2026-07-28T11:40:00+00:00,admitted,admitted,admitted,result,true,889625683100,6227587127700
9,training,2026-07-28T11:45:00+00:00,2026-07-28T12:05:00+00:00,admitted,admitted,admitted,result,true,574859422200,6802446549900
10,training,2026-07-28T12:10:00+00:00,2026-07-28T12:30:00+00:00,admitted,admitted,admitted,result,true,889681454700,7692128004600
11,training,2026-07-28T12:35:00+00:00,2026-07-28T12:55:00+00:00,admitted,admitted,admitted,result,true,889634069300,8581762073900
12,training,2026-07-28T13:00:00+00:00,2026-07-28T13:20:00+00:00,admitted,admitted,admitted,result,true,889553291100,9471315365000
13,training,2026-07-28T13:25:00+00:00,2026-07-28T13:45:00+00:00,admitted,admitted,admitted,supplemental_adjudication,true,889580972600,10360896337600
14,training,2026-07-28T13:50:00+00:00,2026-07-28T14:10:00+00:00,missed,host_slot_missed,prior_audit_terminal_class_failed,recovery,true,0,10360896337600
15,training,2026-07-28T14:15:00+00:00,2026-07-28T14:35:00+00:00,transport_excluded,startup_transport,transport_excluded,result,true,0,10360896337600
16,training,2026-07-28T14:40:00+00:00,2026-07-28T15:00:00+00:00,admitted,admitted,admitted,result,true,889768494000,11250664831600
17,training,2026-07-28T15:05:00+00:00,2026-07-28T15:25:00+00:00,admitted,admitted,admitted,late_adjudication,true,889663503600,12140328335200
18,training,2026-07-28T15:30:00+00:00,2026-07-28T15:50:00+00:00,admitted,admitted,admitted,result,true,889576190000,13029904525200
19,training,2026-07-28T15:55:00+00:00,2026-07-28T16:15:00+00:00,admitted,admitted,admitted,result,true,889646549300,13919551074500
20,training,2026-07-28T16:20:00+00:00,2026-07-28T16:40:00+00:00,missed,host_slot_missed,captured_unsupported_terminal_class,recovery,true,0,13919551074500
21,training,2026-07-28T16:45:00+00:00,2026-07-28T17:05:00+00:00,admitted,admitted,admitted,result,true,889647629300,14809198703800
22,training,2026-07-28T17:10:00+00:00,2026-07-28T17:30:00+00:00,admitted,admitted,admitted,result,true,889559828400,15698758532200
23,training,2026-07-28T17:35:00+00:00,2026-07-28T17:55:00+00:00,admitted,admitted,admitted,result,true,889664936100,16588423468300
24,training,2026-07-28T18:00:00+00:00,2026-07-28T18:20:00+00:00,admitted,admitted,admitted,result,true,889655850300,17478079318600
25,training,2026-07-28T18:25:00+00:00,2026-07-28T18:45:00+00:00,admitted,admitted,admitted,result,true,889723651500,18367802970100
26,training,2026-07-28T18:50:00+00:00,2026-07-28T19:10:00+00:00,admitted,admitted,admitted,result,true,889639170600,19257442140700
27,training,2026-07-28T19:15:00+00:00,2026-07-28T19:35:00+00:00,admitted,admitted,admitted,result,true,889574465300,20147016606000
28,training,2026-07-28T19:40:00+00:00,2026-07-28T20:00:00+00:00,missed,host_slot_missed,captured_stored_report_missing,recovery,true,0,20147016606000
29,training,2026-07-28T20:05:00+00:00,2026-07-28T20:25:00+00:00,admitted,admitted,admitted,result,true,889725752100,21036742358100
30,training,2026-07-28T20:30:00+00:00,2026-07-28T20:50:00+00:00,admitted,admitted,admitted,result,true,889648667800,21926391025900
31,training,2026-07-28T20:55:00+00:00,2026-07-28T21:15:00+00:00,admitted,admitted,admitted,result,true,383555179100,22309946205000
32,training,2026-07-28T21:20:00+00:00,2026-07-28T21:40:00+00:00,admitted,admitted,admitted,result,true,889570715300,23199516920300
33,training,2026-07-28T21:45:00+00:00,2026-07-28T22:05:00+00:00,admitted,admitted,admitted,result,true,889680447600,24089197367900
34,training,2026-07-28T22:10:00+00:00,2026-07-28T22:30:00+00:00,admitted,admitted,admitted,result,true,889660111700,24978857479600
35,training,2026-07-28T22:35:00+00:00,2026-07-28T22:55:00+00:00,admitted,admitted,admitted,result,true,889615929000,25868473408600
36,training,2026-07-28T23:00:00+00:00,2026-07-28T23:20:00+00:00,admitted,admitted,admitted,result,true,889641280700,26758114689300
37,training,2026-07-28T23:25:00+00:00,2026-07-28T23:45:00+00:00,admitted,admitted,admitted,result,true,889606703200,27647721392500
38,training,2026-07-28T23:50:00+00:00,2026-07-29T00:10:00+00:00,admitted,admitted,admitted,result,true,889966493500,28537687886000
39,training,2026-07-29T00:15:00+00:00,2026-07-29T00:35:00+00:00,admitted,admitted,admitted,result,true,889578803900,29427266689900
40,training,2026-07-29T00:40:00+00:00,2026-07-29T01:00:00+00:00,admitted,admitted,admitted,result,true,889677937700,30316944627600
41,training,2026-07-29T01:05:00+00:00,2026-07-29T01:25:00+00:00,admitted,admitted,admitted,result,true,889857754800,31206802382400
42,training,2026-07-29T01:30:00+00:00,2026-07-29T01:50:00+00:00,missed,host_slot_missed,captured_stored_report_missing,recovery,true,0,31206802382400
43,training,2026-07-29T01:55:00+00:00,2026-07-29T02:15:00+00:00,missed,host_slot_missed,never_started_no_slot_directory,recovery,false,0,31206802382400
44,training,2026-07-29T02:20:00+00:00,2026-07-29T02:40:00+00:00,missed,host_slot_missed,never_started_no_slot_directory,recovery,false,0,31206802382400
45,training,2026-07-29T02:45:00+00:00,2026-07-29T03:05:00+00:00,admitted,admitted,admitted,result,true,889624836000,32096427218400
46,training,2026-07-29T03:10:00+00:00,2026-07-29T03:30:00+00:00,admitted,admitted,admitted,result,true,889753736200,32986180954600
47,training,2026-07-29T03:35:00+00:00,2026-07-29T03:55:00+00:00,admitted,admitted,admitted,result,true,889757226900,33875938181500
48,training,2026-07-29T04:00:00+00:00,2026-07-29T04:20:00+00:00,missed,host_slot_missed,captured_stored_report_missing,recovery,true,0,33875938181500
49,training,2026-07-29T04:25:00+00:00,2026-07-29T04:45:00+00:00,admitted,admitted,admitted,result,true,889894631200,34765832812700
50,training,2026-07-29T04:50:00+00:00,2026-07-29T05:10:00+00:00,admitted,admitted,admitted,result,true,889826534300,35655659347000
51,training,2026-07-29T05:15:00+00:00,2026-07-29T05:35:00+00:00,admitted,admitted,admitted,result,true,889711771900,36545371118900
52,training,2026-07-29T05:40:00+00:00,2026-07-29T06:00:00+00:00,missed,host_slot_missed,captured_stored_report_missing,recovery,true,0,36545371118900
53,training,2026-07-29T06:05:00+00:00,2026-07-29T06:25:00+00:00,admitted,admitted,admitted,result,true,889952016900,37435323135800
54,training,2026-07-29T06:30:00+00:00,2026-07-29T06:50:00+00:00,admitted,admitted,admitted,result,true,889829704000,38325152839800
55,training,2026-07-29T06:55:00+00:00,2026-07-29T07:15:00+00:00,admitted,admitted,admitted,result,true,889642093100,39214794932900
56,training,2026-07-29T07:20:00+00:00,2026-07-29T07:40:00+00:00,admitted,admitted,admitted,result,true,889694219500,40104489152400
57,training,2026-07-29T07:45:00+00:00,2026-07-29T08:05:00+00:00,missed,host_slot_missed,captured_stored_report_missing,recovery,true,0,40104489152400
58,training,2026-07-29T08:10:00+00:00,2026-07-29T08:30:00+00:00,missed,host_slot_missed,never_started_no_slot_directory,recovery,false,0,40104489152400
59,training,2026-07-29T08:35:00+00:00,2026-07-29T08:55:00+00:00,missed,host_slot_missed,never_started_no_slot_directory,recovery,false,0,40104489152400
60,training,2026-07-29T09:00:00+00:00,2026-07-29T09:20:00+00:00,missed,host_slot_missed,never_started_no_slot_directory,recovery,false,0,40104489152400
61,training,2026-07-29T09:25:00+00:00,2026-07-29T09:45:00+00:00,missed,host_slot_missed,never_started_no_slot_directory,recovery,false,0,40104489152400
62,training,2026-07-29T09:50:00+00:00,2026-07-29T10:10:00+00:00,missed,host_slot_missed,never_started_no_slot_directory,recovery,false,0,40104489152400
63,training,2026-07-29T10:15:00+00:00,2026-07-29T10:35:00+00:00,missed,host_slot_missed,never_started_no_slot_directory,recovery,false,0,40104489152400
64,training,2026-07-29T10:40:00+00:00,2026-07-29T11:00:00+00:00,missed,host_slot_missed,never_started_no_slot_directory,recovery,false,0,40104489152400
65,training,2026-07-29T11:05:00+00:00,2026-07-29T11:25:00+00:00,missed,host_slot_missed,never_started_no_slot_directory,recovery,false,0,40104489152400
66,training,2026-07-29T11:30:00+00:00,2026-07-29T11:50:00+00:00,missed,host_slot_missed,never_started_no_slot_directory,recovery,false,0,40104489152400
67,training,2026-07-29T11:55:00+00:00,2026-07-29T12:15:00+00:00,missed,host_slot_missed,never_started_no_slot_directory,recovery,false,0,40104489152400
68,training,2026-07-29T12:20:00+00:00,2026-07-29T12:40:00+00:00,missed,host_slot_missed,never_started_no_slot_directory,recovery,false,0,40104489152400
69,training,2026-07-29T12:45:00+00:00,2026-07-29T13:05:00+00:00,missed,host_slot_missed,never_started_no_slot_directory,recovery,false,0,40104489152400
70,training,2026-07-29T13:10:00+00:00,2026-07-29T13:30:00+00:00,missed,host_slot_missed,never_started_no_slot_directory,recovery,false,0,40104489152400
71,training,2026-07-29T13:35:00+00:00,2026-07-29T13:55:00+00:00,missed,host_slot_missed,never_started_no_slot_directory,recovery,false,0,40104489152400
72,training,2026-07-29T14:00:00+00:00,2026-07-29T14:20:00+00:00,missed,host_slot_missed,never_started_no_slot_directory,recovery,false,0,40104489152400
73,training,2026-07-29T14:25:00+00:00,2026-07-29T14:45:00+00:00,missed,host_slot_missed,never_started_no_slot_directory,recovery,false,0,40104489152400
74,training,2026-07-29T14:50:00+00:00,2026-07-29T15:10:00+00:00,missed,host_slot_missed,never_started_no_slot_directory,recovery,false,0,40104489152400
75,training,2026-07-29T15:15:00+00:00,2026-07-29T15:35:00+00:00,missed,host_slot_missed,never_started_no_slot_directory,recovery,false,0,40104489152400
76,training,2026-07-29T15:40:00+00:00,2026-07-29T16:00:00+00:00,missed,host_slot_missed,never_started_no_slot_directory,recovery,false,0,40104489152400
77,training,2026-07-29T16:05:00+00:00,2026-07-29T16:25:00+00:00,missed,host_slot_missed,never_started_no_slot_directory,recovery,false,0,40104489152400
78,training,2026-07-29T16:30:00+00:00,2026-07-29T16:50:00+00:00,missed,host_slot_missed,never_started_no_slot_directory,recovery,false,0,40104489152400
79,training,2026-07-29T16:55:00+00:00,2026-07-29T17:15:00+00:00,missed,host_slot_missed,never_started_no_slot_directory,recovery,false,0,40104489152400
80,training,2026-07-29T17:20:00+00:00,2026-07-29T17:40:00+00:00,missed,host_slot_missed,never_started_no_slot_directory,recovery,false,0,40104489152400
81,training,2026-07-29T17:45:00+00:00,2026-07-29T18:05:00+00:00,missed,host_slot_missed,never_started_no_slot_directory,recovery,false,0,40104489152400
82,training,2026-07-29T18:10:00+00:00,2026-07-29T18:30:00+00:00,missed,host_slot_missed,never_started_no_slot_directory,recovery,false,0,40104489152400
83,training,2026-07-29T18:35:00+00:00,2026-07-29T18:55:00+00:00,missed,host_slot_missed,captured_unsupported_terminal_class,recovery,true,0,40104489152400
84,training,2026-07-29T19:00:00+00:00,2026-07-29T19:20:00+00:00,admitted,admitted,admitted,late_adjudication,true,889343965400,40993833117800
85,training,2026-07-29T19:25:00+00:00,2026-07-29T19:45:00+00:00,admitted,admitted,admitted,late_adjudication,true,889684900500,41883518018300
86,training,2026-07-29T19:50:00+00:00,2026-07-29T20:10:00+00:00,missed,host_slot_missed,captured_unsupported_terminal_class,recovery,true,0,41883518018300
87,training,2026-07-29T20:15:00+00:00,2026-07-29T20:35:00+00:00,admitted,admitted,admitted,result,true,889583699500,42773101717800
88,training,2026-07-29T20:40:00+00:00,2026-07-29T21:00:00+00:00,admitted,admitted,admitted,result,true,889654472900,43662756190700
89,training,2026-07-29T21:05:00+00:00,2026-07-29T21:25:00+00:00,admitted,admitted,admitted,result,true,699389737900,44362145928600
90,training,2026-07-29T21:30:00+00:00,2026-07-29T21:50:00+00:00,admitted,admitted,admitted,result,true,889666947900,45251812876500
91,training,2026-07-29T21:55:00+00:00,2026-07-29T22:15:00+00:00,admitted,admitted,admitted,result,true,889608543200,46141421419700
92,training,2026-07-29T22:20:00+00:00,2026-07-29T22:40:00+00:00,transport_excluded,startup_transport,transport_excluded,result,true,0,46141421419700
93,training,2026-07-29T22:45:00+00:00,2026-07-29T23:05:00+00:00,admitted,admitted,admitted,result,true,889657719900,47031079139600
94,training,2026-07-29T23:10:00+00:00,2026-07-29T23:30:00+00:00,transport_excluded,in_run_transport,transport_excluded,result,true,0,47031079139600
95,training,2026-07-29T23:35:00+00:00,2026-07-29T23:55:00+00:00,admitted,admitted,admitted,result,true,889616091000,47920695230600
96,training,2026-07-30T00:00:00+00:00,2026-07-30T00:20:00+00:00,admitted,admitted,admitted,result,true,889600238700,48810295469300
97,training,2026-07-30T00:25:00+00:00,2026-07-30T00:45:00+00:00,admitted,admitted,admitted,result,true,889700950100,49699996419400
98,training,2026-07-30T00:50:00+00:00,2026-07-30T01:10:00+00:00,admitted,admitted,admitted,result,true,890086976700,50590083396100
99,training,2026-07-30T01:15:00+00:00,2026-07-30T01:35:00+00:00,admitted,admitted,admitted,result,true,889633244300,51479716640400
100,training,2026-07-30T01:40:00+00:00,2026-07-30T02:00:00+00:00,admitted,admitted,admitted,result,true,889652902100,52369369542500
101,training,2026-07-30T02:05:00+00:00,2026-07-30T02:25:00+00:00,admitted,admitted,admitted,result,true,889645055400,53259014597900
102,training,2026-07-30T02:30:00+00:00,2026-07-30T02:50:00+00:00,admitted,admitted,admitted,result,true,889621877600,54148636475500
103,training,2026-07-30T02:55:00+00:00,2026-07-30T03:15:00+00:00,admitted,admitted,admitted,result,true,890957906800,55039594382300
104,training,2026-07-30T03:20:00+00:00,2026-07-30T03:40:00+00:00,admitted,admitted,admitted,result,true,889683206400,55929277588700
105,training,2026-07-30T03:45:00+00:00,2026-07-30T04:05:00+00:00,admitted,admitted,admitted,result,true,889636852200,56818914440900
106,training,2026-07-30T04:10:00+00:00,2026-07-30T04:30:00+00:00,admitted,admitted,admitted,result,true,889668053400,57708582494300
107,training,2026-07-30T04:35:00+00:00,2026-07-30T04:55:00+00:00,admitted,admitted,admitted,result,true,889638184000,58598220678300
108,training,2026-07-30T05:00:00+00:00,2026-07-30T05:20:00+00:00,transport_excluded,in_run_transport,transport_excluded,result,true,0,58598220678300
109,training,2026-07-30T05:25:00+00:00,2026-07-30T05:45:00+00:00,transport_excluded,startup_transport,transport_excluded,result,true,0,58598220678300
110,training,2026-07-30T05:50:00+00:00,2026-07-30T06:10:00+00:00,admitted,admitted,admitted,result,true,889624444000,59487845122300
111,training,2026-07-30T06:15:00+00:00,2026-07-30T06:35:00+00:00,admitted,admitted,admitted,result,true,889677460300,60377522582600
112,training,2026-07-30T06:40:00+00:00,2026-07-30T07:00:00+00:00,admitted,admitted,admitted,result,true,889654286500,61267176869100
113,training,2026-07-30T07:05:00+00:00,2026-07-30T07:25:00+00:00,admitted,admitted,admitted,result,true,889610476900,62156787346000
114,training,2026-07-30T07:30:00+00:00,2026-07-30T07:50:00+00:00,admitted,admitted,admitted,result,true,889745635500,63046532981500
115,training,2026-07-30T07:55:00+00:00,2026-07-30T08:15:00+00:00,admitted,admitted,admitted,result,true,694993729700,63741526711200
116,training,2026-07-30T08:20:00+00:00,2026-07-30T08:40:00+00:00,admitted,admitted,admitted,result,true,889777789100,64631304500300
117,training,2026-07-30T08:45:00+00:00,2026-07-30T09:05:00+00:00,admitted,admitted,admitted,result,true,889727995000,65521032495300
118,training,2026-07-30T09:10:00+00:00,2026-07-30T09:30:00+00:00,admitted,admitted,admitted,result,true,889809764700,66410842260000
119,training,2026-07-30T09:35:00+00:00,2026-07-30T09:55:00+00:00,admitted,admitted,admitted,result,true,889759328700,67300601588700
120,training,2026-07-30T10:00:00+00:00,2026-07-30T10:20:00+00:00,missed,host_slot_missed,captured_unsupported_terminal_class,recovery,true,0,67300601588700
121,training,2026-07-30T10:25:00+00:00,2026-07-30T10:45:00+00:00,admitted,admitted,admitted,result,true,889830234800,68190431823500
122,training,2026-07-30T10:50:00+00:00,2026-07-30T11:10:00+00:00,admitted,admitted,admitted,result,true,889660681700,69080092505200
123,training,2026-07-30T11:15:00+00:00,2026-07-30T11:35:00+00:00,admitted,admitted,admitted,result,true,538383311000,69618475816200
124,training,2026-07-30T11:40:00+00:00,2026-07-30T12:00:00+00:00,admitted,admitted,admitted,result,true,889733712200,70508209528400
125,training,2026-07-30T12:05:00+00:00,2026-07-30T12:25:00+00:00,admitted,admitted,admitted,result,true,889757685500,71397967213900
126,training,2026-07-30T12:30:00+00:00,2026-07-30T12:50:00+00:00,missed,host_slot_missed,captured_unsupported_terminal_class,recovery,true,0,71397967213900
127,training,2026-07-30T12:55:00+00:00,2026-07-30T13:15:00+00:00,admitted,admitted,admitted,result,true,889636780300,72287603994200
128,training,2026-07-30T13:20:00+00:00,2026-07-30T13:40:00+00:00,admitted,admitted,admitted,result,true,889594866100,73177198860300
129,training,2026-07-30T13:45:00+00:00,2026-07-30T14:05:00+00:00,admitted,admitted,admitted,late_adjudication,true,889455897900,74066654758200
130,training,2026-07-30T14:10:00+00:00,2026-07-30T14:30:00+00:00,admitted,admitted,admitted,result,true,889630676000,74956285434200
131,training,2026-07-30T14:35:00+00:00,2026-07-30T14:55:00+00:00,admitted,admitted,admitted,result,true,889694045200,75845979479400
132,training,2026-07-30T15:00:00+00:00,2026-07-30T15:20:00+00:00,admitted,admitted,admitted,result,true,889605731800,76735585211200
133,training,2026-07-30T15:25:00+00:00,2026-07-30T15:45:00+00:00,admitted,admitted,admitted,result,true,889602404000,77625187615200
134,training,2026-07-30T15:50:00+00:00,2026-07-30T16:10:00+00:00,admitted,admitted,admitted,result,true,889707597100,78514895212300
135,training,2026-07-30T16:15:00+00:00,2026-07-30T16:35:00+00:00,admitted,admitted,admitted,result,true,889743223300,79404638435600
136,training,2026-07-30T16:40:00+00:00,2026-07-30T17:00:00+00:00,admitted,admitted,admitted,result,true,889638730100,80294277165700
137,training,2026-07-30T17:05:00+00:00,2026-07-30T17:25:00+00:00,admitted,admitted,admitted,result,true,889692094500,81183969260200
138,training,2026-07-30T17:30:00+00:00,2026-07-30T17:50:00+00:00,admitted,admitted,admitted,result,true,889642667100,82073611927300
139,training,2026-07-30T17:55:00+00:00,2026-07-30T18:15:00+00:00,admitted,admitted,admitted,result,true,889638212500,82963250139800
140,training,2026-07-30T18:20:00+00:00,2026-07-30T18:40:00+00:00,admitted,admitted,admitted,result,true,889675261300,83852925401100
141,training,2026-07-30T18:45:00+00:00,2026-07-30T19:05:00+00:00,admitted,admitted,admitted,result,true,889593061000,84742518462100
142,training,2026-07-30T19:10:00+00:00,2026-07-30T19:30:00+00:00,admitted,admitted,admitted,result,true,889763334500,85632281796600
143,training,2026-07-30T19:35:00+00:00,2026-07-30T19:55:00+00:00,admitted,admitted,admitted,result,true,889667647900,86521949444500
144,training,2026-07-30T20:00:00+00:00,2026-07-30T20:20:00+00:00,admitted,admitted,admitted,result,true,647917541700,87169866986200
145,training,2026-07-30T20:25:00+00:00,2026-07-30T20:45:00+00:00,admitted,admitted,admitted,result,true,889677414800,88059544401000
146,training,2026-07-30T20:50:00+00:00,2026-07-30T21:10:00+00:00,missed,host_slot_missed,captured_stored_report_missing,recovery,true,0,88059544401000
147,training,2026-07-30T21:15:00+00:00,2026-07-30T21:35:00+00:00,admitted,admitted,admitted,result,true,890364281600,88949908682600
148,training,2026-07-30T21:40:00+00:00,2026-07-30T22:00:00+00:00,admitted,admitted,admitted,result,true,889774787000,89839683469600
149,training,2026-07-30T22:05:00+00:00,2026-07-30T22:25:00+00:00,admitted,admitted,admitted,result,true,358672404600,90198355874200
150,training,2026-07-30T22:30:00+00:00,2026-07-30T22:50:00+00:00,missed,host_slot_missed,captured_stored_report_missing,recovery,true,0,90198355874200
151,training,2026-07-30T22:55:00+00:00,2026-07-30T23:15:00+00:00,missed,host_slot_missed,never_started_no_slot_directory,recovery,false,0,90198355874200
152,training,2026-07-30T23:20:00+00:00,2026-07-30T23:40:00+00:00,missed,host_slot_missed,never_started_no_slot_directory,recovery,false,0,90198355874200
153,training,2026-07-30T23:45:00+00:00,2026-07-31T00:05:00+00:00,missed,host_slot_missed,never_started_no_slot_directory,recovery,false,0,90198355874200
154,training,2026-07-31T00:10:00+00:00,2026-07-31T00:30:00+00:00,missed,host_slot_missed,never_started_no_slot_directory,recovery,false,0,90198355874200
155,training,2026-07-31T00:35:00+00:00,2026-07-31T00:55:00+00:00,missed,host_slot_missed,never_started_no_slot_directory,recovery,false,0,90198355874200
156,training,2026-07-31T01:00:00+00:00,2026-07-31T01:20:00+00:00,missed,host_slot_missed,never_started_no_slot_directory,recovery,false,0,90198355874200
157,training,2026-07-31T01:25:00+00:00,2026-07-31T01:45:00+00:00,missed,host_slot_missed,never_started_no_slot_directory,recovery,false,0,90198355874200
158,training,2026-07-31T01:50:00+00:00,2026-07-31T02:10:00+00:00,missed,host_slot_missed,never_started_no_slot_directory,recovery,false,0,90198355874200
159,training,2026-07-31T02:15:00+00:00,2026-07-31T02:35:00+00:00,missed,host_slot_missed,never_started_no_slot_directory,recovery,false,0,90198355874200
160,training,2026-07-31T02:40:00+00:00,2026-07-31T03:00:00+00:00,missed,host_slot_missed,never_started_no_slot_directory,recovery,false,0,90198355874200
161,training,2026-07-31T03:05:00+00:00,2026-07-31T03:25:00+00:00,missed,host_slot_missed,never_started_no_slot_directory,recovery,false,0,90198355874200
162,training,2026-07-31T03:30:00+00:00,2026-07-31T03:50:00+00:00,missed,host_slot_missed,never_started_no_slot_directory,recovery,false,0,90198355874200
163,training,2026-07-31T03:55:00+00:00,2026-07-31T04:15:00+00:00,missed,host_slot_missed,never_started_no_slot_directory,recovery,false,0,90198355874200
164,training,2026-07-31T04:20:00+00:00,2026-07-31T04:40:00+00:00,missed,host_slot_missed,never_started_no_slot_directory,recovery,false,0,90198355874200
165,training,2026-07-31T04:45:00+00:00,2026-07-31T05:05:00+00:00,missed,host_slot_missed,never_started_no_slot_directory,recovery,false,0,90198355874200
166,training,2026-07-31T05:10:00+00:00,2026-07-31T05:30:00+00:00,missed,host_slot_missed,never_started_no_slot_directory,recovery,false,0,90198355874200
167,training,2026-07-31T05:35:00+00:00,2026-07-31T05:55:00+00:00,missed,host_slot_missed,never_started_no_slot_directory,recovery,false,0,90198355874200
168,training,2026-07-31T06:00:00+00:00,2026-07-31T06:20:00+00:00,missed,host_slot_missed,never_started_no_slot_directory,recovery,false,0,90198355874200
169,training,2026-07-31T06:25:00+00:00,2026-07-31T06:45:00+00:00,missed,host_slot_missed,never_started_no_slot_directory,recovery,false,0,90198355874200
170,training,2026-07-31T06:50:00+00:00,2026-07-31T07:10:00+00:00,missed,host_slot_missed,never_started_no_slot_directory,recovery,false,0,90198355874200
171,training,2026-07-31T07:15:00+00:00,2026-07-31T07:35:00+00:00,missed,host_slot_missed,never_started_no_slot_directory,recovery,false,0,90198355874200
172,training,2026-07-31T07:40:00+00:00,2026-07-31T08:00:00+00:00,missed,host_slot_missed,never_started_no_slot_directory,recovery,false,0,90198355874200
173,training,2026-07-31T08:05:00+00:00,2026-07-31T08:25:00+00:00,missed,host_slot_missed,never_started_no_slot_directory,recovery,false,0,90198355874200
174,training,2026-07-31T08:30:00+00:00,2026-07-31T08:50:00+00:00,missed,host_slot_missed,never_started_no_slot_directory,recovery,false,0,90198355874200
175,training,2026-07-31T08:55:00+00:00,2026-07-31T09:15:00+00:00,missed,host_slot_missed,never_started_no_slot_directory,recovery,false,0,90198355874200
176,training,2026-07-31T09:20:00+00:00,2026-07-31T09:40:00+00:00,missed,host_slot_missed,never_started_no_slot_directory,recovery,false,0,90198355874200
177,training,2026-07-31T09:45:00+00:00,2026-07-31T10:05:00+00:00,missed,host_slot_missed,never_started_no_slot_directory,recovery,false,0,90198355874200
178,training,2026-07-31T10:10:00+00:00,2026-07-31T10:30:00+00:00,missed,host_slot_missed,never_started_no_slot_directory,recovery,false,0,90198355874200
179,training,2026-07-31T10:35:00+00:00,2026-07-31T10:55:00+00:00,missed,host_slot_missed,never_started_no_slot_directory,recovery,false,0,90198355874200
180,training,2026-07-31T11:00:00+00:00,2026-07-31T11:20:00+00:00,missed,host_slot_missed,never_started_no_slot_directory,recovery,false,0,90198355874200
181,training,2026-07-31T11:25:00+00:00,2026-07-31T11:45:00+00:00,missed,host_slot_missed,never_started_no_slot_directory,recovery,false,0,90198355874200
182,training,2026-07-31T11:50:00+00:00,2026-07-31T12:10:00+00:00,missed,host_slot_missed,never_started_no_slot_directory,recovery,false,0,90198355874200
183,training,2026-07-31T12:15:00+00:00,2026-07-31T12:35:00+00:00,missed,host_slot_missed,never_started_no_slot_directory,recovery,false,0,90198355874200
184,training,2026-07-31T12:40:00+00:00,2026-07-31T13:00:00+00:00,missed,host_slot_missed,never_started_no_slot_directory,recovery,false,0,90198355874200
185,training,2026-07-31T13:05:00+00:00,2026-07-31T13:25:00+00:00,missed,host_slot_missed,never_started_no_slot_directory,recovery,false,0,90198355874200
186,training,2026-07-31T13:30:00+00:00,2026-07-31T13:50:00+00:00,missed,host_slot_missed,never_started_no_slot_directory,recovery,false,0,90198355874200
187,training,2026-07-31T13:55:00+00:00,2026-07-31T14:15:00+00:00,missed,host_slot_missed,never_started_no_slot_directory,recovery,false,0,90198355874200
188,training,2026-07-31T14:20:00+00:00,2026-07-31T14:40:00+00:00,missed,host_slot_missed,never_started_no_slot_directory,recovery,false,0,90198355874200
189,training,2026-07-31T14:45:00+00:00,2026-07-31T15:05:00+00:00,missed,host_slot_missed,never_started_no_slot_directory,recovery,false,0,90198355874200
190,training,2026-07-31T15:10:00+00:00,2026-07-31T15:30:00+00:00,missed,host_slot_missed,never_started_no_slot_directory,recovery,false,0,90198355874200
191,training,2026-07-31T15:35:00+00:00,2026-07-31T15:55:00+00:00,missed,host_slot_missed,never_started_no_slot_directory,recovery,false,0,90198355874200
192,training,2026-07-31T16:00:00+00:00,2026-07-31T16:20:00+00:00,missed,host_slot_missed,never_started_no_slot_directory,recovery,false,0,90198355874200
193,training,2026-07-31T16:25:00+00:00,2026-07-31T16:45:00+00:00,missed,host_slot_missed,never_started_no_slot_directory,recovery,false,0,90198355874200
194,training,2026-07-31T16:50:00+00:00,2026-07-31T17:10:00+00:00,missed,host_slot_missed,never_started_no_slot_directory,recovery,false,0,90198355874200
195,training,2026-07-31T17:15:00+00:00,2026-07-31T17:35:00+00:00,missed,host_slot_missed,never_started_no_slot_directory,recovery,false,0,90198355874200
196,training,2026-07-31T17:40:00+00:00,2026-07-31T18:00:00+00:00,missed,host_slot_missed,never_started_no_slot_directory,recovery,false,0,90198355874200
197,training,2026-07-31T18:05:00+00:00,2026-07-31T18:25:00+00:00,missed,host_slot_missed,never_started_no_slot_directory,recovery,false,0,90198355874200
198,training,2026-07-31T18:30:00+00:00,2026-07-31T18:50:00+00:00,missed,host_slot_missed,never_started_no_slot_directory,recovery,false,0,90198355874200
199,training,2026-07-31T18:55:00+00:00,2026-07-31T19:15:00+00:00,missed,host_slot_missed,never_started_no_slot_directory,recovery,false,0,90198355874200
200,training,2026-07-31T19:20:00+00:00,2026-07-31T19:40:00+00:00,missed,host_slot_missed,never_started_no_slot_directory,recovery,false,0,90198355874200
201,training,2026-07-31T19:45:00+00:00,2026-07-31T20:05:00+00:00,missed,host_slot_missed,never_started_no_slot_directory,recovery,false,0,90198355874200
202,training,2026-07-31T20:10:00+00:00,2026-07-31T20:30:00+00:00,missed,host_slot_missed,never_started_no_slot_directory,recovery,false,0,90198355874200
203,training,2026-07-31T20:35:00+00:00,2026-07-31T20:55:00+00:00,missed,host_slot_missed,never_started_no_slot_directory,recovery,false,0,90198355874200
204,training,2026-07-31T21:00:00+00:00,2026-07-31T21:20:00+00:00,missed,host_slot_missed,never_started_no_slot_directory,recovery,false,0,90198355874200
205,training,2026-07-31T21:25:00+00:00,2026-07-31T21:45:00+00:00,missed,host_slot_missed,never_started_no_slot_directory,recovery,false,0,90198355874200
206,training,2026-07-31T21:50:00+00:00,2026-07-31T22:10:00+00:00,missed,host_slot_missed,never_started_no_slot_directory,recovery,false,0,90198355874200
207,training,2026-07-31T22:15:00+00:00,2026-07-31T22:35:00+00:00,missed,host_slot_missed,never_started_no_slot_directory,recovery,false,0,90198355874200
208,training,2026-07-31T22:40:00+00:00,2026-07-31T23:00:00+00:00,missed,host_slot_missed,never_started_no_slot_directory,recovery,false,0,90198355874200
209,training,2026-07-31T23:05:00+00:00,2026-07-31T23:25:00+00:00,missed,host_slot_missed,never_started_no_slot_directory,recovery,false,0,90198355874200
210,training,2026-07-31T23:30:00+00:00,2026-07-31T23:50:00+00:00,missed,host_slot_missed,never_started_no_slot_directory,recovery,false,0,90198355874200
211,training,2026-07-31T23:55:00+00:00,2026-08-01T00:15:00+00:00,missed,host_slot_missed,never_started_no_slot_directory,recovery,false,0,90198355874200
212,training,2026-08-01T00:20:00+00:00,2026-08-01T00:40:00+00:00,missed,host_slot_missed,never_started_no_slot_directory,recovery,false,0,90198355874200
213,training,2026-08-01T00:45:00+00:00,2026-08-01T01:05:00+00:00,missed,host_slot_missed,never_started_no_slot_directory,recovery,false,0,90198355874200
214,training,2026-08-01T01:10:00+00:00,2026-08-01T01:30:00+00:00,missed,host_slot_missed,never_started_no_slot_directory,recovery,false,0,90198355874200
215,training,2026-08-01T01:35:00+00:00,2026-08-01T01:55:00+00:00,missed,host_slot_missed,never_started_no_slot_directory,recovery,false,0,90198355874200
216,training,2026-08-01T02:00:00+00:00,2026-08-01T02:20:00+00:00,missed,host_slot_missed,never_started_no_slot_directory,recovery,false,0,90198355874200
217,training,2026-08-01T02:25:00+00:00,2026-08-01T02:45:00+00:00,missed,host_slot_missed,never_started_no_slot_directory,recovery,false,0,90198355874200
218,training,2026-08-01T02:50:00+00:00,2026-08-01T03:10:00+00:00,missed,host_slot_missed,never_started_no_slot_directory,recovery,false,0,90198355874200
219,training,2026-08-01T03:15:00+00:00,2026-08-01T03:35:00+00:00,missed,host_slot_missed,never_started_no_slot_directory,recovery,false,0,90198355874200
220,training,2026-08-01T03:40:00+00:00,2026-08-01T04:00:00+00:00,missed,host_slot_missed,never_started_no_slot_directory,recovery,false,0,90198355874200
221,training,2026-08-01T04:05:00+00:00,2026-08-01T04:25:00+00:00,missed,host_slot_missed,never_started_no_slot_directory,recovery,false,0,90198355874200
222,training,2026-08-01T04:30:00+00:00,2026-08-01T04:50:00+00:00,missed,host_slot_missed,never_started_no_slot_directory,recovery,false,0,90198355874200
223,training,2026-08-01T04:55:00+00:00,2026-08-01T05:15:00+00:00,missed,host_slot_missed,never_started_no_slot_directory,recovery,false,0,90198355874200
224,training,2026-08-01T05:20:00+00:00,2026-08-01T05:40:00+00:00,missed,host_slot_missed,never_started_no_slot_directory,recovery,false,0,90198355874200
225,training,2026-08-01T05:45:00+00:00,2026-08-01T06:05:00+00:00,missed,host_slot_missed,never_started_no_slot_directory,recovery,false,0,90198355874200
226,training,2026-08-01T06:10:00+00:00,2026-08-01T06:30:00+00:00,missed,host_slot_missed,never_started_no_slot_directory,recovery,false,0,90198355874200
227,training,2026-08-01T06:35:00+00:00,2026-08-01T06:55:00+00:00,missed,host_slot_missed,never_started_no_slot_directory,recovery,false,0,90198355874200
228,training,2026-08-01T07:00:00+00:00,2026-08-01T07:20:00+00:00,missed,host_slot_missed,never_started_no_slot_directory,recovery,false,0,90198355874200
229,training,2026-08-01T07:25:00+00:00,2026-08-01T07:45:00+00:00,missed,host_slot_missed,never_started_no_slot_directory,recovery,false,0,90198355874200
230,training,2026-08-01T07:50:00+00:00,2026-08-01T08:10:00+00:00,missed,host_slot_missed,never_started_no_slot_directory,recovery,false,0,90198355874200
231,training,2026-08-01T08:15:00+00:00,2026-08-01T08:35:00+00:00,missed,host_slot_missed,never_started_no_slot_directory,recovery,false,0,90198355874200
232,training,2026-08-01T08:40:00+00:00,2026-08-01T09:00:00+00:00,missed,host_slot_missed,never_started_no_slot_directory,recovery,false,0,90198355874200
233,training,2026-08-01T09:05:00+00:00,2026-08-01T09:25:00+00:00,missed,host_slot_missed,never_started_no_slot_directory,recovery,false,0,90198355874200
234,training,2026-08-01T09:30:00+00:00,2026-08-01T09:50:00+00:00,missed,host_slot_missed,never_started_no_slot_directory,recovery,false,0,90198355874200
235,training,2026-08-01T09:55:00+00:00,2026-08-01T10:15:00+00:00,missed,host_slot_missed,never_started_no_slot_directory,recovery,false,0,90198355874200
236,training,2026-08-01T10:20:00+00:00,2026-08-01T10:40:00+00:00,missed,host_slot_missed,never_started_no_slot_directory,recovery,false,0,90198355874200
237,training,2026-08-01T10:45:00+00:00,2026-08-01T11:05:00+00:00,missed,host_slot_missed,never_started_no_slot_directory,recovery,false,0,90198355874200
238,training,2026-08-01T11:10:00+00:00,2026-08-01T11:30:00+00:00,missed,host_slot_missed,never_started_no_slot_directory,recovery,false,0,90198355874200
239,training,2026-08-01T11:35:00+00:00,2026-08-01T11:55:00+00:00,missed,host_slot_missed,never_started_no_slot_directory,recovery,false,0,90198355874200
240,training,2026-08-01T12:00:00+00:00,2026-08-01T12:20:00+00:00,missed,host_slot_missed,never_started_no_slot_directory,recovery,false,0,90198355874200
241,training,2026-08-01T12:25:00+00:00,2026-08-01T12:45:00+00:00,missed,host_slot_missed,never_started_no_slot_directory,recovery,false,0,90198355874200
242,training,2026-08-01T12:50:00+00:00,2026-08-01T13:10:00+00:00,missed,host_slot_missed,never_started_no_slot_directory,recovery,false,0,90198355874200
243,training,2026-08-01T13:15:00+00:00,2026-08-01T13:35:00+00:00,missed,host_slot_missed,never_started_no_slot_directory,recovery,false,0,90198355874200
244,training,2026-08-01T13:40:00+00:00,2026-08-01T14:00:00+00:00,missed,host_slot_missed,never_started_no_slot_directory,recovery,false,0,90198355874200
245,training,2026-08-01T14:05:00+00:00,2026-08-01T14:25:00+00:00,missed,host_slot_missed,never_started_no_slot_directory,recovery,false,0,90198355874200
246,training,2026-08-01T14:30:00+00:00,2026-08-01T14:50:00+00:00,missed,host_slot_missed,never_started_no_slot_directory,recovery,false,0,90198355874200
247,training,2026-08-01T14:55:00+00:00,2026-08-01T15:15:00+00:00,missed,host_slot_missed,never_started_no_slot_directory,recovery,false,0,90198355874200
248,training,2026-08-01T15:20:00+00:00,2026-08-01T15:40:00+00:00,missed,host_slot_missed,never_started_no_slot_directory,recovery,false,0,90198355874200
249,training,2026-08-01T15:45:00+00:00,2026-08-01T16:05:00+00:00,missed,host_slot_missed,never_started_no_slot_directory,recovery,false,0,90198355874200
250,training,2026-08-01T16:10:00+00:00,2026-08-01T16:30:00+00:00,missed,host_slot_missed,never_started_no_slot_directory,recovery,false,0,90198355874200
251,training,2026-08-01T16:35:00+00:00,2026-08-01T16:55:00+00:00,missed,host_slot_missed,never_started_no_slot_directory,recovery,false,0,90198355874200
252,training,2026-08-01T17:00:00+00:00,2026-08-01T17:20:00+00:00,missed,host_slot_missed,never_started_no_slot_directory,recovery,false,0,90198355874200
253,training,2026-08-01T17:25:00+00:00,2026-08-01T17:45:00+00:00,missed,host_slot_missed,never_started_no_slot_directory,recovery,false,0,90198355874200
254,training,2026-08-01T17:50:00+00:00,2026-08-01T18:10:00+00:00,missed,host_slot_missed,never_started_no_slot_directory,recovery,false,0,90198355874200
255,training,2026-08-01T18:15:00+00:00,2026-08-01T18:35:00+00:00,missed,host_slot_missed,never_started_no_slot_directory,recovery,false,0,90198355874200
256,training,2026-08-01T18:40:00+00:00,2026-08-01T19:00:00+00:00,missed,host_slot_missed,never_started_no_slot_directory,recovery,false,0,90198355874200
257,training,2026-08-01T19:05:00+00:00,2026-08-01T19:25:00+00:00,missed,host_slot_missed,never_started_no_slot_directory,recovery,false,0,90198355874200
258,training,2026-08-01T19:30:00+00:00,2026-08-01T19:50:00+00:00,missed,host_slot_missed,never_started_no_slot_directory,recovery,false,0,90198355874200
259,training,2026-08-01T19:55:00+00:00,2026-08-01T20:15:00+00:00,missed,host_slot_missed,never_started_no_slot_directory,recovery,false,0,90198355874200
260,training,2026-08-01T20:20:00+00:00,2026-08-01T20:40:00+00:00,missed,host_slot_missed,never_started_no_slot_directory,recovery,false,0,90198355874200
261,training,2026-08-01T20:45:00+00:00,2026-08-01T21:05:00+00:00,missed,host_slot_missed,never_started_no_slot_directory,recovery,false,0,90198355874200
262,training,2026-08-01T21:10:00+00:00,2026-08-01T21:30:00+00:00,missed,host_slot_missed,never_started_no_slot_directory,recovery,false,0,90198355874200
263,training,2026-08-01T21:35:00+00:00,2026-08-01T21:55:00+00:00,missed,host_slot_missed,never_started_no_slot_directory,recovery,false,0,90198355874200
264,training,2026-08-01T22:00:00+00:00,2026-08-01T22:20:00+00:00,missed,host_slot_missed,never_started_no_slot_directory,recovery,false,0,90198355874200
265,training,2026-08-01T22:25:00+00:00,2026-08-01T22:45:00+00:00,missed,host_slot_missed,never_started_no_slot_directory,recovery,false,0,90198355874200
266,training,2026-08-01T22:50:00+00:00,2026-08-01T23:10:00+00:00,missed,host_slot_missed,never_started_no_slot_directory,recovery,false,0,90198355874200
267,training,2026-08-01T23:15:00+00:00,2026-08-01T23:35:00+00:00,missed,host_slot_missed,never_started_no_slot_directory,recovery,false,0,90198355874200
268,training,2026-08-01T23:40:00+00:00,2026-08-02T00:00:00+00:00,missed,host_slot_missed,never_started_no_slot_directory,recovery,false,0,90198355874200
269,training,2026-08-02T00:05:00+00:00,2026-08-02T00:25:00+00:00,missed,host_slot_missed,never_started_no_slot_directory,recovery,false,0,90198355874200
270,training,2026-08-02T00:30:00+00:00,2026-08-02T00:50:00+00:00,missed,host_slot_missed,never_started_no_slot_directory,recovery,false,0,90198355874200
271,training,2026-08-02T00:55:00+00:00,2026-08-02T01:15:00+00:00,missed,host_slot_missed,never_started_no_slot_directory,recovery,false,0,90198355874200
272,training,2026-08-02T01:20:00+00:00,2026-08-02T01:40:00+00:00,missed,host_slot_missed,never_started_no_slot_directory,recovery,false,0,90198355874200
273,training,2026-08-02T01:45:00+00:00,2026-08-02T02:05:00+00:00,missed,host_slot_missed,never_started_no_slot_directory,recovery,false,0,90198355874200
274,training,2026-08-02T02:10:00+00:00,2026-08-02T02:30:00+00:00,missed,host_slot_missed,never_started_no_slot_directory,recovery,false,0,90198355874200
275,training,2026-08-02T02:35:00+00:00,2026-08-02T02:55:00+00:00,missed,host_slot_missed,never_started_no_slot_directory,recovery,false,0,90198355874200
276,training,2026-08-02T03:00:00+00:00,2026-08-02T03:20:00+00:00,missed,host_slot_missed,never_started_no_slot_directory,recovery,false,0,90198355874200
277,training,2026-08-02T03:25:00+00:00,2026-08-02T03:45:00+00:00,missed,host_slot_missed,never_started_no_slot_directory,recovery,false,0,90198355874200
278,training,2026-08-02T03:50:00+00:00,2026-08-02T04:10:00+00:00,missed,host_slot_missed,never_started_no_slot_directory,recovery,false,0,90198355874200
279,training,2026-08-02T04:15:00+00:00,2026-08-02T04:35:00+00:00,missed,host_slot_missed,never_started_no_slot_directory,recovery,false,0,90198355874200
280,training,2026-08-02T04:40:00+00:00,2026-08-02T05:00:00+00:00,missed,host_slot_missed,never_started_no_slot_directory,recovery,false,0,90198355874200
281,training,2026-08-02T05:05:00+00:00,2026-08-02T05:25:00+00:00,missed,host_slot_missed,never_started_no_slot_directory,recovery,false,0,90198355874200
282,training,2026-08-02T05:30:00+00:00,2026-08-02T05:50:00+00:00,missed,host_slot_missed,never_started_no_slot_directory,recovery,false,0,90198355874200
283,training,2026-08-02T05:55:00+00:00,2026-08-02T06:15:00+00:00,missed,host_slot_missed,never_started_no_slot_directory,recovery,false,0,90198355874200
284,training,2026-08-02T06:20:00+00:00,2026-08-02T06:40:00+00:00,missed,host_slot_missed,never_started_no_slot_directory,recovery,false,0,90198355874200
285,training,2026-08-02T06:45:00+00:00,2026-08-02T07:05:00+00:00,missed,host_slot_missed,never_started_no_slot_directory,recovery,false,0,90198355874200
286,training,2026-08-02T07:10:00+00:00,2026-08-02T07:30:00+00:00,missed,host_slot_missed,never_started_no_slot_directory,recovery,false,0,90198355874200
287,training,2026-08-02T07:35:00+00:00,2026-08-02T07:55:00+00:00,missed,host_slot_missed,never_started_no_slot_directory,recovery,false,0,90198355874200
288,training,2026-08-02T08:00:00+00:00,2026-08-02T08:20:00+00:00,missed,host_slot_missed,never_started_no_slot_directory,recovery,false,0,90198355874200
289,training,2026-08-02T08:25:00+00:00,2026-08-02T08:45:00+00:00,missed,host_slot_missed,never_started_no_slot_directory,recovery,false,0,90198355874200
290,training,2026-08-02T08:50:00+00:00,2026-08-02T09:10:00+00:00,missed,host_slot_missed,never_started_no_slot_directory,recovery,false,0,90198355874200
291,training,2026-08-02T09:15:00+00:00,2026-08-02T09:35:00+00:00,missed,host_slot_missed,never_started_no_slot_directory,recovery,false,0,90198355874200
292,training,2026-08-02T09:40:00+00:00,2026-08-02T10:00:00+00:00,missed,host_slot_missed,never_started_no_slot_directory,recovery,false,0,90198355874200
293,training,2026-08-02T10:05:00+00:00,2026-08-02T10:25:00+00:00,missed,host_slot_missed,never_started_no_slot_directory,recovery,false,0,90198355874200
294,training,2026-08-02T10:30:00+00:00,2026-08-02T10:50:00+00:00,missed,host_slot_missed,never_started_no_slot_directory,recovery,false,0,90198355874200
295,training,2026-08-02T10:55:00+00:00,2026-08-02T11:15:00+00:00,missed,host_slot_missed,never_started_no_slot_directory,recovery,false,0,90198355874200
296,training,2026-08-02T11:20:00+00:00,2026-08-02T11:40:00+00:00,missed,host_slot_missed,never_started_no_slot_directory,recovery,false,0,90198355874200
297,training,2026-08-02T11:45:00+00:00,2026-08-02T12:05:00+00:00,missed,host_slot_missed,never_started_no_slot_directory,recovery,false,0,90198355874200
298,training,2026-08-02T12:10:00+00:00,2026-08-02T12:30:00+00:00,missed,host_slot_missed,never_started_no_slot_directory,recovery,false,0,90198355874200
299,training,2026-08-02T12:35:00+00:00,2026-08-02T12:55:00+00:00,missed,host_slot_missed,never_started_no_slot_directory,recovery,false,0,90198355874200
300,training,2026-08-02T13:00:00+00:00,2026-08-02T13:20:00+00:00,missed,host_slot_missed,never_started_no_slot_directory,recovery,false,0,90198355874200
301,training,2026-08-02T13:25:00+00:00,2026-08-02T13:45:00+00:00,missed,host_slot_missed,never_started_no_slot_directory,recovery,false,0,90198355874200
302,training,2026-08-02T13:50:00+00:00,2026-08-02T14:10:00+00:00,missed,host_slot_missed,never_started_no_slot_directory,recovery,false,0,90198355874200
303,training,2026-08-02T14:15:00+00:00,2026-08-02T14:35:00+00:00,missed,host_slot_missed,never_started_no_slot_directory,recovery,false,0,90198355874200
304,training,2026-08-02T14:40:00+00:00,2026-08-02T15:00:00+00:00,missed,host_slot_missed,never_started_no_slot_directory,recovery,false,0,90198355874200
305,training,2026-08-02T15:05:00+00:00,2026-08-02T15:25:00+00:00,missed,host_slot_missed,never_started_no_slot_directory,recovery,false,0,90198355874200
306,training,2026-08-02T15:30:00+00:00,2026-08-02T15:50:00+00:00,missed,host_slot_missed,never_started_no_slot_directory,recovery,false,0,90198355874200
307,training,2026-08-02T15:55:00+00:00,2026-08-02T16:15:00+00:00,missed,host_slot_missed,never_started_no_slot_directory,recovery,false,0,90198355874200
308,training,2026-08-02T16:20:00+00:00,2026-08-02T16:40:00+00:00,missed,host_slot_missed,never_started_no_slot_directory,recovery,false,0,90198355874200
309,training,2026-08-02T16:45:00+00:00,2026-08-02T17:05:00+00:00,missed,host_slot_missed,never_started_no_slot_directory,recovery,false,0,90198355874200
310,training,2026-08-02T17:10:00+00:00,2026-08-02T17:30:00+00:00,missed,host_slot_missed,never_started_no_slot_directory,recovery,false,0,90198355874200
311,training,2026-08-02T17:35:00+00:00,2026-08-02T17:55:00+00:00,missed,host_slot_missed,never_started_no_slot_directory,recovery,false,0,90198355874200
312,training,2026-08-02T18:00:00+00:00,2026-08-02T18:20:00+00:00,missed,host_slot_missed,never_started_no_slot_directory,recovery,false,0,90198355874200
313,training,2026-08-02T18:25:00+00:00,2026-08-02T18:45:00+00:00,missed,host_slot_missed,never_started_no_slot_directory,recovery,false,0,90198355874200
314,training,2026-08-02T18:50:00+00:00,2026-08-02T19:10:00+00:00,missed,host_slot_missed,never_started_no_slot_directory,recovery,false,0,90198355874200
315,training,2026-08-02T19:15:00+00:00,2026-08-02T19:35:00+00:00,missed,host_slot_missed,never_started_no_slot_directory,recovery,false,0,90198355874200
316,training,2026-08-02T19:40:00+00:00,2026-08-02T20:00:00+00:00,missed,host_slot_missed,never_started_no_slot_directory,recovery,false,0,90198355874200
317,training,2026-08-02T20:05:00+00:00,2026-08-02T20:25:00+00:00,missed,host_slot_missed,never_started_no_slot_directory,recovery,false,0,90198355874200
318,training,2026-08-02T20:30:00+00:00,2026-08-02T20:50:00+00:00,missed,host_slot_missed,never_started_no_slot_directory,recovery,false,0,90198355874200
319,training,2026-08-02T20:55:00+00:00,2026-08-02T21:15:00+00:00,missed,host_slot_missed,never_started_no_slot_directory,recovery,false,0,90198355874200
320,training,2026-08-02T21:20:00+00:00,2026-08-02T21:40:00+00:00,missed,host_slot_missed,never_started_no_slot_directory,recovery,false,0,90198355874200
321,training,2026-08-02T21:45:00+00:00,2026-08-02T22:05:00+00:00,missed,host_slot_missed,never_started_no_slot_directory,recovery,false,0,90198355874200
322,training,2026-08-02T22:10:00+00:00,2026-08-02T22:30:00+00:00,missed,host_slot_missed,never_started_no_slot_directory,recovery,false,0,90198355874200
323,training,2026-08-02T22:35:00+00:00,2026-08-02T22:55:00+00:00,missed,host_slot_missed,never_started_no_slot_directory,recovery,false,0,90198355874200
324,training,2026-08-02T23:00:00+00:00,2026-08-02T23:20:00+00:00,missed,host_slot_missed,never_started_no_slot_directory,recovery,false,0,90198355874200
325,training,2026-08-02T23:25:00+00:00,2026-08-02T23:45:00+00:00,missed,host_slot_missed,never_started_no_slot_directory,recovery,false,0,90198355874200
326,training,2026-08-02T23:50:00+00:00,2026-08-03T00:10:00+00:00,missed,host_slot_missed,never_started_no_slot_directory,recovery,false,0,90198355874200
327,training,2026-08-03T00:15:00+00:00,2026-08-03T00:35:00+00:00,missed,host_slot_missed,never_started_no_slot_directory,recovery,false,0,90198355874200
328,training,2026-08-03T00:40:00+00:00,2026-08-03T01:00:00+00:00,missed,host_slot_missed,never_started_no_slot_directory,recovery,false,0,90198355874200
329,training,2026-08-03T01:05:00+00:00,2026-08-03T01:25:00+00:00,missed,host_slot_missed,never_started_no_slot_directory,recovery,false,0,90198355874200
330,training,2026-08-03T01:30:00+00:00,2026-08-03T01:50:00+00:00,missed,host_slot_missed,never_started_no_slot_directory,recovery,false,0,90198355874200
331,training,2026-08-03T01:55:00+00:00,2026-08-03T02:15:00+00:00,missed,host_slot_missed,never_started_no_slot_directory,recovery,false,0,90198355874200
332,training,2026-08-03T02:20:00+00:00,2026-08-03T02:40:00+00:00,missed,host_slot_missed,never_started_no_slot_directory,recovery,false,0,90198355874200
333,training,2026-08-03T02:45:00+00:00,2026-08-03T03:05:00+00:00,missed,host_slot_missed,never_started_no_slot_directory,recovery,false,0,90198355874200
334,training,2026-08-03T03:10:00+00:00,2026-08-03T03:30:00+00:00,missed,host_slot_missed,never_started_no_slot_directory,recovery,false,0,90198355874200
335,training,2026-08-03T03:35:00+00:00,2026-08-03T03:55:00+00:00,missed,host_slot_missed,never_started_no_slot_directory,recovery,false,0,90198355874200
336,training,2026-08-03T04:00:00+00:00,2026-08-03T04:20:00+00:00,missed,host_slot_missed,never_started_no_slot_directory,recovery,false,0,90198355874200
337,training,2026-08-03T04:25:00+00:00,2026-08-03T04:45:00+00:00,missed,host_slot_missed,never_started_no_slot_directory,recovery,false,0,90198355874200
338,training,2026-08-03T04:50:00+00:00,2026-08-03T05:10:00+00:00,missed,host_slot_missed,captured_stored_report_missing,recovery,true,0,90198355874200
339,training,2026-08-03T05:15:00+00:00,2026-08-03T05:35:00+00:00,missed,host_slot_missed,never_started_no_slot_directory,recovery,false,0,90198355874200
340,training,2026-08-03T05:40:00+00:00,2026-08-03T06:00:00+00:00,admitted,admitted,admitted,result,true,889583624100,91087939498300
341,training,2026-08-03T06:05:00+00:00,2026-08-03T06:25:00+00:00,admitted,admitted,admitted,result,true,889675235300,91977614733600
342,training,2026-08-03T06:30:00+00:00,2026-08-03T06:50:00+00:00,admitted,admitted,admitted,result,true,889592008900,92867206742500
343,training,2026-08-03T06:55:00+00:00,2026-08-03T07:15:00+00:00,admitted,admitted,admitted,result,true,889656645000,93756863387500
344,training,2026-08-03T07:20:00+00:00,2026-08-03T07:40:00+00:00,admitted,admitted,admitted,result,true,889652090900,94646515478400
345,training,2026-08-03T07:45:00+00:00,2026-08-03T08:05:00+00:00,admitted,admitted,admitted,result,true,889647216500,95536162694900
346,training,2026-08-03T08:10:00+00:00,2026-08-03T08:30:00+00:00,admitted,admitted,admitted,result,true,889628293700,96425790988600
347,training,2026-08-03T08:35:00+00:00,2026-08-03T08:55:00+00:00,admitted,admitted,admitted,result,true,889606367300,97315397355900
348,training,2026-08-03T09:00:00+00:00,2026-08-03T09:20:00+00:00,admitted,admitted,admitted,result,true,889652736600,98205050092500
349,training,2026-08-03T09:25:00+00:00,2026-08-03T09:45:00+00:00,admitted,admitted,admitted,result,true,889684980000,99094735072500
350,training,2026-08-03T09:50:00+00:00,2026-08-03T10:10:00+00:00,admitted,admitted,admitted,result,true,889573924700,99984308997200
351,training,2026-08-03T10:15:00+00:00,2026-08-03T10:35:00+00:00,admitted,admitted,admitted,result,true,889638874000,100873947871200
352,training,2026-08-03T10:40:00+00:00,2026-08-03T11:00:00+00:00,admitted,admitted,admitted,result,true,889647191300,101763595062500
353,training,2026-08-03T11:05:00+00:00,2026-08-03T11:25:00+00:00,admitted,admitted,admitted,result,true,889674935100,102653269997600
354,training,2026-08-03T11:30:00+00:00,2026-08-03T11:50:00+00:00,admitted,admitted,admitted,result,true,889626149600,103542896147200
355,training,2026-08-03T11:55:00+00:00,2026-08-03T12:15:00+00:00,admitted,admitted,admitted,result,true,889708789200,104432604936400
356,training,2026-08-03T12:20:00+00:00,2026-08-03T12:40:00+00:00,admitted,admitted,admitted,result,true,889679586700,105322284523100
357,training,2026-08-03T12:45:00+00:00,2026-08-03T13:05:00+00:00,admitted,admitted,admitted,result,true,889588541000,106211873064100
358,training,2026-08-03T13:10:00+00:00,2026-08-03T13:30:00+00:00,admitted,admitted,admitted,result,true,889647701300,107101520765400
359,training,2026-08-03T13:35:00+00:00,2026-08-03T13:55:00+00:00,admitted,admitted,admitted,late_adjudication,true,889620940100,107991141705500
360,training,2026-08-03T14:00:00+00:00,2026-08-03T14:20:00+00:00,missed,host_slot_missed,captured_unsupported_terminal_class,recovery,true,0,107991141705500
361,training,2026-08-03T14:25:00+00:00,2026-08-03T14:45:00+00:00,admitted,admitted,admitted,late_adjudication,true,889640446200,108880782151700
362,training,2026-08-03T14:50:00+00:00,2026-08-03T15:10:00+00:00,admitted,admitted,admitted,result,true,889668192600,109770450344300
363,training,2026-08-03T15:15:00+00:00,2026-08-03T15:35:00+00:00,admitted,admitted,admitted,result,true,889575082900,110660025427200
364,training,2026-08-03T15:40:00+00:00,2026-08-03T16:00:00+00:00,admitted,admitted,admitted,result,true,889604608200,111549630035400
365,training,2026-08-03T16:05:00+00:00,2026-08-03T16:25:00+00:00,admitted,admitted,admitted,result,true,889557482600,112439187518000
366,training,2026-08-03T16:30:00+00:00,2026-08-03T16:50:00+00:00,admitted,admitted,admitted,result,true,889625458500,113328812976500
367,training,2026-08-03T16:55:00+00:00,2026-08-03T17:15:00+00:00,admitted,admitted,admitted,result,true,889646020200,114218458996700
368,training,2026-08-03T17:20:00+00:00,2026-08-03T17:40:00+00:00,admitted,admitted,admitted,result,true,889605550300,115108064547000
369,training,2026-08-03T17:45:00+00:00,2026-08-03T18:05:00+00:00,admitted,admitted,admitted,result,true,889601356300,115997665903300
370,training,2026-08-03T18:10:00+00:00,2026-08-03T18:30:00+00:00,admitted,admitted,admitted,result,true,889603407100,116887269310400
371,training,2026-08-03T18:35:00+00:00,2026-08-03T18:55:00+00:00,admitted,admitted,admitted,result,true,889588512800,117776857823200
372,training,2026-08-03T19:00:00+00:00,2026-08-03T19:20:00+00:00,admitted,admitted,admitted,result,true,889598603100,118666456426300
373,training,2026-08-03T19:25:00+00:00,2026-08-03T19:45:00+00:00,admitted,admitted,admitted,result,true,889587747600,119556044173900
374,training,2026-08-03T19:50:00+00:00,2026-08-03T20:10:00+00:00,admitted,admitted,admitted,result,true,889670543100,120445714717000
375,training,2026-08-03T20:15:00+00:00,2026-08-03T20:35:00+00:00,admitted,admitted,admitted,result,true,889754018500,121335468735500
376,training,2026-08-03T20:40:00+00:00,2026-08-03T21:00:00+00:00,admitted,admitted,admitted,result,true,889741086700,122225209822200
377,training,2026-08-03T21:05:00+00:00,2026-08-03T21:25:00+00:00,admitted,admitted,admitted,result,true,889628716600,123114838538800
378,training,2026-08-03T21:30:00+00:00,2026-08-03T21:50:00+00:00,admitted,admitted,admitted,result,true,889687991000,124004526529800
379,training,2026-08-03T21:55:00+00:00,2026-08-03T22:15:00+00:00,admitted,admitted,admitted,result,true,889669159900,124894195689700
380,training,2026-08-03T22:20:00+00:00,2026-08-03T22:40:00+00:00,admitted,admitted,admitted,result,true,889689843500,125783885533200
381,training,2026-08-03T22:45:00+00:00,2026-08-03T23:05:00+00:00,admitted,admitted,admitted,result,true,889652670800,126673538204000
382,training,2026-08-03T23:10:00+00:00,2026-08-03T23:30:00+00:00,admitted,admitted,admitted,result,true,889616769500,127563154973500
383,training,2026-08-03T23:35:00+00:00,2026-08-03T23:55:00+00:00,admitted,admitted,admitted,result,true,889687368700,128452842342200
384,training,2026-08-04T00:00:00+00:00,2026-08-04T00:20:00+00:00,admitted,admitted,admitted,result,true,889543624800,129342385967000
385,training,2026-08-04T00:25:00+00:00,2026-08-04T00:45:00+00:00,admitted,admitted,admitted,result,true,889665888900,130232051855900
386,training,2026-08-04T00:50:00+00:00,2026-08-04T01:10:00+00:00,admitted,admitted,admitted,result,true,889720630500,131121772486400
387,training,2026-08-04T01:15:00+00:00,2026-08-04T01:35:00+00:00,admitted,admitted,admitted,result,true,889625212800,132011397699200
388,training,2026-08-04T01:40:00+00:00,2026-08-04T02:00:00+00:00,admitted,admitted,admitted,result,true,889686000300,132901083699500
389,training,2026-08-04T02:05:00+00:00,2026-08-04T02:25:00+00:00,admitted,admitted,admitted,result,true,889625996000,133790709695500
390,training,2026-08-04T02:30:00+00:00,2026-08-04T02:50:00+00:00,admitted,admitted,admitted,result,true,889575244100,134680284939600
391,training,2026-08-04T02:55:00+00:00,2026-08-04T03:15:00+00:00,admitted,admitted,admitted,result,true,889621144300,135569906083900
392,training,2026-08-04T03:20:00+00:00,2026-08-04T03:40:00+00:00,admitted,admitted,admitted,result,true,889647345100,136459553429000
393,training,2026-08-04T03:45:00+00:00,2026-08-04T04:05:00+00:00,admitted,admitted,admitted,result,true,889722842400,137349276271400
394,training,2026-08-04T04:10:00+00:00,2026-08-04T04:30:00+00:00,admitted,admitted,admitted,result,true,889633931600,138238910203000
395,training,2026-08-04T04:35:00+00:00,2026-08-04T04:55:00+00:00,admitted,admitted,admitted,result,true,889580198200,139128490401200
396,training,2026-08-04T05:00:00+00:00,2026-08-04T05:20:00+00:00,transport_excluded,in_run_transport,transport_excluded,result,true,0,139128490401200
397,training,2026-08-04T05:25:00+00:00,2026-08-04T05:45:00+00:00,admitted,admitted,admitted,result,true,889545563500,140018035964700
398,training,2026-08-04T05:50:00+00:00,2026-08-04T06:10:00+00:00,admitted,admitted,admitted,result,true,889602733200,140907638697900
399,training,2026-08-04T06:15:00+00:00,2026-08-04T06:35:00+00:00,admitted,admitted,admitted,result,true,889604358500,141797243056400
400,training,2026-08-04T06:40:00+00:00,2026-08-04T07:00:00+00:00,admitted,admitted,admitted,result,true,889644952500,142686888008900
401,training,2026-08-04T07:05:00+00:00,2026-08-04T07:25:00+00:00,admitted,admitted,admitted,result,true,889601507700,143576489516600
402,training,2026-08-04T07:30:00+00:00,2026-08-04T07:50:00+00:00,admitted,admitted,admitted,result,true,889603082800,144466092599400
403,training,2026-08-04T07:55:00+00:00,2026-08-04T08:15:00+00:00,admitted,admitted,admitted,result,true,889610223100,145355702822500
404,training,2026-08-04T08:20:00+00:00,2026-08-04T08:40:00+00:00,admitted,admitted,admitted,result,true,889597466800,146245300289300
405,training,2026-08-04T08:45:00+00:00,2026-08-04T09:05:00+00:00,admitted,admitted,admitted,result,true,889564348700,147134864638000
406,training,2026-08-04T09:10:00+00:00,2026-08-04T09:30:00+00:00,admitted,admitted,admitted,result,true,889727627900,148024592265900
407,training,2026-08-04T09:35:00+00:00,2026-08-04T09:55:00+00:00,admitted,admitted,admitted,result,true,889537816000,148914130081900
408,training,2026-08-04T10:00:00+00:00,2026-08-04T10:20:00+00:00,admitted,admitted,admitted,result,true,889593743000,149803723824900
409,training,2026-08-04T10:25:00+00:00,2026-08-04T10:45:00+00:00,admitted,admitted,admitted,result,true,889595890100,150693319715000
410,training,2026-08-04T10:50:00+00:00,2026-08-04T11:10:00+00:00,admitted,admitted,admitted,result,true,889834244600,151583153959600
411,training,2026-08-04T11:15:00+00:00,2026-08-04T11:35:00+00:00,admitted,admitted,admitted,result,true,889601956800,152472755916400
412,training,2026-08-04T11:40:00+00:00,2026-08-04T12:00:00+00:00,admitted,admitted,admitted,result,true,889638702200,153362394618600
413,training,2026-08-04T12:05:00+00:00,2026-08-04T12:25:00+00:00,admitted,admitted,admitted,result,true,889584005300,154251978623900
414,training,2026-08-04T12:30:00+00:00,2026-08-04T12:50:00+00:00,admitted,admitted,admitted,result,true,889618607200,155141597231100
415,training,2026-08-04T12:55:00+00:00,2026-08-04T13:15:00+00:00,admitted,admitted,admitted,result,true,889659707000,156031256938100
416,training,2026-08-04T13:20:00+00:00,2026-08-04T13:40:00+00:00,admitted,admitted,admitted,result,true,889555369900,156920812308000
417,training,2026-08-04T13:45:00+00:00,2026-08-04T14:05:00+00:00,admitted,admitted,admitted,result,true,889925404300,157810737712300
418,training,2026-08-04T14:10:00+00:00,2026-08-04T14:30:00+00:00,transport_excluded,in_run_transport,transport_excluded,result,true,0,157810737712300
419,training,2026-08-04T14:35:00+00:00,2026-08-04T14:55:00+00:00,admitted,admitted,admitted,result,true,889584658500,158700322370800
420,training,2026-08-04T15:00:00+00:00,2026-08-04T15:20:00+00:00,admitted,admitted,admitted,result,true,889629175000,159589951545800
421,training,2026-08-04T15:25:00+00:00,2026-08-04T15:45:00+00:00,admitted,admitted,admitted,result,true,889395084800,160479346630600
422,training,2026-08-04T15:50:00+00:00,2026-08-04T16:10:00+00:00,admitted,admitted,admitted,result,true,889694932400,161369041563000
423,training,2026-08-04T16:15:00+00:00,2026-08-04T16:35:00+00:00,admitted,admitted,admitted,result,true,889554015200,162258595578200
424,training,2026-08-04T16:40:00+00:00,2026-08-04T17:00:00+00:00,admitted,admitted,admitted,result,true,889642624200,163148238202400
425,training,2026-08-04T17:05:00+00:00,2026-08-04T17:25:00+00:00,admitted,admitted,admitted,result,true,889614854100,164037853056500
426,training,2026-08-04T17:30:00+00:00,2026-08-04T17:50:00+00:00,admitted,admitted,admitted,result,true,889602633300,164927455689800
427,training,2026-08-04T17:55:00+00:00,2026-08-04T18:15:00+00:00,admitted,admitted,admitted,result,true,889663708900,165817119398700
428,training,2026-08-04T18:20:00+00:00,2026-08-04T18:40:00+00:00,admitted,admitted,admitted,result,true,889561838100,166706681236800
429,training,2026-08-04T18:45:00+00:00,2026-08-04T19:05:00+00:00,transport_excluded,in_run_transport,transport_excluded,result,true,0,166706681236800
430,training,2026-08-04T19:10:00+00:00,2026-08-04T19:30:00+00:00,admitted,admitted,admitted,result,true,889668968800,167596350205600
431,training,2026-08-04T19:35:00+00:00,2026-08-04T19:55:00+00:00,admitted,admitted,admitted,result,true,889727861200,168486078066800
432,training,2026-08-04T20:00:00+00:00,2026-08-04T20:20:00+00:00,admitted,admitted,admitted,result,true,602707526400,169088785593200
433,training,2026-08-04T20:25:00+00:00,2026-08-04T20:45:00+00:00,admitted,admitted,admitted,result,true,889457165900,169978242759100
434,training,2026-08-04T20:50:00+00:00,2026-08-04T21:10:00+00:00,admitted,admitted,admitted,result,true,889652747400,170867895506500
435,training,2026-08-04T21:15:00+00:00,2026-08-04T21:35:00+00:00,admitted,admitted,admitted,result,true,889592207600,171757487714100
436,training,2026-08-04T21:40:00+00:00,2026-08-04T22:00:00+00:00,admitted,admitted,admitted,result,true,889585255200,172647072969300
437,training,2026-08-04T22:05:00+00:00,2026-08-04T22:25:00+00:00,admitted,admitted,admitted,result,true,889607534900,173536680504200
438,training,2026-08-04T22:30:00+00:00,2026-08-04T22:50:00+00:00,admitted,admitted,admitted,result,true,889639165100,174426319669300
439,training,2026-08-04T22:55:00+00:00,2026-08-04T23:15:00+00:00,admitted,admitted,admitted,result,true,889940778700,175316260448000
440,training,2026-08-04T23:20:00+00:00,2026-08-04T23:40:00+00:00,admitted,admitted,admitted,result,true,889689271500,176205949719500
441,training,2026-08-04T23:45:00+00:00,2026-08-05T00:05:00+00:00,admitted,admitted,admitted,result,true,889634197200,177095583916700
442,training,2026-08-05T00:10:00+00:00,2026-08-05T00:30:00+00:00,admitted,admitted,admitted,result,true,889617690000,177985201606700
443,training,2026-08-05T00:35:00+00:00,2026-08-05T00:55:00+00:00,transport_excluded,in_run_transport,transport_excluded,result,true,0,177985201606700
444,training,2026-08-05T01:00:00+00:00,2026-08-05T01:20:00+00:00,admitted,admitted,admitted,result,true,889607989300,178874809596000
445,training,2026-08-05T01:25:00+00:00,2026-08-05T01:45:00+00:00,admitted,admitted,admitted,result,true,889665606800,179764475202800
446,training,2026-08-05T01:50:00+00:00,2026-08-05T02:10:00+00:00,admitted,admitted,admitted,result,true,889659163800,180654134366600
447,training,2026-08-05T02:15:00+00:00,2026-08-05T02:35:00+00:00,admitted,admitted,admitted,result,true,889621635100,181543756001700
448,training,2026-08-05T02:40:00+00:00,2026-08-05T03:00:00+00:00,admitted,admitted,admitted,result,true,889649186600,182433405188300
449,training,2026-08-05T03:05:00+00:00,2026-08-05T03:25:00+00:00,admitted,admitted,admitted,result,true,889686364300,183323091552600
450,training,2026-08-05T03:30:00+00:00,2026-08-05T03:50:00+00:00,admitted,admitted,admitted,result,true,889686089600,184212777642200
451,training,2026-08-05T03:55:00+00:00,2026-08-05T04:15:00+00:00,admitted,admitted,admitted,result,true,889580538800,185102358181000
452,training,2026-08-05T04:20:00+00:00,2026-08-05T04:40:00+00:00,admitted,admitted,admitted,result,true,290210931600,185392569112600
453,training,2026-08-05T04:45:00+00:00,2026-08-05T05:05:00+00:00,admitted,admitted,admitted,result,true,889585669300,186282154781900
454,training,2026-08-05T05:10:00+00:00,2026-08-05T05:30:00+00:00,admitted,admitted,admitted,result,true,889701952900,187171856734800
455,training,2026-08-05T05:35:00+00:00,2026-08-05T05:55:00+00:00,admitted,admitted,admitted,result,true,889645652700,188061502387500
456,training,2026-08-05T06:00:00+00:00,2026-08-05T06:20:00+00:00,admitted,admitted,admitted,result,true,889535068000,188951037455500
457,training,2026-08-05T06:25:00+00:00,2026-08-05T06:45:00+00:00,admitted,admitted,admitted,result,true,889599863800,189840637319300
458,training,2026-08-05T06:50:00+00:00,2026-08-05T07:10:00+00:00,admitted,admitted,admitted,result,true,889595580600,190730232899900
459,training,2026-08-05T07:15:00+00:00,2026-08-05T07:35:00+00:00,transport_excluded,in_run_transport,transport_excluded,result,true,0,190730232899900
460,training,2026-08-05T07:40:00+00:00,2026-08-05T08:00:00+00:00,admitted,admitted,admitted,result,true,889535642400,191619768542300
461,training,2026-08-05T08:05:00+00:00,2026-08-05T08:25:00+00:00,admitted,admitted,admitted,result,true,889622411600,192509390953900
462,training,2026-08-05T08:30:00+00:00,2026-08-05T08:50:00+00:00,admitted,admitted,admitted,result,true,889555766800,193398946720700
463,training,2026-08-05T08:55:00+00:00,2026-08-05T09:15:00+00:00,admitted,admitted,admitted,result,true,797100644000,194196047364700
464,training,2026-08-05T09:20:00+00:00,2026-08-05T09:40:00+00:00,admitted,admitted,admitted,result,true,499042472100,194695089836800
465,training,2026-08-05T09:45:00+00:00,2026-08-05T10:05:00+00:00,admitted,admitted,admitted,result,true,889541868400,195584631705200
466,training,2026-08-05T10:10:00+00:00,2026-08-05T10:30:00+00:00,admitted,admitted,admitted,result,true,889603090600,196474234795800
467,training,2026-08-05T10:35:00+00:00,2026-08-05T10:55:00+00:00,admitted,admitted,admitted,result,true,889561739700,197363796535500
468,training,2026-08-05T11:00:00+00:00,2026-08-05T11:20:00+00:00,admitted,admitted,admitted,result,true,889562161900,198253358697400
469,training,2026-08-05T11:25:00+00:00,2026-08-05T11:45:00+00:00,admitted,admitted,admitted,result,true,889651553600,199143010251000
470,training,2026-08-05T11:50:00+00:00,2026-08-05T12:10:00+00:00,admitted,admitted,admitted,result,true,889601024900,200032611275900
471,training,2026-08-05T12:15:00+00:00,2026-08-05T12:35:00+00:00,admitted,admitted,admitted,result,true,889613406500,200922224682400
472,training,2026-08-05T12:40:00+00:00,2026-08-05T13:00:00+00:00,admitted,admitted,admitted,result,true,889624902900,201811849585300
473,training,2026-08-05T13:05:00+00:00,2026-08-05T13:25:00+00:00,admitted,admitted,admitted,result,true,889581129500,202701430714800
474,training,2026-08-05T13:30:00+00:00,2026-08-05T13:50:00+00:00,admitted,admitted,admitted,late_adjudication,true,889654960600,203591085675400
475,training,2026-08-05T13:55:00+00:00,2026-08-05T14:15:00+00:00,admitted,admitted,admitted,result,true,889594093700,204480679769100
476,training,2026-08-05T14:20:00+00:00,2026-08-05T14:40:00+00:00,admitted,admitted,admitted,result,true,889595164500,205370274933600
477,training,2026-08-05T14:45:00+00:00,2026-08-05T15:05:00+00:00,admitted,admitted,admitted,result,true,822079112000,206192354045600
478,training,2026-08-05T15:10:00+00:00,2026-08-05T15:30:00+00:00,missed,host_slot_missed,captured_unsupported_terminal_class,recovery,true,0,206192354045600
479,training,2026-08-05T15:35:00+00:00,2026-08-05T15:55:00+00:00,admitted,admitted,admitted,result,true,889554810400,207081908856000
480,training,2026-08-05T16:00:00+00:00,2026-08-05T16:20:00+00:00,admitted,admitted,admitted,result,true,889564578800,207971473434800
481,training,2026-08-05T16:25:00+00:00,2026-08-05T16:45:00+00:00,admitted,admitted,admitted,result,true,889564842200,208861038277000
482,training,2026-08-05T16:50:00+00:00,2026-08-05T17:10:00+00:00,admitted,admitted,admitted,result,true,541003907200,209402042184200
483,training,2026-08-05T17:15:00+00:00,2026-08-05T17:35:00+00:00,admitted,admitted,admitted,result,true,889664076000,210291706260200
484,training,2026-08-05T17:40:00+00:00,2026-08-05T18:00:00+00:00,admitted,admitted,admitted,result,true,889657282100,211181363542300
485,training,2026-08-05T18:05:00+00:00,2026-08-05T18:25:00+00:00,admitted,admitted,admitted,result,true,889566021200,212070929563500
486,training,2026-08-05T18:30:00+00:00,2026-08-05T18:50:00+00:00,missed,host_slot_missed,empty_supervisor_output,recovery,true,0,212070929563500
487,training,2026-08-05T18:55:00+00:00,2026-08-05T19:15:00+00:00,transport_excluded,in_run_transport,transport_excluded,result,true,0,212070929563500
488,training,2026-08-05T19:20:00+00:00,2026-08-05T19:40:00+00:00,admitted,admitted,admitted,result,true,889581458900,212960511022400
489,training,2026-08-05T19:45:00+00:00,2026-08-05T20:05:00+00:00,admitted,admitted,admitted,result,true,889572287400,213850083309800
490,training,2026-08-05T20:10:00+00:00,2026-08-05T20:30:00+00:00,admitted,admitted,admitted,result,true,889682731600,214739766041400
491,training,2026-08-05T20:35:00+00:00,2026-08-05T20:55:00+00:00,admitted,admitted,admitted,result,true,889538756300,215629304797700
492,training,2026-08-05T21:00:00+00:00,2026-08-05T21:20:00+00:00,admitted,admitted,admitted,result,true,889629757700,216518934555400
493,training,2026-08-05T21:25:00+00:00,2026-08-05T21:45:00+00:00,admitted,admitted,admitted,result,true,889601887800,217408536443200
494,training,2026-08-05T21:50:00+00:00,2026-08-05T22:10:00+00:00,admitted,admitted,admitted,result,true,889626690000,218298163133200
495,training,2026-08-05T22:15:00+00:00,2026-08-05T22:35:00+00:00,admitted,admitted,admitted,result,true,889648420500,219187811553700
496,training,2026-08-05T22:40:00+00:00,2026-08-05T23:00:00+00:00,admitted,admitted,admitted,result,true,889903693700,220077715247400
497,training,2026-08-05T23:05:00+00:00,2026-08-05T23:25:00+00:00,admitted,admitted,admitted,result,true,889623343700,220967338591100
498,training,2026-08-05T23:30:00+00:00,2026-08-05T23:50:00+00:00,admitted,admitted,admitted,result,true,889621478100,221856960069200
499,training,2026-08-05T23:55:00+00:00,2026-08-06T00:15:00+00:00,admitted,admitted,admitted,result,true,889604820200,222746564889400
500,training,2026-08-06T00:20:00+00:00,2026-08-06T00:40:00+00:00,admitted,admitted,admitted,result,true,889542577700,223636107467100
501,training,2026-08-06T00:45:00+00:00,2026-08-06T01:05:00+00:00,admitted,admitted,admitted,result,true,889545825000,224525653292100
502,training,2026-08-06T01:10:00+00:00,2026-08-06T01:30:00+00:00,admitted,admitted,admitted,result,true,889567549400,225415220841500
503,training,2026-08-06T01:35:00+00:00,2026-08-06T01:55:00+00:00,admitted,admitted,admitted,result,true,889627383700,226304848225200
504,training,2026-08-06T02:00:00+00:00,2026-08-06T02:20:00+00:00,admitted,admitted,admitted,result,true,889620226900,227194468452100
505,training,2026-08-06T02:25:00+00:00,2026-08-06T02:45:00+00:00,admitted,admitted,admitted,result,true,774553917200,227969022369300
506,training,2026-08-06T02:50:00+00:00,2026-08-06T03:10:00+00:00,admitted,admitted,admitted,result,true,889642173000,228858664542300
507,training,2026-08-06T03:15:00+00:00,2026-08-06T03:35:00+00:00,admitted,admitted,admitted,result,true,889572689400,229748237231700
508,training,2026-08-06T03:40:00+00:00,2026-08-06T04:00:00+00:00,admitted,admitted,admitted,result,true,889651794800,230637889026500
509,training,2026-08-06T04:05:00+00:00,2026-08-06T04:25:00+00:00,admitted,admitted,admitted,result,true,889635463800,231527524490300
510,training,2026-08-06T04:30:00+00:00,2026-08-06T04:50:00+00:00,transport_excluded,in_run_transport,transport_excluded,result,true,0,231527524490300
511,training,2026-08-06T04:55:00+00:00,2026-08-06T05:15:00+00:00,missed,host_slot_missed,captured_unsupported_terminal_class,recovery,true,0,231527524490300
512,training,2026-08-06T05:20:00+00:00,2026-08-06T05:40:00+00:00,admitted,admitted,admitted,result,true,889629290000,232417153780300
513,training,2026-08-06T05:45:00+00:00,2026-08-06T06:05:00+00:00,admitted,admitted,admitted,result,true,889660009400,233306813789700
514,tuning,2026-08-06T06:10:00+00:00,2026-08-06T06:30:00+00:00,admitted,admitted,admitted,result,true,877016069300,233306813789700
515,tuning,2026-08-06T06:35:00+00:00,2026-08-06T06:55:00+00:00,admitted,admitted,admitted,result,true,889562281600,233306813789700
516,tuning,2026-08-06T07:00:00+00:00,2026-08-06T07:20:00+00:00,admitted,admitted,admitted,result,true,889612813700,233306813789700
517,tuning,2026-08-06T07:25:00+00:00,2026-08-06T07:45:00+00:00,admitted,admitted,admitted,result,true,889694252200,233306813789700
518,tuning,2026-08-06T07:50:00+00:00,2026-08-06T08:10:00+00:00,admitted,admitted,admitted,result,true,889609430900,233306813789700
519,tuning,2026-08-06T08:15:00+00:00,2026-08-06T08:35:00+00:00,admitted,admitted,admitted,result,true,889592477300,233306813789700
520,tuning,2026-08-06T08:40:00+00:00,2026-08-06T09:00:00+00:00,admitted,admitted,admitted,result,true,889633128500,233306813789700
521,tuning,2026-08-06T09:05:00+00:00,2026-08-06T09:25:00+00:00,transport_excluded,in_run_transport,transport_excluded,result,true,0,233306813789700
522,tuning,2026-08-06T09:30:00+00:00,2026-08-06T09:50:00+00:00,admitted,admitted,admitted,result,true,889629957200,233306813789700
523,tuning,2026-08-06T09:55:00+00:00,2026-08-06T10:15:00+00:00,admitted,admitted,admitted,result,true,889562437600,233306813789700
524,tuning,2026-08-06T10:20:00+00:00,2026-08-06T10:40:00+00:00,admitted,admitted,admitted,result,true,889604104400,233306813789700
525,tuning,2026-08-06T10:45:00+00:00,2026-08-06T11:05:00+00:00,admitted,admitted,admitted,result,true,889613391300,233306813789700
526,tuning,2026-08-06T11:10:00+00:00,2026-08-06T11:30:00+00:00,missed,host_slot_missed,captured_unsupported_terminal_class,recovery,true,0,233306813789700
527,tuning,2026-08-06T11:35:00+00:00,2026-08-06T11:55:00+00:00,admitted,admitted,admitted,result,true,889671043900,233306813789700
528,tuning,2026-08-06T12:00:00+00:00,2026-08-06T12:20:00+00:00,admitted,admitted,admitted,result,true,889570629600,233306813789700
529,tuning,2026-08-06T12:25:00+00:00,2026-08-06T12:45:00+00:00,admitted,admitted,admitted,result,true,889597201800,233306813789700
530,tuning,2026-08-06T12:50:00+00:00,2026-08-06T13:10:00+00:00,admitted,admitted,admitted,result,true,889587924300,233306813789700
531,tuning,2026-08-06T13:15:00+00:00,2026-08-06T13:35:00+00:00,admitted,admitted,admitted,result,true,889636486000,233306813789700
532,tuning,2026-08-06T13:40:00+00:00,2026-08-06T14:00:00+00:00,admitted,admitted,admitted,result,true,889658558900,233306813789700
533,tuning,2026-08-06T14:05:00+00:00,2026-08-06T14:25:00+00:00,admitted,admitted,admitted,result,true,889615109400,233306813789700
534,tuning,2026-08-06T14:30:00+00:00,2026-08-06T14:50:00+00:00,missed,host_slot_missed,captured_unsupported_terminal_class,recovery,true,0,233306813789700
535,tuning,2026-08-06T14:55:00+00:00,2026-08-06T15:15:00+00:00,admitted,admitted,admitted,result,true,889659749100,233306813789700
536,tuning,2026-08-06T15:20:00+00:00,2026-08-06T15:40:00+00:00,admitted,admitted,admitted,result,true,889591204000,233306813789700
537,tuning,2026-08-06T15:45:00+00:00,2026-08-06T16:05:00+00:00,admitted,admitted,admitted,result,true,889574772400,233306813789700
538,tuning,2026-08-06T16:10:00+00:00,2026-08-06T16:30:00+00:00,admitted,admitted,admitted,result,true,488657021500,233306813789700
539,tuning,2026-08-06T16:35:00+00:00,2026-08-06T16:55:00+00:00,admitted,admitted,admitted,result,true,889585814100,233306813789700
540,tuning,2026-08-06T17:00:00+00:00,2026-08-06T17:20:00+00:00,admitted,admitted,admitted,result,true,889786617600,233306813789700
541,tuning,2026-08-06T17:25:00+00:00,2026-08-06T17:45:00+00:00,admitted,admitted,admitted,result,true,889675966200,233306813789700
542,tuning,2026-08-06T17:50:00+00:00,2026-08-06T18:10:00+00:00,admitted,admitted,admitted,result,true,889630388200,233306813789700
543,tuning,2026-08-06T18:15:00+00:00,2026-08-06T18:35:00+00:00,admitted,admitted,admitted,result,true,889616551000,233306813789700
544,tuning,2026-08-06T18:40:00+00:00,2026-08-06T19:00:00+00:00,admitted,admitted,admitted,result,true,889620113000,233306813789700
545,tuning,2026-08-06T19:05:00+00:00,2026-08-06T19:25:00+00:00,admitted,admitted,admitted,result,true,889610689700,233306813789700
546,tuning,2026-08-06T19:30:00+00:00,2026-08-06T19:50:00+00:00,admitted,admitted,admitted,result,true,889620017500,233306813789700
547,tuning,2026-08-06T19:55:00+00:00,2026-08-06T20:15:00+00:00,admitted,admitted,admitted,result,true,889566406800,233306813789700
548,tuning,2026-08-06T20:20:00+00:00,2026-08-06T20:40:00+00:00,admitted,admitted,admitted,result,true,889568654900,233306813789700
549,tuning,2026-08-06T20:45:00+00:00,2026-08-06T21:05:00+00:00,admitted,admitted,admitted,result,true,889627500600,233306813789700
550,tuning,2026-08-06T21:10:00+00:00,2026-08-06T21:30:00+00:00,admitted,admitted,admitted,result,true,889600199400,233306813789700
551,tuning,2026-08-06T21:35:00+00:00,2026-08-06T21:55:00+00:00,admitted,admitted,admitted,result,true,889597644800,233306813789700
552,tuning,2026-08-06T22:00:00+00:00,2026-08-06T22:20:00+00:00,admitted,admitted,admitted,result,true,889617749100,233306813789700
553,tuning,2026-08-06T22:25:00+00:00,2026-08-06T22:45:00+00:00,admitted,admitted,admitted,result,true,889555485900,233306813789700
554,tuning,2026-08-06T22:50:00+00:00,2026-08-06T23:10:00+00:00,admitted,admitted,admitted,result,true,889808169600,233306813789700
555,tuning,2026-08-06T23:15:00+00:00,2026-08-06T23:35:00+00:00,missed,host_slot_missed,captured_unsupported_terminal_class,recovery,true,0,233306813789700
556,tuning,2026-08-06T23:40:00+00:00,2026-08-07T00:00:00+00:00,admitted,admitted,admitted,result,true,889640542100,233306813789700
557,tuning,2026-08-07T00:05:00+00:00,2026-08-07T00:25:00+00:00,admitted,admitted,admitted,result,true,889580504800,233306813789700
558,tuning,2026-08-07T00:30:00+00:00,2026-08-07T00:50:00+00:00,admitted,admitted,admitted,result,true,889656778100,233306813789700
559,tuning,2026-08-07T00:55:00+00:00,2026-08-07T01:15:00+00:00,admitted,admitted,admitted,result,true,889678749400,233306813789700
560,tuning,2026-08-07T01:20:00+00:00,2026-08-07T01:40:00+00:00,admitted,admitted,admitted,result,true,889642477900,233306813789700
561,tuning,2026-08-07T01:45:00+00:00,2026-08-07T02:05:00+00:00,admitted,admitted,admitted,result,true,889617334000,233306813789700
562,tuning,2026-08-07T02:10:00+00:00,2026-08-07T02:30:00+00:00,admitted,admitted,admitted,result,true,889543434200,233306813789700
563,tuning,2026-08-07T02:35:00+00:00,2026-08-07T02:55:00+00:00,admitted,admitted,admitted,result,true,889585186500,233306813789700
564,tuning,2026-08-07T03:00:00+00:00,2026-08-07T03:20:00+00:00,admitted,admitted,admitted,result,true,889600575700,233306813789700
565,tuning,2026-08-07T03:25:00+00:00,2026-08-07T03:45:00+00:00,admitted,admitted,admitted,result,true,889623617300,233306813789700
566,tuning,2026-08-07T03:50:00+00:00,2026-08-07T04:10:00+00:00,admitted,admitted,admitted,result,true,889616812100,233306813789700
567,tuning,2026-08-07T04:15:00+00:00,2026-08-07T04:35:00+00:00,admitted,admitted,admitted,result,true,889637609100,233306813789700
568,tuning,2026-08-07T04:40:00+00:00,2026-08-07T05:00:00+00:00,admitted,admitted,admitted,result,true,889599474100,233306813789700
569,tuning,2026-08-07T05:05:00+00:00,2026-08-07T05:25:00+00:00,transport_excluded,startup_transport,transport_excluded,result,true,0,233306813789700
570,tuning,2026-08-07T05:30:00+00:00,2026-08-07T05:50:00+00:00,admitted,admitted,admitted,result,true,889784750600,233306813789700
571,tuning,2026-08-07T05:55:00+00:00,2026-08-07T06:15:00+00:00,admitted,admitted,admitted,result,true,889679093900,233306813789700
572,tuning,2026-08-07T06:20:00+00:00,2026-08-07T06:40:00+00:00,admitted,admitted,admitted,result,true,889557192000,233306813789700
573,tuning,2026-08-07T06:45:00+00:00,2026-08-07T07:05:00+00:00,admitted,admitted,admitted,result,true,889632875500,233306813789700
574,tuning,2026-08-07T07:10:00+00:00,2026-08-07T07:30:00+00:00,admitted,admitted,admitted,result,true,889545413500,233306813789700
575,tuning,2026-08-07T07:35:00+00:00,2026-08-07T07:55:00+00:00,admitted,admitted,admitted,result,true,889611558600,233306813789700
576,tuning,2026-08-07T08:00:00+00:00,2026-08-07T08:20:00+00:00,admitted,admitted,admitted,result,true,889528005900,233306813789700
577,tuning,2026-08-07T08:25:00+00:00,2026-08-07T08:45:00+00:00,admitted,admitted,admitted,result,true,889583288200,233306813789700
578,tuning,2026-08-07T08:50:00+00:00,2026-08-07T09:10:00+00:00,admitted,admitted,admitted,result,true,889623643300,233306813789700
579,tuning,2026-08-07T09:15:00+00:00,2026-08-07T09:35:00+00:00,admitted,admitted,admitted,result,true,889634688400,233306813789700
580,tuning,2026-08-07T09:40:00+00:00,2026-08-07T10:00:00+00:00,admitted,admitted,admitted,result,true,889704405800,233306813789700
581,tuning,2026-08-07T10:05:00+00:00,2026-08-07T10:25:00+00:00,admitted,admitted,admitted,result,true,889540631100,233306813789700
582,tuning,2026-08-07T10:30:00+00:00,2026-08-07T10:50:00+00:00,admitted,admitted,admitted,result,true,889534280700,233306813789700
583,tuning,2026-08-07T10:55:00+00:00,2026-08-07T11:15:00+00:00,admitted,admitted,admitted,result,true,889851616400,233306813789700
584,tuning,2026-08-07T11:20:00+00:00,2026-08-07T11:40:00+00:00,admitted,admitted,admitted,result,true,889652076200,233306813789700
585,tuning,2026-08-07T11:45:00+00:00,2026-08-07T12:05:00+00:00,admitted,admitted,admitted,result,true,889632974700,233306813789700
586,tuning,2026-08-07T12:10:00+00:00,2026-08-07T12:30:00+00:00,missed,host_slot_missed,captured_unsupported_terminal_class,recovery,true,0,233306813789700
587,tuning,2026-08-07T12:35:00+00:00,2026-08-07T12:55:00+00:00,transport_excluded,startup_transport,transport_excluded,result,true,0,233306813789700
588,tuning,2026-08-07T13:00:00+00:00,2026-08-07T13:20:00+00:00,admitted,admitted,admitted,result,true,889692082400,233306813789700
589,tuning,2026-08-07T13:25:00+00:00,2026-08-07T13:45:00+00:00,admitted,admitted,admitted,result,true,889656850700,233306813789700
590,tuning,2026-08-07T13:50:00+00:00,2026-08-07T14:10:00+00:00,admitted,admitted,admitted,result,true,889629266500,233306813789700
591,tuning,2026-08-07T14:15:00+00:00,2026-08-07T14:35:00+00:00,missed,host_slot_missed,captured_fresh_audit_failed,recovery,true,0,233306813789700
592,tuning,2026-08-07T14:40:00+00:00,2026-08-07T15:00:00+00:00,admitted,admitted,admitted,result,true,889580662100,233306813789700
593,tuning,2026-08-07T15:05:00+00:00,2026-08-07T15:25:00+00:00,admitted,admitted,admitted,result,true,889645480900,233306813789700
594,tuning,2026-08-07T15:30:00+00:00,2026-08-07T15:50:00+00:00,admitted,admitted,admitted,result,true,889588471300,233306813789700
595,tuning,2026-08-07T15:55:00+00:00,2026-08-07T16:15:00+00:00,admitted,admitted,admitted,result,true,889646568400,233306813789700
596,tuning,2026-08-07T16:20:00+00:00,2026-08-07T16:40:00+00:00,admitted,admitted,admitted,result,true,889607958800,233306813789700
597,tuning,2026-08-07T16:45:00+00:00,2026-08-07T17:05:00+00:00,admitted,admitted,admitted,result,true,889594802600,233306813789700
598,tuning,2026-08-07T17:10:00+00:00,2026-08-07T17:30:00+00:00,admitted,admitted,admitted,result,true,889715744800,233306813789700
599,tuning,2026-08-07T17:35:00+00:00,2026-08-07T17:55:00+00:00,admitted,admitted,admitted,result,true,889558218700,233306813789700
600,tuning,2026-08-07T18:00:00+00:00,2026-08-07T18:20:00+00:00,admitted,admitted,admitted,result,true,889611519700,233306813789700
601,tuning,2026-08-07T18:25:00+00:00,2026-08-07T18:45:00+00:00,admitted,admitted,admitted,result,true,889716923500,233306813789700
602,tuning,2026-08-07T18:50:00+00:00,2026-08-07T19:10:00+00:00,admitted,admitted,admitted,result,true,889724059200,233306813789700
603,tuning,2026-08-07T19:15:00+00:00,2026-08-07T19:35:00+00:00,admitted,admitted,admitted,result,true,889642905100,233306813789700
604,tuning,2026-08-07T19:40:00+00:00,2026-08-07T20:00:00+00:00,admitted,admitted,admitted,result,true,889626712200,233306813789700
605,tuning,2026-08-07T20:05:00+00:00,2026-08-07T20:25:00+00:00,admitted,admitted,admitted,result,true,889624205100,233306813789700
606,tuning,2026-08-07T20:30:00+00:00,2026-08-07T20:50:00+00:00,admitted,admitted,admitted,result,true,889632286800,233306813789700
607,tuning,2026-08-07T20:55:00+00:00,2026-08-07T21:15:00+00:00,transport_excluded,in_run_transport,transport_excluded,result,true,0,233306813789700
608,tuning,2026-08-07T21:20:00+00:00,2026-08-07T21:40:00+00:00,admitted,admitted,admitted,result,true,889567348100,233306813789700
609,tuning,2026-08-07T21:45:00+00:00,2026-08-07T22:05:00+00:00,admitted,admitted,admitted,result,true,889671430600,233306813789700
610,tuning,2026-08-07T22:10:00+00:00,2026-08-07T22:30:00+00:00,admitted,admitted,admitted,result,true,889580240900,233306813789700
611,tuning,2026-08-07T22:35:00+00:00,2026-08-07T22:55:00+00:00,admitted,admitted,admitted,result,true,889638707500,233306813789700
612,tuning,2026-08-07T23:00:00+00:00,2026-08-07T23:20:00+00:00,admitted,admitted,admitted,result,true,889917614800,233306813789700
613,tuning,2026-08-07T23:25:00+00:00,2026-08-07T23:45:00+00:00,admitted,admitted,admitted,result,true,889618789600,233306813789700
614,tuning,2026-08-07T23:50:00+00:00,2026-08-08T00:10:00+00:00,admitted,admitted,admitted,result,true,889642119800,233306813789700
615,tuning,2026-08-08T00:15:00+00:00,2026-08-08T00:35:00+00:00,admitted,admitted,admitted,result,true,889563830300,233306813789700
616,tuning,2026-08-08T00:40:00+00:00,2026-08-08T01:00:00+00:00,admitted,admitted,admitted,result,true,889620018400,233306813789700
617,test,2026-08-08T01:05:00+00:00,2026-08-08T01:25:00+00:00,admitted,admitted,admitted,result,true,880359093800,233306813789700
618,test,2026-08-08T01:30:00+00:00,2026-08-08T01:50:00+00:00,admitted,admitted,admitted,result,true,889652549900,233306813789700
619,test,2026-08-08T01:55:00+00:00,2026-08-08T02:15:00+00:00,admitted,admitted,admitted,result,true,889635819400,233306813789700
620,test,2026-08-08T02:20:00+00:00,2026-08-08T02:40:00+00:00,admitted,admitted,admitted,result,true,889559747700,233306813789700
621,test,2026-08-08T02:45:00+00:00,2026-08-08T03:05:00+00:00,admitted,admitted,admitted,result,true,889579799000,233306813789700
622,test,2026-08-08T03:10:00+00:00,2026-08-08T03:30:00+00:00,admitted,admitted,admitted,result,true,889586752100,233306813789700
623,test,2026-08-08T03:35:00+00:00,2026-08-08T03:55:00+00:00,admitted,admitted,admitted,result,true,889646961500,233306813789700
624,test,2026-08-08T04:00:00+00:00,2026-08-08T04:20:00+00:00,admitted,admitted,admitted,result,true,889531043600,233306813789700
625,test,2026-08-08T04:25:00+00:00,2026-08-08T04:45:00+00:00,transport_excluded,in_run_transport,transport_excluded,result,true,0,233306813789700
626,test,2026-08-08T04:50:00+00:00,2026-08-08T05:10:00+00:00,admitted,admitted,admitted,result,true,889739670100,233306813789700
627,test,2026-08-08T05:15:00+00:00,2026-08-08T05:35:00+00:00,admitted,admitted,admitted,result,true,889699867700,233306813789700
628,test,2026-08-08T05:40:00+00:00,2026-08-08T06:00:00+00:00,transport_excluded,in_run_transport,transport_excluded,result,true,0,233306813789700
629,test,2026-08-08T06:05:00+00:00,2026-08-08T06:25:00+00:00,admitted,admitted,admitted,result,true,889606845600,233306813789700
630,test,2026-08-08T06:30:00+00:00,2026-08-08T06:50:00+00:00,admitted,admitted,admitted,result,true,889582245700,233306813789700
631,test,2026-08-08T06:55:00+00:00,2026-08-08T07:15:00+00:00,admitted,admitted,admitted,result,true,889683055400,233306813789700
632,test,2026-08-08T07:20:00+00:00,2026-08-08T07:40:00+00:00,admitted,admitted,admitted,result,true,889580048100,233306813789700
633,test,2026-08-08T07:45:00+00:00,2026-08-08T08:05:00+00:00,admitted,admitted,admitted,result,true,889698285300,233306813789700
634,test,2026-08-08T08:10:00+00:00,2026-08-08T08:30:00+00:00,admitted,admitted,admitted,result,true,889618644800,233306813789700
635,test,2026-08-08T08:35:00+00:00,2026-08-08T08:55:00+00:00,admitted,admitted,admitted,result,true,889555462100,233306813789700
636,test,2026-08-08T09:00:00+00:00,2026-08-08T09:20:00+00:00,admitted,admitted,admitted,result,true,889629252200,233306813789700
637,test,2026-08-08T09:25:00+00:00,2026-08-08T09:45:00+00:00,admitted,admitted,admitted,result,true,889647940900,233306813789700
638,test,2026-08-08T09:50:00+00:00,2026-08-08T10:10:00+00:00,admitted,admitted,admitted,result,true,889602791500,233306813789700
639,test,2026-08-08T10:15:00+00:00,2026-08-08T10:35:00+00:00,admitted,admitted,admitted,result,true,889601525900,233306813789700
640,test,2026-08-08T10:40:00+00:00,2026-08-08T11:00:00+00:00,admitted,admitted,admitted,result,true,889598483800,233306813789700
641,test,2026-08-08T11:05:00+00:00,2026-08-08T11:25:00+00:00,admitted,admitted,admitted,result,true,889641797900,233306813789700
642,test,2026-08-08T11:30:00+00:00,2026-08-08T11:50:00+00:00,admitted,admitted,admitted,result,true,889630000800,233306813789700
643,test,2026-08-08T11:55:00+00:00,2026-08-08T12:15:00+00:00,admitted,admitted,admitted,result,true,556497615500,233306813789700
644,test,2026-08-08T12:20:00+00:00,2026-08-08T12:40:00+00:00,admitted,admitted,admitted,result,true,889669182500,233306813789700
645,test,2026-08-08T12:45:00+00:00,2026-08-08T13:05:00+00:00,admitted,admitted,admitted,result,true,889582738100,233306813789700
646,test,2026-08-08T13:10:00+00:00,2026-08-08T13:30:00+00:00,admitted,admitted,admitted,result,true,889630032800,233306813789700
647,test,2026-08-08T13:35:00+00:00,2026-08-08T13:55:00+00:00,admitted,admitted,admitted,result,true,889596548400,233306813789700
648,test,2026-08-08T14:00:00+00:00,2026-08-08T14:20:00+00:00,admitted,admitted,admitted,result,true,889615941900,233306813789700
649,test,2026-08-08T14:25:00+00:00,2026-08-08T14:45:00+00:00,admitted,admitted,admitted,result,true,889635252000,233306813789700
650,test,2026-08-08T14:50:00+00:00,2026-08-08T15:10:00+00:00,admitted,admitted,admitted,result,true,889697502900,233306813789700
651,test,2026-08-08T15:15:00+00:00,2026-08-08T15:35:00+00:00,admitted,admitted,admitted,result,true,889584599000,233306813789700
652,test,2026-08-08T15:40:00+00:00,2026-08-08T16:00:00+00:00,admitted,admitted,admitted,result,true,889648853700,233306813789700
653,test,2026-08-08T16:05:00+00:00,2026-08-08T16:25:00+00:00,admitted,admitted,admitted,result,true,889611072800,233306813789700
654,test,2026-08-08T16:30:00+00:00,2026-08-08T16:50:00+00:00,admitted,admitted,admitted,result,true,889593323100,233306813789700
655,test,2026-08-08T16:55:00+00:00,2026-08-08T17:15:00+00:00,admitted,admitted,admitted,result,true,889815031400,233306813789700
656,test,2026-08-08T17:20:00+00:00,2026-08-08T17:40:00+00:00,admitted,admitted,admitted,result,true,889650925800,233306813789700
657,test,2026-08-08T17:45:00+00:00,2026-08-08T18:05:00+00:00,admitted,admitted,admitted,result,true,889655271400,233306813789700
658,test,2026-08-08T18:10:00+00:00,2026-08-08T18:30:00+00:00,admitted,admitted,admitted,result,true,889636007300,233306813789700
659,test,2026-08-08T18:35:00+00:00,2026-08-08T18:55:00+00:00,admitted,admitted,admitted,result,true,889606318200,233306813789700
660,test,2026-08-08T19:00:00+00:00,2026-08-08T19:20:00+00:00,admitted,admitted,admitted,result,true,889677126500,233306813789700
661,test,2026-08-08T19:25:00+00:00,2026-08-08T19:45:00+00:00,admitted,admitted,admitted,result,true,889688591600,233306813789700
662,test,2026-08-08T19:50:00+00:00,2026-08-08T20:10:00+00:00,admitted,admitted,admitted,result,true,889636639600,233306813789700
663,test,2026-08-08T20:15:00+00:00,2026-08-08T20:35:00+00:00,admitted,admitted,admitted,result,true,889607586900,233306813789700
664,test,2026-08-08T20:40:00+00:00,2026-08-08T21:00:00+00:00,admitted,admitted,admitted,result,true,889575459300,233306813789700
665,test,2026-08-08T21:05:00+00:00,2026-08-08T21:25:00+00:00,admitted,admitted,admitted,result,true,889586767200,233306813789700
666,test,2026-08-08T21:30:00+00:00,2026-08-08T21:50:00+00:00,admitted,admitted,admitted,result,true,889674483600,233306813789700
667,test,2026-08-08T21:55:00+00:00,2026-08-08T22:15:00+00:00,admitted,admitted,admitted,result,true,889579682600,233306813789700
668,test,2026-08-08T22:20:00+00:00,2026-08-08T22:40:00+00:00,admitted,admitted,admitted,result,true,889599931700,233306813789700
669,test,2026-08-08T22:45:00+00:00,2026-08-08T23:05:00+00:00,admitted,admitted,admitted,result,true,889566805200,233306813789700
670,test,2026-08-08T23:10:00+00:00,2026-08-08T23:30:00+00:00,admitted,admitted,admitted,result,true,889615763800,233306813789700
671,test,2026-08-08T23:35:00+00:00,2026-08-08T23:55:00+00:00,admitted,admitted,admitted,result,true,889616724200,233306813789700
672,test,2026-08-09T00:00:00+00:00,2026-08-09T00:20:00+00:00,admitted,admitted,admitted,result,true,889610139400,233306813789700
673,test,2026-08-09T00:25:00+00:00,2026-08-09T00:45:00+00:00,admitted,admitted,admitted,result,true,889621898000,233306813789700
674,test,2026-08-09T00:50:00+00:00,2026-08-09T01:10:00+00:00,admitted,admitted,admitted,result,true,889737435700,233306813789700
675,test,2026-08-09T01:15:00+00:00,2026-08-09T01:35:00+00:00,admitted,admitted,admitted,result,true,889673794400,233306813789700
676,test,2026-08-09T01:40:00+00:00,2026-08-09T02:00:00+00:00,admitted,admitted,admitted,result,true,889577820100,233306813789700
677,test,2026-08-09T02:05:00+00:00,2026-08-09T02:25:00+00:00,admitted,admitted,admitted,result,true,889642582500,233306813789700
678,test,2026-08-09T02:30:00+00:00,2026-08-09T02:50:00+00:00,admitted,admitted,admitted,result,true,889575061100,233306813789700
679,test,2026-08-09T02:55:00+00:00,2026-08-09T03:15:00+00:00,admitted,admitted,admitted,result,true,821195704600,233306813789700
680,test,2026-08-09T03:20:00+00:00,2026-08-09T03:40:00+00:00,admitted,admitted,admitted,result,true,889615904200,233306813789700
681,test,2026-08-09T03:45:00+00:00,2026-08-09T04:05:00+00:00,admitted,admitted,admitted,result,true,889541904000,233306813789700
682,test,2026-08-09T04:10:00+00:00,2026-08-09T04:30:00+00:00,transport_excluded,in_run_transport,transport_excluded,result,true,0,233306813789700
683,test,2026-08-09T04:35:00+00:00,2026-08-09T04:55:00+00:00,admitted,admitted,admitted,result,true,889554614700,233306813789700
684,test,2026-08-09T05:00:00+00:00,2026-08-09T05:20:00+00:00,admitted,admitted,admitted,result,true,889570510000,233306813789700
685,test,2026-08-09T05:25:00+00:00,2026-08-09T05:45:00+00:00,admitted,admitted,admitted,result,true,889617348800,233306813789700
686,test,2026-08-09T05:50:00+00:00,2026-08-09T06:10:00+00:00,admitted,admitted,admitted,result,true,889625502600,233306813789700
687,test,2026-08-09T06:15:00+00:00,2026-08-09T06:35:00+00:00,admitted,admitted,admitted,result,true,889514125000,233306813789700
688,test,2026-08-09T06:40:00+00:00,2026-08-09T07:00:00+00:00,admitted,admitted,admitted,result,true,889639653500,233306813789700
689,test,2026-08-09T07:05:00+00:00,2026-08-09T07:25:00+00:00,admitted,admitted,admitted,result,true,889655173700,233306813789700
690,test,2026-08-09T07:30:00+00:00,2026-08-09T07:50:00+00:00,admitted,admitted,admitted,result,true,889586560700,233306813789700
691,test,2026-08-09T07:55:00+00:00,2026-08-09T08:15:00+00:00,admitted,admitted,admitted,result,true,889593737800,233306813789700
692,test,2026-08-09T08:20:00+00:00,2026-08-09T08:40:00+00:00,admitted,admitted,admitted,result,true,889595452800,233306813789700
693,test,2026-08-09T08:45:00+00:00,2026-08-09T09:05:00+00:00,admitted,admitted,admitted,result,true,889661111000,233306813789700
694,test,2026-08-09T09:10:00+00:00,2026-08-09T09:30:00+00:00,admitted,admitted,admitted,result,true,889653693700,233306813789700
695,test,2026-08-09T09:35:00+00:00,2026-08-09T09:55:00+00:00,admitted,admitted,admitted,result,true,889598119100,233306813789700
696,test,2026-08-09T10:00:00+00:00,2026-08-09T10:20:00+00:00,admitted,admitted,admitted,result,true,889614879900,233306813789700
697,test,2026-08-09T10:25:00+00:00,2026-08-09T10:45:00+00:00,admitted,admitted,admitted,result,true,889550866900,233306813789700
698,test,2026-08-09T10:50:00+00:00,2026-08-09T11:10:00+00:00,admitted,admitted,admitted,result,true,889795780700,233306813789700
699,test,2026-08-09T11:15:00+00:00,2026-08-09T11:35:00+00:00,transport_excluded,in_run_transport,transport_excluded,result,true,0,233306813789700
700,test,2026-08-09T11:40:00+00:00,2026-08-09T12:00:00+00:00,admitted,admitted,admitted,result,true,889630965800,233306813789700
701,test,2026-08-09T12:05:00+00:00,2026-08-09T12:25:00+00:00,admitted,admitted,admitted,result,true,889650562600,233306813789700
702,test,2026-08-09T12:30:00+00:00,2026-08-09T12:50:00+00:00,admitted,admitted,admitted,result,true,889595167300,233306813789700
703,test,2026-08-09T12:55:00+00:00,2026-08-09T13:15:00+00:00,admitted,admitted,admitted,result,true,889675107400,233306813789700
704,test,2026-08-09T13:20:00+00:00,2026-08-09T13:40:00+00:00,admitted,admitted,admitted,result,true,889609802900,233306813789700
705,test,2026-08-09T13:45:00+00:00,2026-08-09T14:05:00+00:00,admitted,admitted,admitted,result,true,889578112300,233306813789700
706,test,2026-08-09T14:10:00+00:00,2026-08-09T14:30:00+00:00,admitted,admitted,admitted,result,true,889565318500,233306813789700
707,test,2026-08-09T14:35:00+00:00,2026-08-09T14:55:00+00:00,admitted,admitted,admitted,result,true,889586644100,233306813789700
708,test,2026-08-09T15:00:00+00:00,2026-08-09T15:20:00+00:00,admitted,admitted,admitted,result,true,889609238800,233306813789700
709,test,2026-08-09T15:25:00+00:00,2026-08-09T15:45:00+00:00,admitted,admitted,admitted,result,true,889704496900,233306813789700
710,test,2026-08-09T15:50:00+00:00,2026-08-09T16:10:00+00:00,admitted,admitted,admitted,result,true,889644884100,233306813789700
711,test,2026-08-09T16:15:00+00:00,2026-08-09T16:35:00+00:00,admitted,admitted,admitted,result,true,889586430900,233306813789700
712,test,2026-08-09T16:40:00+00:00,2026-08-09T17:00:00+00:00,admitted,admitted,admitted,result,true,889593996000,233306813789700
713,test,2026-08-09T17:05:00+00:00,2026-08-09T17:25:00+00:00,admitted,admitted,admitted,result,true,889719493900,233306813789700
714,test,2026-08-09T17:30:00+00:00,2026-08-09T17:50:00+00:00,admitted,admitted,admitted,result,true,889639995800,233306813789700
715,test,2026-08-09T17:55:00+00:00,2026-08-09T18:15:00+00:00,admitted,admitted,admitted,result,true,889610584400,233306813789700
716,test,2026-08-09T18:20:00+00:00,2026-08-09T18:40:00+00:00,admitted,admitted,admitted,result,true,889664968200,233306813789700
717,test,2026-08-09T18:45:00+00:00,2026-08-09T19:05:00+00:00,admitted,admitted,admitted,result,true,889622503600,233306813789700
718,test,2026-08-09T19:10:00+00:00,2026-08-09T19:30:00+00:00,admitted,admitted,admitted,result,true,889655121600,233306813789700
719,test,2026-08-09T19:35:00+00:00,2026-08-09T19:55:00+00:00,admitted,admitted,admitted,result,true,889571259000,233306813789700
